session_id,customer_id,station_id,session_start,duration_minutes,energy_kwh,wait_time_minutes,amount_paid
1,720,4,2024-12-04 07:15:00,40,47.33,2,809.53
2,135,20,2024-02-28 10:10:00,12,13.01,1,164.04
3,1769,28,2024-10-17 16:57:00,63,52.92,15,734.52
4,649,25,2024-10-19 12:20:00,83,57.1,15,513.93
5,1383,14,2024-06-21 15:32:00,113,145.59,10,1407.31
6,614,24,2025-05-11 13:12:00,73,85.55,2,1403.35
7,1098,14,2024-05-27 08:03:00,48,71.84,12,1152.75
8,1280,48,2025-05-05 02:45:00,118,132.2,10,1418.99
9,1161,34,2024-08-31 13:13:00,54,71.07,9,927.21
10,615,28,2024-12-05 17:20:00,35,34.05,8,485.2
11,929,43,2025-01-25 17:11:00,12,13.98,5,192.48
12,437,43,2025-05-07 23:29:00,44,63.51,13,1101.67
13,1489,41,2024-01-31 16:12:00,56,56.91,7,540.91
14,1404,49,2024-06-02 13:26:00,50,68.71,2,985.25
15,1733,27,2024-05-16 09:41:00,30,24.92,7,300.5
16,233,10,2024-04-08 00:15:00,112,150.58,14,1935.53
17,894,28,2024-11-27 01:12:00,30,25.36,0,268.41
18,1646,18,2024-12-03 17:11:00,92,125.79,15,1990.29
19,114,6,2024-06-09 19:19:00,120,78.87,36,1338.25
20,1376,43,2025-03-29 02:25:00,117,146.46,4,1517.39
21,1170,48,2024-09-13 03:33:00,95,127.88,8,1657.9
22,185,16,2024-11-03 03:49:00,113,99.67,12,1600.54
23,1524,16,2025-04-23 13:13:00,28,19.49,6,344.96
24,901,27,2024-05-10 18:03:00,72,77.77,17,868.29
25,868,31,2024-12-15 07:17:00,110,158.76,11,2024.54
26,754,20,2024-01-11 20:57:00,87,54.93,13,818.83
27,1616,43,2024-05-02 08:35:00,59,51.82,11,882.58
28,1404,8,2024-09-30 07:54:00,66,62.68,12,1082.8
29,1880,17,2024-06-03 02:59:00,115,147.32,9,1488.5
30,1824,11,2025-04-13 14:40:00,50,69.58,13,1105.85
31,562,6,2025-02-25 15:30:00,104,101.05,10,1533.32
32,1796,7,2025-02-26 05:44:00,43,45.4,11,554.28
33,1494,36,2025-01-12 10:29:00,98,61.21,1,882.26
34,377,41,2024-08-15 20:08:00,10,9.61,29,107.03
35,169,8,2024-03-21 07:33:00,101,148.74,4,2449.69
36,1405,27,2025-02-09 10:28:00,71,98.42,4,1043.92
37,1408,38,2025-02-27 10:51:00,46,35.82,13,418.23
38,806,25,2025-04-28 18:14:00,12,17.44,45,252.38
39,1284,15,2025-04-09 02:29:00,35,29.25,5,248.56
40,1266,28,2024-11-03 08:09:00,21,30.71,5,536.58
41,241,1,2025-01-02 16:27:00,108,154.22,14,2509.56
42,1013,8,2024-04-24 22:13:00,34,49.35,8,536.91
43,1013,25,2024-03-07 13:54:00,36,41.04,9,626.56
44,388,27,2024-04-02 13:50:00,28,17.53,8,181.52
45,924,16,2024-07-08 18:43:00,92,93.14,10,1181.84
46,1785,21,2025-05-13 22:25:00,97,76.73,12,1157.44
47,1508,39,2024-05-11 02:06:00,81,52.88,10,915.39
48,965,23,2024-11-06 21:51:00,86,106.52,1,857.87
49,1034,40,2024-07-14 09:25:00,95,88.71,1,1224.63
50,534,11,2024-09-14 15:59:00,53,73.68,4,655.49
51,1455,34,2024-08-09 04:16:00,24,21.17,4,275.04
52,1994,18,2025-01-17 11:59:00,65,55.55,8,784.88
53,1560,17,2024-09-21 10:27:00,31,27.4,15,428.45
54,310,36,2025-03-12 21:40:00,112,111.55,6,1058.19
55,471,12,2024-01-19 15:16:00,30,37.06,13,339.48
56,1834,32,2024-01-21 14:22:00,100,110.48,14,1428.49
57,1733,47,2025-03-19 04:07:00,54,36.95,9,362.35
58,345,48,2024-09-17 08:36:00,94,105.95,0,1404.91
59,1169,12,2024-08-01 02:15:00,108,113.22,3,1910.44
60,54,19,2024-12-14 21:07:00,60,56.17,3,919.49
61,315,2,2024-02-11 14:53:00,100,119.36,14,1704.89
62,552,39,2024-12-02 00:21:00,15,17.86,14,200.91
63,1499,47,2025-04-09 18:08:00,37,50.95,28,572.26
64,114,48,2024-02-06 17:38:00,58,39.63,8,387.59
65,1977,50,2025-03-19 12:05:00,12,16.41,5,195.03
66,825,19,2024-11-27 20:09:00,25,21.72,37,333.6
67,1888,20,2025-04-07 21:38:00,26,24.0,3,391.69
68,1050,13,2024-09-07 14:56:00,59,60.7,13,540.36
69,866,24,2024-11-10 05:27:00,90,88.51,1,1162.44
70,1994,30,2024-12-12 07:41:00,97,120.5,15,1599.37
71,1326,34,2024-02-12 09:29:00,65,43.63,15,480.1
72,262,44,2025-04-07 09:53:00,41,43.9,9,600.79
73,1129,5,2025-04-14 01:32:00,23,24.37,13,217.99
74,1354,47,2024-10-18 08:22:00,42,47.33,0,432.57
75,1355,30,2024-04-01 05:53:00,60,38.44,13,644.54
76,610,21,2024-10-27 23:29:00,106,127.54,8,1455.66
77,1881,12,2024-04-18 05:05:00,105,155.82,8,2604.71
78,218,28,2024-09-30 00:00:00,60,42.3,5,615.8
79,943,45,2024-07-26 21:47:00,87,109.04,9,1546.73
80,1995,40,2024-07-03 22:43:00,98,118.34,9,1050.43
81,277,1,2024-04-07 03:52:00,12,14.72,6,244.21
82,429,31,2024-11-28 04:41:00,40,39.69,6,351.69
83,1577,30,2024-03-16 15:27:00,12,8.46,4,130.18
84,912,32,2024-08-29 00:55:00,67,75.49,6,826.49
85,1699,26,2024-01-27 10:00:00,23,26.85,13,477.79
86,1738,32,2025-01-12 18:38:00,103,113.18,28,947.34
87,819,32,2024-09-19 18:46:00,88,126.87,41,1309.18
88,125,34,2024-01-10 13:36:00,50,54.9,8,929.39
89,855,31,2024-02-29 15:39:00,92,83.91,13,688.74
90,590,47,2024-04-08 15:22:00,66,53.39,7,740.87
91,1403,22,2025-04-16 19:54:00,117,145.51,39,1354.93
92,601,47,2024-12-30 12:26:00,116,167.86,11,2679.0
93,1638,11,2024-11-14 06:18:00,98,124.88,15,1160.26
94,409,11,2024-11-06 15:06:00,111,108.16,15,1193.71
95,429,36,2024-01-25 00:22:00,43,39.62,5,386.18
96,1761,33,2024-01-17 02:21:00,65,45.67,7,420.48
97,459,32,2024-05-12 10:50:00,55,71.08,8,1205.74
98,1748,45,2025-03-23 16:38:00,95,65.9,1,1137.85
99,897,30,2025-05-07 03:06:00,110,126.45,3,2053.06
100,86,33,2024-02-23 05:40:00,25,34.59,11,331.04
101,599,46,2024-08-14 16:31:00,103,142.49,4,2061.96
102,686,9,2024-03-03 06:28:00,63,81.41,0,850.99
103,1658,31,2024-06-23 09:32:00,31,20.98,11,317.89
104,850,24,2024-11-18 21:15:00,29,37.06,13,588.22
105,283,28,2024-07-30 13:57:00,68,99.05,11,1727.17
106,907,10,2025-01-29 00:45:00,113,120.41,2,1065.36
107,645,26,2025-01-30 05:27:00,17,16.22,1,236.84
108,1314,10,2025-04-07 18:03:00,90,133.38,43,2364.38
109,859,26,2025-03-29 21:44:00,80,110.9,10,1895.54
110,17,18,2025-04-05 16:39:00,28,34.45,14,497.42
111,1818,35,2024-11-15 19:41:00,66,81.03,35,1276.55
112,1805,20,2024-02-13 01:34:00,52,49.45,4,652.97
113,1108,19,2024-04-19 02:32:00,80,70.48,10,1097.41
114,328,2,2024-01-15 17:37:00,43,35.14,9,536.42
115,1035,8,2025-01-09 01:53:00,57,47.53,11,439.09
116,1550,42,2025-04-26 03:28:00,48,53.53,0,670.81
117,484,48,2024-10-24 18:45:00,90,107.91,24,1241.33
118,583,43,2025-02-05 22:36:00,96,69.69,12,919.68
119,508,7,2024-06-16 16:37:00,34,45.58,11,571.71
120,301,46,2024-08-05 13:05:00,21,13.78,4,175.87
121,914,5,2024-07-08 21:33:00,61,68.89,12,1151.85
122,1197,32,2024-11-21 13:28:00,98,140.92,15,2158.5
123,854,11,2024-03-14 16:08:00,72,89.28,4,1578.5
124,1052,34,2024-03-01 22:13:00,68,69.77,5,1216.84
125,757,8,2024-11-04 13:07:00,25,23.32,9,195.95
126,314,8,2024-07-09 09:23:00,48,41.5,0,660.35
127,292,38,2024-08-03 01:59:00,49,68.61,6,674.49
128,1515,32,2024-01-02 03:35:00,54,35.68,1,434.43
129,1174,20,2024-10-16 14:57:00,53,69.07,15,1128.92
130,1708,39,2024-03-08 04:32:00,91,92.35,14,1354.98
131,306,47,2024-06-15 02:51:00,89,106.63,13,1265.95
132,1844,26,2024-06-22 17:02:00,95,133.1,8,1924.51
133,1774,11,2024-12-28 00:36:00,90,118.49,9,1612.7
134,254,42,2024-10-13 02:12:00,89,96.8,1,1701.06
135,1069,13,2025-01-19 15:32:00,12,8.5,5,149.8
136,564,14,2024-05-05 22:53:00,84,83.98,10,1009.27
137,93,32,2025-03-17 00:21:00,65,49.56,0,822.52
138,650,25,2024-05-11 02:07:00,22,23.93,9,225.91
139,524,50,2024-02-15 04:19:00,62,75.07,1,1061.85
140,667,12,2024-01-14 22:03:00,48,45.65,10,430.23
141,1829,21,2024-05-12 12:52:00,25,16.17,7,250.98
142,1201,16,2024-09-09 16:48:00,74,70.04,3,748.93
143,652,30,2024-10-10 13:04:00,71,44.45,7,761.76
144,39,18,2024-10-10 18:43:00,22,18.08,45,262.44
145,258,20,2024-10-17 13:28:00,20,27.23,6,431.02
146,292,24,2024-10-03 05:50:00,41,44.44,13,782.74
147,1137,29,2024-01-22 00:52:00,69,101.09,9,1468.9
148,343,1,2024-01-31 15:17:00,86,71.02,12,1277.82
149,1726,41,2024-04-18 18:53:00,75,63.99,20,984.92
150,1154,5,2024-06-02 02:25:00,99,70.36,4,1073.04
151,573,28,2024-04-17 19:32:00,112,99.29,31,1424.98
152,1542,46,2024-08-19 08:15:00,94,139.56,10,1410.43
153,1965,39,2024-06-17 00:58:00,98,70.59,0,994.46
154,9,1,2024-12-10 05:26:00,81,113.87,15,1779.18
155,1103,6,2025-02-07 20:41:00,19,20.61,38,303.43
156,723,25,2025-02-27 19:22:00,59,44.81,10,414.39
157,759,13,2024-08-15 00:14:00,105,64.87,8,960.44
158,1453,23,2024-04-08 02:52:00,88,102.32,7,1058.25
159,1012,24,2024-01-19 08:31:00,100,123.63,6,997.86
160,1682,41,2024-07-21 03:55:00,45,50.05,15,485.72
161,397,43,2025-01-13 18:43:00,97,110.84,21,959.17
162,263,48,2024-02-03 04:16:00,82,112.33,8,1114.15
163,1389,2,2025-05-11 22:43:00,78,89.93,14,721.2
164,875,42,2024-12-10 20:03:00,119,171.94,37,2827.28
165,834,18,2024-03-03 21:33:00,69,72.18,1,1215.37
166,460,4,2024-05-22 13:34:00,67,59.27,12,589.5
167,168,37,2025-02-17 00:47:00,38,56.25,13,988.75
168,1879,16,2024-04-10 05:21:00,49,32.17,3,266.33
169,885,2,2024-10-30 20:59:00,52,70.54,25,640.39
170,489,22,2025-03-02 01:52:00,52,55.52,7,968.02
171,1589,39,2024-11-13 14:48:00,22,25.58,3,226.52
172,125,3,2024-07-12 10:56:00,118,144.44,4,1245.08
173,1644,29,2024-01-29 09:39:00,90,88.98,3,1314.74
174,1146,4,2024-05-30 12:25:00,22,25.42,13,262.62
175,1228,43,2024-11-15 00:29:00,59,60.05,13,1008.8
176,1269,7,2024-06-22 20:43:00,110,68.57,43,773.6
177,395,7,2024-02-22 00:38:00,101,66.74,6,1137.5
178,259,41,2024-09-17 08:22:00,63,65.1,14,641.84
179,282,3,2024-01-31 04:19:00,84,83.35,11,926.18
180,1813,35,2025-02-01 04:09:00,70,61.45,10,670.46
181,1988,1,2024-09-22 18:42:00,96,70.09,25,916.15
182,1711,36,2025-03-15 01:27:00,54,41.9,6,603.59
183,413,5,2024-06-23 06:42:00,70,85.77,14,1200.58
184,679,38,2024-10-16 10:39:00,48,46.89,5,424.28
185,1795,3,2024-09-10 07:58:00,10,11.75,7,148.82
186,437,16,2024-09-03 23:49:00,114,102.41,12,1029.54
187,378,1,2024-07-04 00:04:00,55,34.49,3,325.03
188,902,13,2024-11-19 18:58:00,107,98.86,11,987.73
189,582,12,2024-04-22 08:46:00,32,28.99,7,283.68
190,45,12,2025-03-07 08:58:00,22,13.62,4,160.57
191,1613,8,2024-06-22 06:19:00,68,55.5,11,810.8
192,1928,34,2025-05-15 19:56:00,65,90.39,14,830.23
193,1808,9,2025-02-10 06:12:00,78,73.35,11,820.02
194,880,41,2024-05-05 01:48:00,88,99.32,9,1578.78
195,672,16,2024-01-28 20:50:00,45,62.35,42,1102.59
196,1815,32,2024-04-17 23:05:00,110,112.6,2,1089.33
197,795,49,2025-03-27 20:48:00,75,70.26,43,888.27
198,660,46,2024-07-10 16:44:00,71,88.33,15,1125.11
199,1191,26,2024-11-22 18:41:00,14,11.01,22,137.85
200,481,26,2024-04-21 09:27:00,58,64.63,11,681.54
201,174,9,2025-01-19 02:18:00,66,70.42,7,974.59
202,953,33,2024-11-14 10:27:00,67,68.39,13,798.46
203,1019,21,2024-05-19 12:01:00,32,31.92,8,461.36
204,736,6,2024-05-30 16:32:00,79,93.16,8,1608.51
205,202,8,2024-02-06 11:02:00,79,61.64,6,909.26
206,513,20,2025-01-16 21:54:00,45,34.72,4,624.41
207,1541,46,2025-01-13 17:58:00,43,26.13,9,282.69
208,710,26,2025-04-29 12:52:00,84,107.69,0,1369.82
209,1050,49,2025-05-02 04:55:00,60,48.29,6,615.43
210,1057,38,2025-02-06 17:48:00,69,86.27,14,984.05
211,176,21,2025-03-09 06:27:00,108,156.36,13,1578.59
212,922,36,2024-01-16 11:08:00,83,115.07,9,2006.08
213,20,32,2025-02-18 21:53:00,55,49.82,13,610.65
214,1542,26,2025-01-25 22:34:00,48,42.89,0,586.55
215,66,9,2024-03-19 10:36:00,90,118.73,12,2113.6
216,419,26,2024-02-02 17:24:00,34,34.93,10,478.37
217,925,41,2025-04-03 09:05:00,31,21.51,5,178.98
218,1412,39,2024-09-07 00:11:00,35,23.19,12,251.34
219,478,19,2024-12-03 16:04:00,68,44.32,0,430.71
220,1761,27,2024-07-19 05:07:00,26,28.15,15,434.39
221,797,14,2024-03-07 06:19:00,65,86.85,15,832.7
222,1178,20,2024-10-27 06:32:00,101,122.85,8,1230.59
223,293,29,2024-02-02 12:38:00,113,92.9,10,1588.87
224,1801,32,2024-08-23 14:36:00,15,18.95,9,274.07
225,1882,30,2024-06-26 22:53:00,101,132.62,12,1873.96
226,1659,12,2024-07-31 07:11:00,89,112.13,14,1328.36
227,1350,12,2024-12-23 18:06:00,60,73.73,12,766.57
228,1783,11,2024-05-20 20:34:00,47,56.4,14,844.9
229,1480,14,2025-04-10 15:26:00,107,117.44,11,1029.4
230,216,33,2025-01-27 10:26:00,67,50.14,6,654.86
231,947,2,2024-02-07 20:44:00,96,122.38,34,1399.61
232,818,13,2024-07-22 01:00:00,42,29.54,4,332.95
233,1534,30,2024-09-05 14:04:00,20,21.87,7,331.02
234,897,9,2024-08-29 08:53:00,30,22.61,0,318.12
235,363,19,2024-03-04 17:47:00,60,45.1,0,666.3
236,315,29,2024-07-02 05:13:00,101,63.73,6,791.56
237,98,41,2025-02-19 16:41:00,94,117.01,3,1393.14
238,632,29,2024-01-27 19:00:00,16,20.72,22,358.21
239,768,16,2024-04-12 02:01:00,63,39.38,0,447.8
240,394,44,2024-12-08 02:14:00,22,28.98,5,441.66
241,91,27,2024-09-19 03:52:00,51,45.41,6,646.94
242,1914,35,2024-07-21 13:07:00,39,30.9,11,347.12
243,31,26,2024-11-30 10:00:00,59,46.7,7,404.43
244,1670,18,2024-11-28 19:23:00,15,9.91,23,120.02
245,1572,39,2024-09-12 03:45:00,78,102.35,5,1076.66
246,195,39,2024-06-15 20:44:00,59,71.4,18,808.28
247,1302,49,2025-03-28 22:20:00,118,141.57,2,1606.97
248,1247,38,2024-08-17 12:32:00,91,115.35,0,1191.11
249,1263,49,2025-04-04 03:19:00,40,50.56,7,717.83
250,123,9,2024-07-10 15:18:00,35,25.78,6,371.76
251,488,47,2024-11-02 14:47:00,52,37.48,10,541.06
252,1558,3,2024-09-23 13:41:00,114,98.0,0,1008.43
253,1501,22,2024-06-24 07:13:00,79,51.24,7,820.58
254,1426,47,2024-04-23 19:55:00,58,62.02,21,770.51
255,13,5,2025-03-21 15:04:00,34,21.99,4,382.25
256,258,6,2024-03-29 18:35:00,116,152.62,23,1581.62
257,161,28,2025-01-06 14:19:00,31,38.73,7,474.06
258,1241,16,2024-06-04 09:36:00,67,98.55,6,1056.32
259,1601,31,2024-02-10 11:25:00,58,43.56,14,532.61
260,1249,48,2024-08-09 04:52:00,111,114.75,12,1408.44
261,171,49,2025-04-09 09:38:00,78,57.53,5,608.26
262,950,20,2024-08-20 09:24:00,81,92.78,2,1051.41
263,1465,31,2024-04-10 04:58:00,34,20.53,11,265.14
264,1896,27,2025-04-26 12:47:00,57,53.9,9,776.73
265,1205,5,2024-07-28 01:58:00,25,23.66,5,235.23
266,894,17,2025-01-29 23:22:00,75,92.87,11,1389.76
267,1334,25,2025-04-19 13:47:00,41,33.54,1,577.38
268,741,41,2024-12-27 21:01:00,99,118.71,4,1259.91
269,933,44,2024-03-16 08:15:00,87,97.48,5,791.87
270,1579,6,2024-11-25 22:58:00,59,56.52,2,745.24
271,387,28,2024-03-25 13:16:00,98,85.46,12,1184.54
272,1504,27,2025-01-20 23:55:00,21,14.67,11,236.81
273,551,48,2024-04-17 23:25:00,99,86.85,5,1403.83
274,4,7,2024-02-05 22:26:00,77,75.09,9,1151.16
275,350,12,2024-07-10 05:45:00,27,21.01,5,273.68
276,226,29,2024-10-17 06:11:00,35,22.86,5,367.86
277,393,17,2025-04-06 13:28:00,90,127.95,3,2134.67
278,341,6,2024-05-30 02:24:00,25,21.23,10,176.14
279,481,31,2024-09-05 21:48:00,22,13.39,8,207.79
280,15,43,2024-10-25 01:06:00,37,39.59,0,465.45
281,1066,49,2024-05-16 15:30:00,106,95.75,13,1088.25
282,1397,22,2024-06-10 07:23:00,95,91.07,1,1616.77
283,1789,22,2025-02-16 03:00:00,68,94.08,12,1434.93
284,1819,9,2024-01-14 19:07:00,77,65.57,25,766.14
285,1267,44,2024-12-03 15:32:00,62,74.04,0,1322.49
286,1962,21,2024-01-09 20:23:00,15,22.09,30,326.47
287,479,39,2024-09-05 12:47:00,88,115.68,11,1420.45
288,1908,31,2024-12-03 22:57:00,22,27.74,9,390.35
289,1459,10,2025-03-21 16:56:00,83,108.43,1,1006.08
290,1632,6,2024-06-03 21:35:00,69,51.84,14,909.82
291,988,43,2024-10-03 07:15:00,37,27.88,2,252.44
292,1466,2,2024-03-23 10:57:00,59,76.09,7,1155.94
293,1364,31,2025-05-02 21:07:00,95,68.61,15,610.93
294,1417,22,2025-03-22 07:59:00,83,107.05,2,1545.79
295,773,46,2025-01-15 23:46:00,58,68.93,13,1108.7
296,458,17,2024-02-29 09:05:00,24,16.33,6,252.24
297,238,37,2024-07-07 04:54:00,50,72.93,0,810.11
298,1209,35,2024-04-07 12:27:00,50,64.71,4,854.01
299,1233,38,2024-04-23 03:25:00,11,11.93,14,133.13
300,1672,19,2025-03-04 07:31:00,97,97.99,9,926.86
301,1363,45,2024-01-18 19:20:00,49,51.55,17,553.36
302,1737,46,2024-10-20 15:40:00,116,92.12,9,1385.61
303,772,4,2025-02-18 10:09:00,115,143.19,7,2148.43
304,108,50,2024-04-01 15:46:00,60,52.15,5,934.04
305,1123,26,2024-06-21 13:43:00,70,104.39,12,1243.35
306,1082,47,2024-05-24 09:44:00,34,41.85,12,375.53
307,663,49,2025-02-09 18:55:00,113,73.3,29,921.77
308,336,37,2024-03-11 14:44:00,71,61.2,4,617.98
309,1648,48,2024-04-10 23:41:00,11,10.19,3,150.64
310,1759,10,2024-07-11 13:43:00,117,87.91,1,787.72
311,1996,31,2024-04-01 01:07:00,75,88.88,13,1572.93
312,1285,47,2024-07-25 07:02:00,25,20.42,15,225.17
313,1221,12,2024-11-30 23:24:00,109,133.27,2,2102.64
314,1772,42,2024-07-14 08:40:00,93,93.06,0,856.15
315,170,8,2024-09-07 20:42:00,75,60.18,40,646.17
316,1527,7,2025-02-10 18:11:00,59,61.11,37,671.21
317,257,7,2024-06-15 02:45:00,120,157.88,5,1902.98
318,1436,2,2024-07-20 17:52:00,78,101.8,15,879.48
319,1715,38,2024-10-02 22:52:00,111,131.7,6,2325.4
320,1839,8,2024-04-02 19:44:00,33,19.96,38,319.46
321,252,3,2024-03-06 18:13:00,93,69.29,45,732.23
322,1543,3,2024-02-13 03:32:00,48,44.51,5,544.38
323,1936,43,2024-01-01 07:19:00,15,21.77,9,317.66
324,912,9,2024-10-22 15:44:00,50,53.52,11,752.58
325,1046,14,2024-12-18 03:42:00,114,72.99,1,721.19
326,614,14,2025-05-05 04:38:00,80,63.55,11,684.68
327,1494,40,2024-08-04 02:35:00,42,35.05,5,420.62
328,171,17,2024-12-12 13:44:00,28,30.3,2,433.16
329,552,41,2024-12-22 20:12:00,101,94.43,42,1326.69
330,860,10,2024-06-10 13:24:00,13,19.08,7,167.43
331,256,35,2024-02-26 21:35:00,62,40.88,2,475.36
332,684,50,2024-05-19 04:55:00,112,89.96,0,807.79
333,1985,15,2024-07-12 03:50:00,25,18.95,9,263.18
334,1653,32,2024-02-18 16:22:00,99,110.38,9,1491.83
335,1245,7,2025-04-04 01:10:00,50,72.59,12,711.87
336,1651,48,2024-12-13 17:35:00,86,119.87,12,1530.57
337,262,17,2024-01-05 21:32:00,101,74.73,4,704.46
338,1163,48,2024-05-16 01:58:00,102,119.88,11,1807.19
339,511,44,2024-11-07 13:45:00,68,52.01,11,831.36
340,1029,19,2024-05-21 13:33:00,101,140.72,7,1555.22
341,1758,6,2025-04-30 09:26:00,108,95.2,2,1365.81
342,158,47,2024-05-02 02:10:00,83,54.09,9,732.47
343,1010,1,2025-05-07 13:43:00,75,107.94,4,1381.26
344,1055,44,2024-12-12 17:44:00,25,24.12,6,412.67
345,1528,1,2024-12-31 13:44:00,78,99.43,7,1783.99
346,1355,34,2024-12-16 19:02:00,87,87.33,20,1287.7
347,1807,49,2024-09-25 07:11:00,19,17.68,4,232.26
348,1951,4,2024-08-04 15:24:00,31,29.01,3,330.12
349,1391,16,2025-03-01 17:54:00,108,148.18,9,1628.76
350,602,17,2024-04-19 00:47:00,90,100.08,6,1724.43
351,1903,42,2024-09-20 01:59:00,69,96.82,15,830.23
352,13,40,2024-08-23 10:19:00,55,38.3,11,647.35
353,382,26,2024-06-30 00:06:00,65,67.78,2,900.86
354,1841,10,2024-07-29 03:58:00,72,43.65,8,447.89
355,810,24,2024-06-02 11:27:00,33,35.73,8,324.68
356,899,43,2025-03-05 14:10:00,27,24.8,13,199.84
357,1810,46,2024-04-11 03:12:00,46,29.27,12,357.4
358,679,3,2024-03-23 21:12:00,71,103.92,8,954.81
359,1002,36,2024-09-10 21:45:00,26,23.2,12,302.03
360,1892,48,2025-03-07 12:08:00,24,35.09,0,324.98
361,705,33,2024-01-07 21:15:00,16,19.37,10,238.19
362,1223,48,2024-01-05 13:30:00,47,40.14,2,626.55
363,508,40,2024-03-19 23:32:00,33,27.21,3,452.82
364,1436,16,2024-12-07 13:12:00,70,86.51,3,1298.64
365,1029,40,2024-04-02 06:54:00,85,99.11,4,1020.22
366,271,26,2024-01-20 08:12:00,28,27.54,6,245.36
367,105,25,2024-07-27 16:19:00,99,115.83,7,1183.52
368,873,31,2024-02-01 16:27:00,92,59.48,3,635.99
369,575,23,2024-12-30 13:15:00,50,70.28,5,590.98
370,107,43,2025-01-16 10:13:00,46,47.14,3,580.25
371,517,32,2024-07-05 10:19:00,24,16.49,0,244.54
372,1578,9,2024-06-18 11:47:00,113,104.55,11,1085.49
373,566,14,2024-10-26 12:05:00,23,16.5,3,138.77
374,1984,42,2025-02-22 06:12:00,100,100.12,3,875.93
375,1120,40,2024-06-24 09:46:00,70,104.35,6,1391.57
376,315,3,2024-03-06 06:26:00,80,99.24,11,1682.03
377,919,41,2025-01-02 03:58:00,65,42.96,13,568.69
378,1951,33,2025-02-08 00:10:00,86,72.82,4,793.49
379,1958,37,2024-02-01 22:12:00,104,138.64,15,2058.38
380,1783,33,2025-05-12 02:10:00,66,84.19,12,1147.09
381,800,26,2024-11-06 08:13:00,33,19.91,6,277.17
382,19,33,2024-08-21 16:45:00,102,109.4,9,1807.81
383,607,46,2024-05-17 17:07:00,31,24.85,7,271.32
384,1310,10,2025-04-27 08:59:00,27,22.77,1,328.44
385,510,14,2024-09-30 03:00:00,93,84.88,11,954.53
386,1939,46,2025-03-28 17:16:00,102,73.47,9,826.27
387,118,41,2025-02-21 00:52:00,55,43.85,8,428.3
388,1990,2,2024-10-02 21:55:00,109,157.52,3,2398.4
389,1410,25,2025-04-29 20:16:00,90,105.38,45,1060.29
390,906,15,2024-06-15 08:13:00,84,98.01,12,936.62
391,475,47,2025-01-06 13:23:00,28,39.53,2,512.29
392,941,12,2025-02-21 05:12:00,82,85.4,5,1236.22
393,44,20,2024-03-24 05:52:00,60,73.12,6,635.74
394,148,28,2024-05-05 14:58:00,92,135.55,3,2066.2
395,282,47,2025-01-19 00:38:00,22,20.68,0,188.2
396,28,49,2025-03-01 20:59:00,15,10.78,15,115.09
397,1923,41,2024-11-03 00:50:00,11,16.08,3,215.85
398,1676,22,2025-03-12 22:05:00,35,25.39,14,410.17
399,630,22,2024-09-02 04:15:00,17,18.52,8,264.37
400,253,2,2025-02-26 01:06:00,79,68.5,13,645.16
401,1869,15,2024-01-13 07:27:00,59,43.23,9,443.49
402,1801,44,2024-07-15 21:56:00,101,135.39,3,1749.0
403,226,15,2024-02-22 09:22:00,19,21.93,3,254.5
404,1894,6,2025-04-03 01:38:00,29,22.05,10,308.61
405,1392,28,2024-03-17 21:43:00,48,55.79,9,640.68
406,213,18,2025-04-14 15:42:00,57,82.06,2,1303.82
407,1765,10,2025-02-02 20:09:00,50,36.65,38,557.57
408,1609,31,2025-02-21 02:07:00,83,81.73,8,772.08
409,662,9,2024-04-03 12:22:00,50,52.24,15,780.16
410,848,39,2025-02-10 20:21:00,27,35.69,25,422.28
411,1126,32,2024-10-02 17:31:00,78,84.44,7,1000.3
412,1190,46,2024-08-03 16:36:00,109,133.43,7,2005.58
413,482,24,2024-01-02 06:54:00,12,11.11,15,195.27
414,1887,8,2024-01-31 11:23:00,118,161.0,4,1762.46
415,296,36,2025-05-12 13:15:00,36,48.42,1,749.06
416,241,45,2024-12-26 04:24:00,103,64.24,13,752.69
417,1437,7,2024-12-05 18:04:00,71,96.11,20,797.89
418,749,10,2024-02-10 07:04:00,11,12.23,13,116.15
419,374,31,2025-01-15 04:47:00,77,94.61,9,1201.72
420,1480,22,2024-08-15 20:44:00,11,9.44,19,81.18
421,1316,3,2024-11-05 05:32:00,30,18.29,13,270.67
422,1794,30,2024-10-10 22:53:00,43,61.37,9,926.29
423,868,11,2024-05-19 02:33:00,58,85.85,4,1324.78
424,821,40,2024-01-29 07:25:00,33,44.23,2,715.0
425,960,31,2024-06-09 20:41:00,61,82.02,20,701.0
426,761,42,2024-08-05 06:17:00,23,15.96,11,223.95
427,1734,22,2024-01-15 07:18:00,30,32.62,2,330.09
428,23,49,2025-04-10 09:12:00,80,62.52,1,650.42
429,175,37,2024-10-16 01:36:00,111,114.93,1,1280.99
430,1933,20,2024-01-05 11:48:00,46,67.29,6,749.93
431,801,47,2024-07-01 04:44:00,96,66.01,13,1119.87
432,1032,7,2024-09-14 04:01:00,85,111.9,15,1551.33
433,1745,3,2024-05-28 05:09:00,97,98.63,2,1728.8
434,475,14,2025-02-17 21:41:00,28,36.17,5,648.68
435,1028,34,2025-01-08 19:41:00,76,109.23,31,1362.62
436,269,22,2024-05-28 11:39:00,119,172.09,1,2909.49
437,1586,44,2024-07-17 07:13:00,88,100.86,4,1378.66
438,1019,7,2025-02-16 00:09:00,108,149.41,2,1940.7
439,932,21,2024-03-27 09:10:00,18,15.34,11,176.93
440,146,12,2024-12-29 14:16:00,70,103.64,14,1503.08
441,288,8,2025-05-12 18:31:00,15,13.91,28,167.05
442,1756,40,2025-04-14 21:08:00,66,61.38,10,720.41
443,1398,27,2024-09-16 14:16:00,97,61.93,1,954.37
444,502,45,2025-02-24 17:00:00,29,39.66,9,466.33
445,1168,26,2025-03-13 02:14:00,59,81.82,2,940.06
446,960,42,2024-09-30 14:06:00,20,15.24,3,261.74
447,1890,26,2025-01-28 13:12:00,61,54.65,10,624.33
448,1238,32,2024-04-18 22:47:00,70,49.2,14,412.43
449,319,31,2024-03-15 20:13:00,50,55.57,34,479.24
450,1656,24,2025-02-08 13:30:00,37,24.0,0,420.63
451,1401,28,2024-05-18 08:40:00,32,21.61,2,232.07
452,168,20,2025-03-23 22:28:00,63,67.55,8,664.74
453,111,6,2025-04-03 13:21:00,106,91.92,6,1056.41
454,859,31,2024-08-31 17:44:00,110,81.91,13,945.81
455,1420,37,2024-07-18 00:35:00,110,154.48,6,1356.04
456,1368,38,2024-11-11 04:20:00,95,141.33,10,1150.69
457,1837,30,2025-04-23 04:31:00,120,106.17,13,1128.38
458,1480,1,2024-08-18 04:40:00,67,78.73,3,658.57
459,1528,13,2024-08-03 22:34:00,109,81.69,12,830.08
460,430,13,2025-05-12 21:36:00,11,10.27,11,83.82
461,1837,20,2024-09-14 03:44:00,73,86.43,14,1049.31
462,721,23,2025-02-28 17:27:00,76,112.23,10,1025.09
463,361,30,2024-08-07 11:11:00,80,90.83,13,1073.21
464,1731,43,2024-12-18 21:27:00,91,77.8,3,1396.79
465,1651,7,2024-02-15 20:01:00,88,126.65,16,1641.9
466,1540,40,2025-04-19 17:06:00,91,90.97,1,1335.18
467,1745,27,2024-04-18 07:49:00,68,74.56,3,742.29
468,962,8,2024-06-28 14:26:00,115,135.74,12,1096.24
469,768,15,2024-09-16 09:17:00,94,78.78,13,1160.67
470,9,27,2024-01-17 00:01:00,29,38.03,10,431.67
471,1965,37,2024-08-08 07:35:00,60,46.4,12,755.65
472,1642,37,2024-08-07 04:40:00,59,87.3,5,1050.32
473,652,34,2024-03-22 13:14:00,22,27.26,4,355.54
474,1294,37,2025-02-05 12:53:00,107,124.61,8,2040.29
475,326,21,2024-04-14 02:05:00,13,12.92,4,106.95
476,1450,35,2025-04-16 02:36:00,58,36.12,4,644.17
477,1300,41,2025-02-02 11:11:00,40,47.49,7,520.93
478,1097,16,2025-01-06 12:49:00,43,51.31,8,453.05
479,295,41,2024-01-12 20:37:00,120,83.17,39,1436.51
480,252,7,2024-03-13 09:16:00,33,22.56,15,371.03
481,1870,14,2024-07-19 03:31:00,111,68.79,2,885.0
482,1282,5,2024-04-17 21:26:00,58,81.24,14,1306.79
483,369,20,2024-01-06 05:42:00,82,95.78,1,878.5
484,703,23,2024-09-04 19:38:00,79,47.76,43,736.31
485,1898,8,2024-04-08 19:01:00,78,48.42,42,755.82
486,443,24,2024-02-28 06:01:00,51,36.96,2,564.65
487,1925,9,2024-05-17 08:30:00,35,51.03,11,769.58
488,1336,19,2024-08-27 23:51:00,73,72.45,12,1247.84
489,513,12,2024-04-11 21:54:00,101,86.15,12,777.84
490,1625,50,2024-10-27 09:10:00,111,87.16,15,1075.09
491,914,28,2024-11-01 23:17:00,114,101.1,3,1422.78
492,880,13,2024-10-17 11:23:00,90,120.37,14,1164.28
493,70,33,2024-05-09 18:26:00,47,53.74,43,619.22
494,62,8,2024-04-02 10:27:00,111,85.17,7,743.23
495,1346,24,2024-07-09 04:49:00,50,35.5,10,528.34
496,1469,22,2024-04-19 14:36:00,111,98.72,7,1344.21
497,790,19,2024-11-04 06:33:00,37,25.63,8,388.62
498,1938,43,2024-02-08 18:57:00,92,90.12,37,1007.35
499,656,13,2024-04-10 01:51:00,73,76.56,8,934.98
500,255,29,2024-03-28 19:20:00,85,80.29,11,871.18
501,1319,37,2024-01-03 14:18:00,26,35.29,12,295.38
502,1093,34,2024-01-21 10:41:00,12,7.95,3,129.57
503,851,47,2024-06-03 08:20:00,106,96.59,2,1310.2
504,642,32,2024-11-09 01:25:00,48,58.89,14,761.65
505,1313,8,2025-03-07 11:39:00,23,14.41,1,234.23
506,285,7,2024-06-14 22:46:00,65,52.24,2,517.78
507,1848,24,2025-02-21 17:00:00,98,135.36,8,2278.54
508,89,8,2024-01-25 09:04:00,43,38.55,12,412.45
509,349,9,2024-10-25 14:07:00,26,23.07,4,358.29
510,1819,27,2024-11-22 14:42:00,25,26.74,7,368.45
511,1355,32,2025-05-14 08:20:00,108,135.84,7,1211.42
512,1570,19,2024-12-30 02:22:00,81,109.51,7,1598.28
513,1506,14,2024-12-21 02:04:00,73,47.76,0,702.31
514,959,25,2024-04-06 15:06:00,53,41.75,10,651.5
515,639,46,2024-08-20 20:09:00,118,124.38,18,1267.16
516,745,25,2025-05-14 14:55:00,89,94.53,12,933.91
517,570,28,2024-03-25 21:19:00,83,98.23,4,1238.64
518,220,48,2024-02-26 07:01:00,68,52.25,0,666.84
519,1088,29,2024-06-29 08:07:00,80,54.05,13,547.02
520,813,33,2024-08-08 16:21:00,16,15.96,11,143.29
521,1329,25,2025-01-09 13:12:00,47,36.21,5,504.79
522,1085,39,2024-09-09 16:27:00,23,27.9,7,490.75
523,450,8,2024-01-28 01:36:00,44,35.86,3,385.66
524,1808,40,2024-12-24 22:25:00,60,57.22,7,877.71
525,1802,45,2024-05-17 15:13:00,31,40.52,11,582.23
526,1446,39,2024-05-27 23:00:00,22,16.86,15,259.49
527,1747,45,2024-05-02 05:20:00,97,64.26,5,727.52
528,933,10,2025-05-07 00:42:00,70,68.96,0,674.09
529,541,5,2024-03-28 21:48:00,119,72.44,11,1281.86
530,1195,1,2024-09-07 07:30:00,24,15.38,0,210.29
531,596,15,2024-09-25 16:10:00,106,77.58,3,698.21
532,1647,48,2024-06-20 14:31:00,104,95.23,8,1393.6
533,520,24,2024-08-22 00:52:00,55,47.91,10,810.34
534,1587,43,2025-03-14 19:30:00,24,20.23,43,309.16
535,43,10,2024-07-29 07:42:00,28,25.8,0,269.45
536,1518,45,2025-05-13 13:23:00,36,45.72,6,786.68
537,774,41,2024-02-25 08:56:00,90,108.98,14,1947.83
538,1795,34,2024-03-30 08:58:00,96,87.74,10,1045.01
539,855,18,2024-06-07 06:02:00,84,89.72,10,1466.18
540,252,28,2025-02-11 14:36:00,111,145.75,9,1326.6
541,18,32,2025-04-19 21:09:00,69,83.69,9,1191.57
542,1361,11,2024-06-04 15:18:00,18,23.76,0,297.92
543,446,19,2025-02-26 18:07:00,16,16.63,10,204.6
544,1353,1,2024-01-26 08:08:00,54,75.11,4,1317.19
545,1461,18,2024-03-14 23:12:00,65,73.24,2,798.9
546,66,31,2025-04-22 11:15:00,113,136.8,12,1672.47
547,1981,7,2025-04-02 08:58:00,48,54.59,5,744.56
548,1391,21,2025-02-15 18:08:00,97,125.22,26,1171.67
549,1136,13,2024-06-03 09:05:00,48,53.28,14,717.06
550,770,28,2024-02-19 04:33:00,66,80.83,11,1025.23
551,876,30,2024-08-03 13:29:00,13,18.48,0,324.78
552,863,6,2025-01-21 04:39:00,48,62.78,11,582.14
553,1113,37,2025-03-25 09:03:00,106,144.22,4,1734.88
554,13,30,2025-02-17 16:29:00,117,75.92,1,812.48
555,1331,7,2024-06-19 19:06:00,115,99.07,40,1476.73
556,1771,4,2024-03-03 23:37:00,96,101.73,1,1527.55
557,1058,10,2024-10-14 23:31:00,27,21.63,4,238.12
558,637,47,2025-04-24 00:51:00,72,83.61,6,764.79
559,1,10,2024-11-05 03:33:00,22,18.09,3,230.42
560,1706,33,2024-08-15 12:03:00,25,21.75,15,387.74
561,1680,16,2025-03-06 17:16:00,115,132.42,14,2197.26
562,1264,8,2024-08-09 04:40:00,12,9.2,7,89.31
563,1519,45,2024-10-06 06:30:00,71,61.13,3,1075.33
564,1010,24,2024-12-07 08:25:00,59,72.45,3,915.74
565,1667,28,2024-03-16 00:18:00,68,48.15,12,390.51
566,621,3,2024-11-26 20:57:00,94,108.84,12,1859.11
567,727,9,2024-08-27 23:29:00,45,27.37,5,316.88
568,1753,33,2024-04-17 11:57:00,100,107.26,2,1045.25
569,311,23,2024-12-01 23:36:00,53,53.72,4,579.28
570,1562,43,2024-06-04 12:04:00,117,138.13,12,2434.62
571,1241,43,2024-04-02 18:45:00,74,96.04,43,1017.28
572,1430,21,2024-10-28 18:22:00,84,97.08,35,842.24
573,61,47,2024-03-22 07:06:00,95,66.08,15,742.51
574,475,50,2025-02-17 23:50:00,40,27.8,5,424.83
575,787,49,2025-05-13 13:59:00,18,11.8,8,107.91
576,1735,48,2024-02-07 14:48:00,57,65.32,0,1125.82
577,658,7,2024-12-23 14:24:00,27,40.23,6,400.58
578,1006,29,2024-12-13 09:14:00,35,44.38,13,716.22
579,1657,13,2024-02-14 18:01:00,90,131.75,16,1322.16
580,1659,9,2025-04-02 00:23:00,109,105.43,2,1202.65
581,1398,47,2025-05-05 23:41:00,77,80.58,6,1104.24
582,971,33,2024-06-29 11:39:00,81,110.81,2,1372.8
583,1281,25,2025-03-23 02:36:00,20,14.29,9,128.74
584,1022,15,2024-01-27 19:34:00,52,32.25,28,555.43
585,515,25,2024-12-26 11:04:00,30,44.14,2,589.01
586,495,34,2025-04-22 19:32:00,49,47.01,13,632.73
587,1827,8,2024-10-25 15:59:00,43,51.08,1,581.31
588,535,13,2024-06-20 01:08:00,36,39.33,10,678.12
589,1359,4,2024-04-30 15:04:00,113,164.21,1,1881.59
590,145,27,2024-11-02 23:39:00,20,27.98,15,488.7
591,555,47,2024-01-22 03:02:00,73,77.15,11,950.11
592,622,15,2024-01-11 01:01:00,109,142.1,6,1895.88
593,1762,25,2024-12-15 21:47:00,12,13.17,1,156.34
594,773,45,2024-03-05 13:44:00,64,70.05,3,867.19
595,1838,40,2025-04-07 11:22:00,34,30.9,1,320.79
596,189,38,2024-01-06 07:26:00,105,134.12,1,2402.01
597,31,47,2024-05-07 01:04:00,17,12.14,5,131.43
598,644,23,2024-11-04 20:56:00,41,61.43,18,863.78
599,981,43,2024-03-03 21:04:00,19,15.68,6,203.04
600,1506,23,2025-04-04 07:28:00,101,88.12,11,1392.48
601,600,42,2024-05-05 16:57:00,44,39.03,3,333.32
602,1845,27,2024-12-27 19:31:00,45,30.18,18,495.38
603,1067,15,2024-06-05 23:35:00,36,25.58,4,213.81
604,482,45,2024-08-13 20:48:00,68,99.13,11,1287.61
605,70,18,2024-05-22 18:24:00,48,64.53,15,554.78
606,1751,40,2024-07-15 15:01:00,120,113.32,14,956.89
607,422,25,2024-04-04 21:27:00,78,50.47,9,419.56
608,1563,23,2025-04-24 00:58:00,87,111.28,10,1917.02
609,1859,17,2025-02-18 18:13:00,106,66.21,37,1102.89
610,1603,47,2025-04-20 23:48:00,17,22.55,12,395.18
611,1910,44,2024-05-27 17:29:00,64,71.38,8,687.07
612,781,30,2025-01-16 07:08:00,11,9.38,8,83.06
613,512,50,2024-10-04 09:21:00,83,79.28,8,920.99
614,1351,17,2025-02-04 20:51:00,108,123.9,17,1371.44
615,1354,21,2025-03-04 08:54:00,32,31.98,0,396.52
616,956,3,2025-05-09 11:30:00,91,123.75,6,1495.66
617,1187,6,2024-05-21 19:35:00,50,72.9,38,714.28
618,1569,18,2024-05-12 15:08:00,39,45.52,4,760.75
619,1344,4,2024-04-29 03:41:00,14,10.72,14,147.92
620,86,36,2025-01-02 07:03:00,101,150.77,8,1230.46
621,1731,23,2024-10-03 22:02:00,86,69.77,3,612.22
622,909,8,2024-09-18 02:15:00,36,32.16,11,523.93
623,1395,27,2024-02-06 20:27:00,46,33.52,30,471.62
624,738,22,2025-05-14 13:57:00,93,87.16,9,1239.34
625,329,24,2024-01-23 09:59:00,29,41.2,0,373.37
626,434,21,2024-09-18 22:49:00,104,109.97,11,1913.41
627,776,38,2024-01-17 21:46:00,29,27.35,2,480.04
628,1964,15,2024-10-16 16:36:00,90,98.41,13,1317.68
629,249,34,2025-02-12 01:38:00,70,83.53,14,932.98
630,400,37,2024-05-30 07:21:00,41,54.08,11,557.51
631,645,48,2025-05-12 03:44:00,40,40.02,13,464.98
632,721,36,2024-09-15 02:58:00,56,66.53,7,830.94
633,858,15,2024-10-18 04:59:00,78,64.0,13,943.43
634,1364,9,2024-11-06 08:50:00,46,41.74,3,367.94
635,863,33,2024-03-16 18:31:00,90,125.4,22,2131.64
636,1795,30,2024-01-08 05:07:00,63,52.73,15,813.55
637,259,3,2025-03-02 13:01:00,98,73.52,2,685.48
638,1776,34,2025-04-15 12:57:00,64,58.81,12,880.34
639,495,46,2024-05-30 03:21:00,115,161.98,3,2906.14
640,93,5,2025-01-13 11:28:00,62,72.4,13,788.65
641,978,45,2024-03-09 23:11:00,102,131.51,2,1252.31
642,16,38,2024-10-30 11:43:00,93,93.76,10,1161.3
643,1042,47,2024-10-28 08:49:00,22,17.8,15,203.12
644,1156,34,2025-04-04 16:37:00,75,101.97,13,1106.64
645,787,21,2025-01-22 05:09:00,15,19.99,6,245.98
646,570,37,2025-03-26 19:20:00,22,20.08,20,184.45
647,561,32,2024-08-12 07:56:00,31,26.65,8,476.72
648,1544,7,2025-04-18 07:42:00,45,32.71,6,442.29
649,1042,49,2024-03-27 00:38:00,15,21.96,6,177.14
650,1705,2,2024-07-08 06:18:00,83,81.66,14,1078.64
651,1702,30,2024-05-31 03:45:00,100,142.73,3,1776.14
652,886,32,2024-05-14 02:55:00,27,40.33,3,713.21
653,1646,6,2025-01-16 07:46:00,19,16.99,10,182.83
654,1292,48,2024-09-19 21:49:00,19,23.49,10,397.51
655,79,28,2024-02-21 22:50:00,76,67.32,1,1177.55
656,1285,1,2024-05-05 04:37:00,58,80.32,7,1183.39
657,544,31,2024-03-18 15:52:00,33,41.59,9,387.53
658,1301,6,2025-05-01 16:54:00,102,130.0,0,1604.61
659,1005,36,2024-11-08 06:45:00,32,20.32,8,287.2
660,1293,38,2024-04-30 20:22:00,71,76.5,21,1283.59
661,1722,15,2025-03-24 09:42:00,72,74.97,12,1047.96
662,1113,31,2024-05-31 03:14:00,24,35.2,9,429.3
663,916,21,2024-05-06 21:27:00,24,18.21,10,265.98
664,712,45,2024-07-22 22:08:00,109,151.94,15,2128.77
665,1408,16,2024-01-15 09:17:00,74,58.73,13,505.55
666,1581,21,2024-05-13 21:20:00,62,59.04,14,723.36
667,534,4,2024-05-17 15:46:00,38,34.42,1,381.55
668,840,15,2024-10-20 05:34:00,36,46.86,3,819.06
669,1257,40,2024-06-17 04:38:00,79,48.82,0,782.3
670,185,50,2024-12-26 10:58:00,55,70.96,2,1032.42
671,1063,14,2024-07-04 17:12:00,30,40.63,12,674.35
672,470,19,2025-02-14 05:58:00,57,51.21,6,692.85
673,510,1,2024-01-19 00:48:00,77,53.3,12,848.19
674,87,11,2024-05-24 09:01:00,39,45.57,7,379.95
675,1536,8,2025-02-20 12:41:00,61,43.8,8,727.95
676,157,5,2024-09-15 23:45:00,107,134.75,0,1097.86
677,1701,35,2024-11-05 04:06:00,104,117.46,12,1167.89
678,1241,20,2025-02-05 10:27:00,75,95.19,9,1022.39
679,416,7,2024-05-15 20:36:00,70,65.72,37,586.92
680,1981,27,2024-10-14 08:30:00,46,65.18,7,770.69
681,1018,47,2024-07-20 11:48:00,79,98.21,14,1005.73
682,1998,2,2024-07-22 07:28:00,57,58.66,3,846.36
683,681,10,2025-02-18 20:05:00,22,24.31,23,404.72
684,1004,38,2024-05-07 02:09:00,61,70.45,15,932.34
685,1720,37,2025-01-24 07:03:00,108,112.76,13,1253.28
686,692,10,2024-01-19 10:44:00,82,93.39,0,997.54
687,429,49,2024-10-14 15:34:00,73,64.37,7,722.13
688,1452,31,2024-09-20 17:54:00,104,155.32,2,2673.42
689,872,45,2024-02-09 12:08:00,106,64.9,3,627.06
690,897,8,2024-01-20 13:31:00,31,36.07,15,339.01
691,1791,36,2024-08-02 12:00:00,47,33.17,9,504.17
692,1803,44,2024-05-18 16:20:00,88,123.25,5,1160.42
693,1072,44,2024-04-14 19:45:00,57,60.84,26,773.95
694,432,22,2025-04-19 23:46:00,119,170.77,5,2261.64
695,1699,31,2024-01-06 10:26:00,32,23.53,2,421.97
696,12,20,2024-12-25 06:12:00,98,67.08,14,758.7
697,126,40,2024-08-27 19:10:00,18,16.48,45,277.41
698,707,41,2024-01-08 06:17:00,46,61.58,13,852.56
699,627,24,2024-11-15 12:59:00,42,46.41,6,407.24
700,313,7,2025-01-09 06:17:00,32,26.77,3,248.08
701,1070,38,2024-11-26 12:21:00,83,107.47,8,1898.63
702,1510,40,2024-12-08 15:13:00,31,18.67,7,334.02
703,188,40,2024-03-16 04:10:00,70,97.1,10,852.33
704,1987,4,2024-03-11 16:51:00,66,64.87,15,731.14
705,1025,49,2024-03-01 07:35:00,60,56.37,12,849.07
706,728,20,2025-03-05 16:20:00,77,51.62,6,906.12
707,1937,41,2025-03-02 08:45:00,28,37.96,14,489.72
708,1616,17,2024-12-16 03:35:00,65,77.15,5,636.72
709,749,30,2025-01-29 21:22:00,103,101.11,6,1195.58
710,367,48,2024-01-06 06:28:00,56,60.11,0,833.24
711,673,7,2025-04-11 11:58:00,42,44.21,0,621.93
712,69,42,2024-05-20 20:30:00,60,38.37,26,412.16
713,118,37,2025-02-25 00:55:00,101,144.92,14,1869.9
714,970,48,2025-03-23 20:48:00,79,104.81,12,1225.79
715,1256,46,2024-03-19 22:47:00,32,44.28,4,390.91
716,1709,8,2024-01-29 14:40:00,100,65.61,3,1087.74
717,569,13,2024-12-01 19:47:00,12,10.79,30,183.19
718,347,38,2025-01-04 11:33:00,11,15.91,12,193.53
719,1368,43,2024-02-01 02:12:00,115,147.79,4,2259.65
720,172,12,2024-08-15 01:17:00,87,67.76,13,659.28
721,1530,1,2024-06-08 08:35:00,54,38.12,14,521.55
722,1427,6,2024-10-16 14:05:00,24,34.23,5,523.57
723,381,21,2024-10-29 20:01:00,108,81.26,10,826.84
724,768,30,2024-02-11 23:15:00,49,66.33,6,1026.4
725,1512,9,2024-06-07 01:24:00,100,85.84,8,807.26
726,647,27,2024-04-25 06:17:00,35,26.58,9,281.58
727,901,17,2024-02-17 15:22:00,84,77.89,14,1269.22
728,1408,11,2024-01-19 18:24:00,29,31.44,23,563.96
729,889,23,2024-11-26 21:50:00,46,36.19,8,322.37
730,1584,14,2024-05-12 06:29:00,43,27.02,3,355.86
731,1293,12,2024-08-31 04:29:00,85,75.71,12,1104.08
732,1846,3,2024-06-14 22:06:00,90,83.07,0,796.43
733,974,22,2024-06-21 20:57:00,22,16.9,32,186.96
734,957,35,2024-04-05 00:28:00,113,130.51,13,1998.05
735,970,16,2024-05-09 23:23:00,86,77.75,12,855.38
736,1989,15,2025-01-25 16:06:00,63,61.95,8,1086.59
737,821,38,2024-01-15 05:32:00,31,44.33,6,776.44
738,1164,49,2024-03-12 04:42:00,52,68.11,1,1205.77
739,634,50,2024-03-13 11:29:00,60,44.93,0,655.35
740,411,12,2024-06-03 09:05:00,33,26.81,6,331.52
741,1484,16,2024-03-19 21:35:00,118,153.17,0,1956.51
742,706,7,2024-08-29 17:43:00,60,73.73,15,1082.68
743,1703,30,2024-12-27 07:48:00,22,20.87,10,326.21
744,274,26,2025-01-30 10:57:00,46,61.54,13,859.68
745,1094,5,2024-06-26 15:42:00,104,153.21,0,1565.34
746,1247,12,2025-01-28 07:23:00,56,50.73,0,715.58
747,1540,26,2025-04-13 02:41:00,39,28.25,6,238.5
748,619,28,2024-02-17 10:24:00,93,70.86,4,768.81
749,793,44,2025-02-24 15:02:00,43,62.89,13,616.02
750,816,44,2024-09-21 03:29:00,113,76.2,3,1109.37
751,829,1,2024-03-23 10:08:00,83,87.67,14,711.52
752,1340,43,2024-07-24 13:49:00,16,13.96,8,215.27
753,238,39,2025-02-17 14:32:00,57,74.27,10,1221.12
754,1991,24,2024-02-27 05:27:00,78,100.12,2,951.53
755,691,46,2024-10-29 08:12:00,75,99.87,14,1233.28
756,952,19,2024-01-21 03:55:00,72,73.02,1,1233.43
757,1406,24,2024-05-09 13:21:00,96,83.19,0,1117.03
758,367,19,2024-07-01 13:01:00,67,59.78,1,834.4
759,732,47,2024-01-19 17:47:00,60,49.43,2,659.88
760,259,47,2024-03-15 20:31:00,65,91.22,32,1616.28
761,1412,40,2024-05-04 23:52:00,77,85.64,1,750.67
762,764,3,2024-03-16 19:46:00,91,121.14,16,1431.77
763,1486,6,2024-06-21 20:47:00,48,47.05,11,462.94
764,1530,17,2025-01-04 20:47:00,20,27.06,37,477.65
765,1626,13,2024-10-19 08:19:00,88,93.51,7,1397.28
766,101,24,2024-10-20 15:13:00,107,154.29,8,2386.67
767,1594,12,2024-05-21 16:42:00,15,17.16,5,253.66
768,559,1,2024-07-27 06:01:00,110,107.02,4,1150.22
769,948,39,2025-02-08 20:20:00,22,17.58,11,265.28
770,453,5,2024-11-09 09:46:00,101,115.99,14,1609.84
771,1301,39,2024-06-17 17:24:00,70,100.58,0,1149.58
772,655,23,2025-02-25 14:09:00,69,94.46,15,954.65
773,1429,11,2024-12-10 12:16:00,61,38.37,2,549.22
774,1150,23,2024-02-12 06:47:00,77,71.78,9,1113.21
775,925,44,2024-08-27 00:09:00,89,100.25,11,1368.3
776,851,49,2024-01-12 09:35:00,105,109.38,7,1285.53
777,1101,9,2024-07-12 19:54:00,25,17.18,23,173.74
778,227,37,2024-05-28 05:55:00,30,38.71,12,522.61
779,721,49,2024-04-21 13:57:00,86,73.19,11,1046.82
780,1361,44,2025-05-06 20:48:00,91,80.63,44,1074.4
781,462,26,2024-09-10 14:18:00,115,164.69,5,2839.11
782,364,26,2024-05-27 00:34:00,116,104.48,14,1521.43
783,1400,7,2024-07-15 18:41:00,63,93.04,36,920.05
784,60,40,2024-04-24 04:39:00,89,93.72,2,1311.68
785,1500,27,2025-04-29 00:20:00,88,72.6,15,1077.65
786,1950,24,2024-01-12 23:38:00,111,131.95,6,2177.58
787,331,30,2024-07-07 23:55:00,40,30.31,6,340.3
788,601,5,2025-04-02 00:13:00,83,84.25,7,1249.99
789,909,16,2025-02-11 05:29:00,74,87.12,10,1456.72
790,1862,11,2024-05-05 14:46:00,18,10.91,1,161.69
791,833,34,2024-08-28 12:04:00,110,107.29,8,1806.07
792,1101,8,2025-01-01 19:41:00,78,96.98,38,1242.13
793,1487,4,2024-05-29 12:53:00,115,144.05,1,1675.84
794,1468,33,2024-11-18 20:28:00,64,83.76,16,792.36
795,538,49,2025-02-26 18:48:00,111,77.77,20,907.16
796,1345,22,2024-03-13 07:50:00,71,56.02,3,633.04
797,1421,5,2024-08-22 22:31:00,106,86.95,8,993.35
798,1412,29,2024-06-18 14:44:00,43,47.79,1,746.16
799,304,34,2024-05-27 00:14:00,57,63.11,9,698.41
800,1467,11,2024-10-17 20:19:00,70,86.92,28,829.6
801,1650,45,2024-03-06 04:38:00,47,64.54,8,927.29
802,58,14,2024-10-25 09:09:00,84,51.31,11,780.5
803,1527,34,2024-07-26 15:39:00,31,45.73,4,634.34
804,1027,21,2024-09-24 11:24:00,120,172.02,5,2874.08
805,988,12,2024-09-04 12:00:00,95,137.96,10,1413.85
806,423,15,2024-03-17 08:38:00,109,136.89,3,1984.9
807,731,32,2024-08-23 18:58:00,91,128.83,43,2187.71
808,1519,13,2024-07-05 21:02:00,61,70.99,10,928.13
809,556,36,2025-05-07 17:54:00,104,112.73,2,1995.81
810,115,29,2024-10-17 16:15:00,41,34.05,5,507.24
811,1333,16,2024-04-26 22:45:00,68,51.66,8,698.43
812,188,48,2024-04-07 23:53:00,18,25.48,4,336.99
813,125,14,2024-04-26 07:37:00,107,120.18,14,1079.54
814,1806,4,2024-06-12 20:04:00,35,36.07,38,318.64
815,405,7,2024-10-04 18:13:00,86,89.31,10,1234.01
816,1764,8,2025-01-03 14:49:00,92,71.33,14,1278.4
817,516,49,2024-07-27 19:17:00,73,85.27,31,1114.73
818,1054,19,2025-05-02 20:19:00,43,59.36,25,677.38
819,1389,36,2024-09-14 09:40:00,66,46.22,5,595.12
820,654,33,2024-08-28 15:10:00,32,21.09,13,310.65
821,194,29,2024-06-24 20:43:00,78,104.54,22,1650.47
822,1563,15,2024-04-19 09:32:00,49,43.51,15,392.86
823,615,40,2024-04-17 18:43:00,29,25.85,22,404.91
824,1610,11,2025-03-12 05:39:00,94,69.69,15,1012.94
825,1616,27,2025-02-03 23:17:00,39,56.14,15,973.65
826,1709,20,2024-07-08 04:19:00,52,65.21,10,814.93
827,872,37,2024-07-20 13:00:00,107,154.72,1,2736.5
828,725,42,2025-02-16 04:29:00,108,91.45,6,922.37
829,1468,17,2024-05-30 11:01:00,51,50.22,12,565.32
830,1147,48,2024-04-12 06:39:00,74,73.71,8,668.43
831,498,11,2024-06-15 23:30:00,102,115.63,1,1828.37
832,799,45,2025-05-06 22:31:00,41,34.94,12,300.25
833,115,41,2024-06-24 08:34:00,57,56.68,9,516.37
834,276,48,2024-02-07 10:49:00,103,100.16,4,1676.63
835,1208,20,2024-10-20 06:35:00,21,20.88,10,286.63
836,1563,43,2024-05-13 17:33:00,114,98.3,0,924.48
837,1577,5,2025-03-21 22:45:00,104,91.79,11,1565.11
838,914,48,2025-03-28 06:11:00,51,52.1,14,605.51
839,408,44,2025-05-12 22:16:00,42,48.02,0,451.52
840,1316,27,2024-08-06 12:51:00,72,94.92,1,1625.96
841,1050,24,2024-01-09 18:27:00,14,20.49,30,325.82
842,1008,19,2024-10-21 10:40:00,18,22.7,2,402.75
843,1599,8,2024-09-29 05:51:00,75,102.13,2,1403.19
844,960,40,2024-11-28 06:48:00,19,24.52,13,396.67
845,954,29,2025-03-31 23:09:00,93,83.46,5,1208.37
846,696,30,2024-09-27 22:47:00,114,165.72,0,1991.07
847,602,1,2024-11-15 12:01:00,11,8.83,13,83.93
848,1753,15,2024-10-26 21:49:00,51,55.04,6,864.09
849,1177,23,2025-04-02 22:55:00,83,61.2,4,615.76
850,372,7,2024-01-14 17:38:00,118,74.99,4,1004.92
851,1956,5,2024-06-16 10:59:00,39,46.5,6,512.86
852,869,18,2024-04-29 06:49:00,55,34.35,14,317.09
853,1942,25,2024-01-14 14:55:00,105,143.72,6,1696.49
854,916,29,2024-07-23 06:13:00,108,101.79,3,908.83
855,359,33,2025-04-12 18:46:00,76,53.92,23,496.26
856,1002,48,2024-11-05 11:47:00,50,48.68,6,869.01
857,1638,33,2024-07-03 15:16:00,75,52.56,14,428.97
858,779,27,2024-07-23 03:22:00,56,81.26,2,1002.87
859,1737,42,2024-06-02 07:44:00,20,23.71,12,397.37
860,33,18,2025-01-08 20:57:00,51,32.68,25,319.4
861,19,9,2024-09-22 04:08:00,98,100.24,1,863.25
862,1644,14,2025-03-19 23:42:00,47,43.92,13,712.93
863,859,12,2024-03-30 16:09:00,104,138.16,5,1609.66
864,1895,8,2025-02-06 05:01:00,73,57.21,12,815.42
865,1862,17,2024-11-14 10:01:00,110,68.56,0,1157.86
866,71,48,2025-03-22 04:58:00,62,39.79,12,621.72
867,1480,34,2024-03-27 05:06:00,11,10.05,7,89.66
868,136,8,2025-05-10 15:29:00,63,86.34,14,806.77
869,1236,41,2024-01-01 09:30:00,70,98.67,8,915.85
870,1345,35,2024-07-06 19:42:00,101,69.36,41,1074.19
871,1745,37,2024-04-10 04:14:00,75,53.76,4,551.34
872,169,48,2024-02-18 22:25:00,46,64.32,3,675.22
873,514,12,2025-01-08 21:19:00,52,64.45,14,946.36
874,1065,34,2024-10-22 08:48:00,26,23.27,11,340.02
875,1187,48,2025-04-23 01:47:00,112,106.01,1,1690.01
876,374,1,2024-03-14 20:02:00,116,152.57,20,1825.9
877,24,37,2024-09-03 15:54:00,54,41.52,12,519.87
878,440,30,2024-11-14 08:34:00,66,46.6,8,678.24
879,1054,22,2024-06-21 05:16:00,53,70.29,15,1104.96
880,935,43,2024-02-19 21:54:00,53,68.21,8,588.73
881,749,28,2024-11-24 00:34:00,26,17.81,14,290.32
882,247,36,2024-12-30 09:08:00,54,47.32,13,640.38
883,1925,6,2025-05-09 16:11:00,60,80.28,6,756.0
884,1394,15,2025-02-01 00:12:00,103,130.82,4,1782.92
885,1087,34,2024-01-25 17:23:00,79,63.78,5,749.08
886,206,44,2024-03-25 20:40:00,119,137.61,19,1845.1
887,1957,40,2024-08-05 06:17:00,16,23.41,12,256.69
888,1846,34,2025-05-12 13:57:00,70,71.48,4,1087.6
889,615,1,2024-02-08 08:45:00,81,97.31,6,1676.7
890,1256,39,2025-05-06 02:03:00,106,102.75,4,1316.16
891,329,49,2025-05-12 07:25:00,110,81.78,13,974.0
892,397,16,2025-03-03 11:04:00,38,55.75,8,524.3
893,823,8,2025-01-06 23:37:00,96,70.72,14,666.47
894,565,49,2024-06-16 00:40:00,25,26.71,3,419.79
895,1226,31,2024-04-28 21:28:00,48,64.32,14,613.4
896,1803,49,2025-04-11 23:21:00,44,64.0,1,756.16
897,1826,17,2024-02-27 20:29:00,64,72.09,41,1123.49
898,461,34,2024-02-22 02:46:00,87,127.35,11,1326.09
899,1741,43,2024-09-10 22:27:00,63,41.01,3,682.89
900,574,47,2025-01-10 08:57:00,42,49.4,10,602.5
901,1713,17,2024-07-01 02:00:00,22,27.32,15,284.88
902,1014,15,2024-10-29 13:42:00,44,30.52,15,415.28
903,1716,37,2024-07-11 19:33:00,95,89.71,16,1247.28
904,1626,42,2025-05-03 03:36:00,22,15.53,7,180.26
905,1378,46,2025-04-07 19:26:00,114,108.8,12,1248.27
906,1615,29,2025-03-12 14:36:00,120,128.46,12,2072.27
907,1287,48,2025-02-02 13:42:00,13,10.33,5,85.13
908,1938,22,2024-02-20 09:58:00,62,81.95,14,1351.71
909,520,23,2025-02-23 21:22:00,55,81.19,7,874.12
910,1606,4,2024-06-15 14:44:00,91,76.15,5,768.64
911,1579,36,2024-11-27 10:47:00,61,77.96,5,1282.22
912,1755,6,2024-06-19 11:39:00,78,98.74,7,1102.47
913,627,7,2025-04-13 23:05:00,91,87.86,15,1264.72
914,1550,25,2024-04-13 08:54:00,100,103.69,10,1665.16
915,1835,24,2025-01-21 05:10:00,51,31.33,6,432.93
916,1862,33,2024-12-24 20:35:00,47,60.21,44,588.8
917,1267,45,2024-02-08 06:05:00,21,26.05,12,430.4
918,299,46,2024-06-23 17:22:00,60,43.18,12,390.19
919,1959,48,2025-02-21 09:39:00,82,120.84,10,2174.44
920,907,3,2024-05-05 17:09:00,95,141.87,0,1836.5
921,1707,45,2024-04-22 07:56:00,38,37.86,6,357.92
922,608,16,2025-05-08 00:54:00,88,91.08,14,1106.19
923,1129,37,2024-04-08 13:11:00,118,125.87,12,1796.49
924,1820,25,2025-01-17 08:45:00,111,164.69,8,2027.85
925,747,16,2024-06-12 17:22:00,19,27.78,4,311.6
926,1695,45,2024-05-06 17:37:00,26,17.86,15,238.5
927,215,39,2024-04-26 23:22:00,101,124.42,7,1574.27
928,1177,4,2024-08-23 19:28:00,73,82.63,14,1448.64
929,351,2,2024-10-13 14:35:00,93,60.62,11,773.89
930,1447,10,2024-02-02 21:22:00,18,26.27,8,359.83
931,1941,47,2024-01-15 22:38:00,72,71.12,4,1270.35
932,441,43,2024-08-19 09:34:00,99,119.51,10,1234.02
933,1636,33,2025-04-29 13:09:00,108,117.25,10,1949.56
934,1989,40,2024-01-28 22:48:00,55,62.08,2,877.72
935,1085,27,2025-01-08 05:46:00,34,28.01,5,458.17
936,61,42,2025-04-20 15:46:00,25,22.47,3,392.36
937,1176,45,2025-04-30 21:24:00,113,109.25,15,1025.32
938,704,12,2024-02-19 09:22:00,32,39.57,8,514.28
939,378,17,2024-07-24 06:14:00,54,80.3,2,915.2
940,1540,7,2024-09-25 08:01:00,87,56.97,1,844.7
941,196,11,2024-01-01 16:00:00,10,8.94,9,73.99
942,1854,37,2024-10-15 11:54:00,18,26.28,6,377.51
943,1021,12,2024-10-01 06:22:00,22,30.47,4,426.49
944,1176,12,2025-04-01 14:45:00,118,164.22,5,2146.9
945,1668,29,2024-01-16 19:02:00,78,109.15,17,1754.26
946,639,19,2024-02-25 11:43:00,33,37.33,5,634.7
947,1020,13,2024-11-04 04:39:00,53,76.53,12,1212.28
948,1934,8,2024-12-08 17:04:00,53,43.54,4,452.58
949,1675,32,2024-04-06 12:02:00,55,35.9,15,578.32
950,1864,43,2024-12-28 18:06:00,118,126.01,30,2157.12
951,1154,37,2024-12-25 17:33:00,60,76.87,6,832.17
952,278,29,2025-01-25 06:18:00,90,88.53,13,1042.06
953,1005,2,2024-09-08 03:20:00,81,83.89,12,927.74
954,1611,50,2024-05-27 21:44:00,17,18.27,1,180.52
955,183,20,2025-04-01 18:47:00,83,90.35,30,1390.72
956,1095,2,2024-01-25 09:24:00,34,31.16,1,505.96
957,1402,28,2025-01-13 16:33:00,118,89.73,11,1329.02
958,92,14,2024-02-20 14:11:00,38,47.16,2,714.02
959,1015,14,2024-10-19 20:39:00,11,7.05,34,70.93
960,1412,8,2025-04-18 09:00:00,40,47.75,10,852.05
961,799,15,2024-07-09 12:02:00,29,21.1,7,299.99
962,529,28,2024-12-14 18:45:00,120,169.43,29,1702.56
963,1800,42,2025-01-12 08:26:00,98,59.7,13,702.75
964,1726,13,2025-02-22 15:16:00,86,52.41,12,441.19
965,1572,29,2024-03-06 21:44:00,38,25.21,3,230.74
966,1848,32,2024-02-04 05:34:00,51,38.28,8,671.94
967,1465,45,2024-07-22 09:34:00,46,39.39,8,357.86
968,245,26,2025-02-25 06:05:00,81,110.31,6,1022.7
969,74,31,2024-09-02 03:07:00,39,24.73,12,243.46
970,1562,45,2025-02-16 02:15:00,65,75.0,14,1153.76
971,906,39,2025-01-28 01:42:00,74,95.47,6,1497.49
972,1485,21,2024-01-23 18:00:00,29,26.31,26,453.02
973,718,30,2024-04-12 20:03:00,60,56.52,28,737.92
974,462,12,2024-11-17 06:21:00,94,117.41,0,1962.32
975,143,16,2024-11-04 16:18:00,81,60.34,10,516.94
976,1403,5,2024-07-28 16:34:00,12,13.88,5,211.54
977,659,24,2024-01-20 04:57:00,23,27.97,0,330.39
978,1153,4,2025-02-20 12:49:00,82,58.03,7,906.53
979,73,37,2024-10-06 02:01:00,93,124.77,15,2167.52
980,1321,25,2024-05-24 21:39:00,59,59.28,7,879.05
981,1255,17,2024-06-25 20:29:00,71,101.35,19,1271.16
982,1802,24,2024-04-24 04:18:00,91,114.47,12,2059.48
983,1807,11,2024-07-07 23:01:00,65,86.12,4,725.61
984,841,46,2025-03-26 17:54:00,39,58.06,4,952.26
985,723,14,2025-04-27 12:26:00,63,63.91,14,794.97
986,796,30,2024-07-05 10:20:00,95,91.1,6,952.91
987,1460,13,2024-10-18 06:55:00,103,122.92,11,2090.08
988,1123,49,2025-02-09 13:23:00,92,80.61,12,758.81
989,223,35,2024-11-29 14:19:00,116,169.38,13,1441.23
990,445,22,2024-10-09 05:42:00,59,85.16,13,834.84
991,908,2,2024-12-21 06:24:00,82,98.42,8,1755.45
992,1394,37,2025-01-28 04:41:00,61,68.17,6,648.08
993,649,30,2024-05-05 23:08:00,107,153.88,10,2170.26
994,1564,40,2024-09-28 23:40:00,14,16.92,2,149.87
995,18,4,2024-06-18 02:20:00,55,43.05,4,756.8
996,630,5,2024-07-04 19:58:00,50,56.26,38,717.36
997,1441,12,2024-05-28 09:06:00,112,123.84,4,1192.9
998,243,35,2025-04-11 19:26:00,30,33.16,40,497.35
999,576,45,2025-03-10 07:07:00,94,136.38,14,1223.42
1000,81,9,2025-03-26 12:30:00,58,59.69,0,827.41
1001,1676,24,2025-04-21 14:37:00,83,63.38,0,1122.01
1002,1939,43,2024-10-17 11:56:00,53,78.92,11,685.73
1003,277,40,2024-06-02 21:25:00,29,20.3,6,357.6
1004,657,19,2024-12-30 02:22:00,87,129.21,15,1054.3
1005,1825,38,2024-08-01 05:23:00,118,97.64,8,1739.98
1006,1852,2,2024-09-07 10:57:00,31,20.05,7,300.85
1007,539,29,2024-08-09 10:02:00,44,56.1,14,818.73
1008,682,36,2024-01-17 04:55:00,89,54.26,0,598.33
1009,409,31,2024-07-13 12:02:00,98,118.06,12,1340.73
1010,1645,33,2025-03-13 13:26:00,100,90.79,11,1379.21
1011,1132,13,2024-09-07 09:17:00,20,28.44,2,456.6
1012,1871,21,2025-03-17 16:57:00,24,14.9,4,239.33
1013,220,16,2024-02-08 05:23:00,18,13.29,7,209.83
1014,1769,5,2024-01-05 23:00:00,104,137.93,2,1318.95
1015,1283,30,2024-11-19 10:50:00,95,66.05,3,565.5
1016,285,13,2025-04-15 23:59:00,20,15.34,2,123.31
1017,1622,44,2024-04-29 06:03:00,101,67.82,10,966.74
1018,395,31,2025-02-22 06:45:00,73,83.58,5,1060.81
1019,1499,44,2024-10-30 01:28:00,33,34.88,2,340.38
1020,405,17,2024-03-14 17:36:00,34,41.82,2,413.26
1021,1738,21,2025-01-22 07:10:00,60,70.31,9,985.43
1022,1038,41,2024-05-26 06:27:00,42,56.36,7,749.9
1023,1342,44,2024-05-08 09:48:00,30,19.75,2,255.55
1024,1849,47,2024-01-31 19:48:00,114,112.53,38,913.74
1025,1525,44,2024-02-15 10:37:00,108,153.87,11,2305.09
1026,1241,44,2025-05-06 02:36:00,43,53.94,10,674.67
1027,1521,31,2024-07-08 15:19:00,107,111.3,6,1144.29
1028,350,3,2024-12-19 11:26:00,69,96.05,10,1655.37
1029,1734,26,2024-08-25 14:28:00,29,21.11,12,257.46
1030,51,9,2025-02-07 10:24:00,90,66.1,11,538.02
1031,1621,43,2025-04-08 05:09:00,85,123.37,6,1103.97
1032,802,31,2024-03-17 08:21:00,35,21.68,12,207.76
1033,1700,36,2024-05-22 07:12:00,72,82.52,15,1017.35
1034,1941,11,2024-09-06 21:03:00,55,80.59,2,1412.7
1035,1446,31,2024-11-07 09:09:00,40,42.68,15,684.43
1036,853,32,2024-01-07 09:40:00,30,27.14,9,402.77
1037,879,40,2024-03-03 19:08:00,77,65.74,33,1056.52
1038,1770,9,2024-07-08 18:30:00,18,11.09,33,134.97
1039,429,21,2024-12-18 07:58:00,50,58.52,15,928.6
1040,1137,22,2024-10-22 10:44:00,34,48.0,10,759.17
1041,1173,15,2024-12-28 18:39:00,40,53.28,25,686.56
1042,963,2,2024-06-09 16:56:00,22,20.81,4,296.25
1043,167,34,2024-09-08 14:38:00,103,86.46,14,1028.51
1044,396,50,2024-05-21 22:09:00,56,76.33,1,972.25
1045,458,41,2024-01-02 10:22:00,115,133.24,4,2110.1
1046,1960,21,2024-09-05 10:38:00,78,60.84,6,1069.4
1047,1224,39,2024-03-02 09:46:00,17,21.45,6,283.89
1048,1033,19,2024-05-07 12:27:00,99,132.34,0,1453.33
1049,419,10,2024-05-31 00:01:00,93,109.7,13,963.94
1050,953,50,2025-04-10 04:28:00,90,84.94,5,1183.93
1051,1554,21,2024-02-25 08:29:00,45,35.01,14,379.78
1052,1202,9,2024-06-14 00:07:00,16,22.1,15,258.31
1053,646,47,2024-07-11 17:01:00,90,89.18,10,1066.18
1054,669,40,2025-03-04 01:41:00,46,41.01,1,690.3
1055,115,47,2025-01-02 22:08:00,73,48.0,2,451.16
1056,210,34,2024-03-24 22:15:00,21,26.86,11,305.71
1057,846,22,2025-01-19 02:31:00,61,66.53,13,959.24
1058,811,45,2024-03-20 17:52:00,21,27.99,14,268.44
1059,1563,17,2024-04-26 07:03:00,92,111.8,0,953.08
1060,1727,45,2024-04-25 15:02:00,15,11.96,7,209.3
1061,1955,9,2024-09-13 10:20:00,59,75.54,12,618.87
1062,1568,19,2024-09-09 00:42:00,101,123.97,2,1041.51
1063,1208,3,2024-04-16 07:37:00,72,43.66,2,603.2
1064,754,33,2025-04-05 05:25:00,37,27.27,0,467.74
1065,1525,40,2024-05-24 08:35:00,57,60.41,5,987.6
1066,1545,39,2024-05-11 10:12:00,51,71.81,12,660.05
1067,585,29,2024-01-15 14:38:00,93,112.03,12,1125.44
1068,231,3,2024-07-17 03:47:00,36,28.08,9,458.53
1069,1381,14,2025-03-29 18:52:00,48,44.39,13,642.69
1070,471,37,2025-03-31 08:13:00,75,46.61,0,473.76
1071,371,22,2024-04-15 15:46:00,59,73.63,14,1313.73
1072,1233,49,2024-03-25 15:30:00,81,92.1,7,808.34
1073,220,1,2025-03-12 00:39:00,16,21.94,8,379.6
1074,622,29,2024-07-14 23:36:00,30,20.63,11,209.46
1075,391,28,2025-01-14 11:04:00,45,43.91,0,481.9
1076,72,8,2024-06-03 04:16:00,68,97.72,6,899.34
1077,1304,48,2025-05-02 21:50:00,13,18.1,15,176.4
1078,231,6,2025-01-06 07:29:00,84,102.94,8,1101.53
1079,1440,37,2024-09-02 02:46:00,98,72.32,2,866.06
1080,773,2,2024-01-20 15:27:00,116,118.22,5,2095.93
1081,1182,3,2024-12-02 02:49:00,45,55.75,15,559.0
1082,548,2,2024-12-09 08:55:00,34,27.59,14,444.3
1083,1332,3,2025-03-23 18:53:00,119,118.03,41,1878.99
1084,1466,48,2024-01-25 09:23:00,21,23.9,14,387.35
1085,1116,11,2024-07-10 21:57:00,57,71.45,4,800.75
1086,1310,23,2024-07-27 05:37:00,61,57.03,11,893.84
1087,303,44,2025-01-19 15:43:00,79,76.4,13,677.24
1088,519,9,2024-06-19 11:41:00,69,69.39,5,1172.51
1089,704,33,2025-04-15 20:09:00,86,78.04,20,1288.52
1090,1175,9,2025-05-15 06:52:00,98,93.76,13,1575.85
1091,1027,35,2024-01-22 16:06:00,83,50.1,5,771.4
1092,1401,46,2025-02-07 10:31:00,24,21.43,11,288.97
1093,809,34,2024-12-02 12:14:00,83,76.03,13,1131.18
1094,218,15,2024-11-23 20:29:00,29,39.18,22,594.05
1095,1830,33,2025-02-13 03:31:00,28,39.88,9,415.48
1096,832,20,2025-02-26 06:34:00,91,62.51,6,514.77
1097,64,19,2024-03-02 06:11:00,115,149.32,2,1294.64
1098,927,8,2024-08-04 11:42:00,61,37.18,9,425.03
1099,768,14,2024-06-04 13:39:00,85,121.35,1,1794.91
1100,65,32,2024-06-12 11:01:00,42,51.68,12,802.55
1101,1577,7,2024-08-04 22:37:00,89,123.94,15,2224.27
1102,779,3,2025-05-07 15:48:00,21,21.58,2,190.54
1103,1484,46,2024-11-19 03:29:00,58,73.9,7,1037.27
1104,962,3,2024-06-14 09:35:00,109,134.47,14,1366.96
1105,841,7,2024-01-06 21:08:00,85,117.0,0,2030.58
1106,911,5,2024-09-14 05:29:00,45,55.23,12,884.4
1107,1098,42,2025-01-05 01:16:00,84,59.3,15,577.53
1108,926,19,2025-03-13 05:02:00,47,53.63,13,487.86
1109,318,5,2024-04-11 15:31:00,41,24.81,5,390.13
1110,90,20,2024-04-03 07:21:00,120,145.77,15,1499.58
1111,911,45,2025-04-30 03:06:00,31,22.48,0,278.32
1112,751,45,2024-08-08 00:45:00,77,108.41,11,1555.5
1113,218,27,2024-08-30 01:17:00,65,71.6,13,620.73
1114,179,17,2025-03-25 21:22:00,70,67.28,7,1148.21
1115,1794,9,2024-03-02 00:10:00,21,23.38,6,291.34
1116,1119,24,2024-10-12 08:30:00,18,26.53,5,366.68
1117,238,36,2024-01-21 07:12:00,28,24.37,12,197.69
1118,123,33,2025-02-07 00:07:00,77,92.35,0,1018.94
1119,1662,9,2024-06-12 07:55:00,71,93.8,6,1373.27
1120,980,31,2024-04-19 03:11:00,59,64.77,2,612.8
1121,261,33,2024-03-15 02:30:00,75,111.82,2,1527.64
1122,506,41,2025-01-20 13:53:00,90,83.3,7,1356.1
1123,833,4,2025-01-20 13:02:00,51,66.43,0,659.39
1124,1488,24,2024-07-19 14:38:00,117,161.49,4,2066.05
1125,1945,33,2025-03-31 13:41:00,106,124.21,7,1737.67
1126,590,32,2025-01-30 02:27:00,86,53.99,2,735.17
1127,1443,50,2024-03-15 20:02:00,57,48.43,27,612.4
1128,1653,22,2024-06-04 17:38:00,51,72.8,15,954.73
1129,791,49,2025-03-22 22:37:00,98,108.21,4,1373.54
1130,187,45,2024-09-07 10:34:00,76,87.76,2,922.88
1131,550,18,2025-03-23 09:38:00,75,60.38,10,1030.82
1132,1160,13,2024-06-27 09:12:00,115,103.67,13,1118.1
1133,1225,28,2024-12-08 21:12:00,108,124.39,4,1993.03
1134,1410,19,2024-04-07 21:43:00,56,69.52,10,698.3
1135,948,38,2024-09-23 05:07:00,102,127.55,9,1834.93
1136,422,39,2025-02-08 20:53:00,53,40.53,41,476.23
1137,803,31,2025-01-02 08:59:00,82,83.08,10,786.22
1138,1242,5,2024-05-09 03:24:00,114,124.9,12,1003.28
1139,387,17,2025-04-20 15:29:00,80,90.02,8,1180.27
1140,862,13,2024-05-16 01:27:00,90,133.52,3,1704.21
1141,793,21,2024-03-02 04:11:00,25,23.13,1,194.53
1142,144,18,2024-02-25 17:34:00,44,31.45,3,542.75
1143,1407,28,2024-04-14 01:57:00,94,104.33,0,950.9
1144,1279,47,2024-05-21 09:27:00,40,32.3,8,558.1
1145,725,16,2024-03-18 00:35:00,84,74.34,7,722.47
1146,1980,25,2024-04-14 17:39:00,12,17.51,2,240.1
1147,1258,18,2025-02-18 15:07:00,22,18.07,13,184.49
1148,942,40,2024-03-25 05:58:00,38,32.36,0,336.15
1149,632,28,2024-10-23 19:54:00,59,59.09,24,532.03
1150,168,27,2024-12-30 14:28:00,29,36.69,12,605.6
1151,1538,25,2024-01-12 17:48:00,44,34.52,15,426.89
1152,1793,34,2024-06-24 10:01:00,73,77.15,12,1263.89
1153,1243,14,2024-07-09 04:45:00,19,21.68,12,209.95
1154,828,14,2024-04-21 10:22:00,61,51.65,9,877.25
1155,778,39,2025-03-25 15:01:00,97,139.85,7,2021.5
1156,133,29,2024-12-31 00:24:00,83,75.59,12,620.21
1157,894,47,2024-08-16 13:05:00,65,53.91,7,576.36
1158,1867,17,2024-09-02 05:10:00,38,51.99,6,855.7
1159,782,24,2024-01-25 07:05:00,100,142.43,2,2016.03
1160,1133,4,2024-05-08 02:33:00,42,42.33,9,398.59
1161,893,18,2025-03-21 05:14:00,62,54.59,2,563.27
1162,189,40,2024-01-27 18:41:00,110,143.64,21,1563.15
1163,964,28,2025-04-03 05:15:00,12,15.92,6,223.3
1164,158,5,2025-01-30 03:17:00,114,148.75,3,2348.85
1165,1134,49,2024-07-07 23:11:00,29,31.33,5,327.6
1166,18,21,2025-03-13 05:49:00,44,46.72,0,607.79
1167,1833,4,2024-07-20 04:10:00,16,16.35,4,170.35
1168,1248,24,2024-10-20 08:29:00,41,41.39,3,626.41
1169,332,41,2024-11-06 01:04:00,58,41.89,9,528.14
1170,1637,32,2024-12-12 12:35:00,79,99.04,14,1745.19
1171,1932,34,2024-06-30 19:36:00,101,136.74,35,2121.7
1172,1073,27,2024-03-26 16:54:00,73,52.09,1,524.49
1173,1229,24,2025-03-07 09:07:00,87,123.0,12,1446.41
1174,766,2,2024-06-10 15:12:00,106,65.13,13,1025.84
1175,1537,10,2024-08-18 18:50:00,107,136.35,29,1631.24
1176,292,2,2025-04-06 07:57:00,66,54.62,12,691.68
1177,953,24,2025-03-27 06:29:00,26,25.33,1,264.79
1178,299,41,2025-04-17 03:18:00,57,36.93,14,631.28
1179,1817,42,2025-03-22 13:04:00,86,74.35,15,624.93
1180,1779,31,2024-02-04 11:21:00,34,29.9,5,242.51
1181,208,10,2025-01-16 22:35:00,44,28.77,6,411.61
1182,761,2,2024-08-17 12:21:00,112,128.98,11,1833.8
1183,584,24,2024-01-27 16:37:00,25,34.88,15,430.21
1184,1053,3,2024-12-07 17:46:00,105,116.52,2,2095.78
1185,315,25,2024-06-18 21:45:00,66,83.05,8,783.95
1186,1561,13,2024-02-17 19:24:00,45,42.97,12,362.67
1187,25,9,2024-04-09 13:36:00,34,33.18,4,407.09
1188,1164,17,2025-04-14 06:00:00,18,13.45,1,143.31
1189,989,5,2024-04-22 14:58:00,31,44.4,15,405.92
1190,1371,30,2025-02-19 10:39:00,103,152.6,15,2679.15
1191,529,37,2024-10-12 17:56:00,114,144.54,10,1917.63
1192,1368,44,2025-03-03 22:37:00,76,92.29,7,947.08
1193,46,28,2024-09-04 08:21:00,75,65.29,12,555.81
1194,1212,20,2025-02-14 08:06:00,115,84.32,7,1386.63
1195,449,16,2024-08-25 04:59:00,22,27.01,11,327.54
1196,819,27,2024-10-17 10:19:00,20,16.36,15,286.05
1197,1358,5,2025-01-31 10:59:00,17,16.87,13,160.95
1198,970,2,2024-06-19 11:07:00,49,39.79,15,687.51
1199,812,38,2024-04-19 12:27:00,118,95.77,7,1350.91
1200,338,22,2024-03-22 19:20:00,85,79.83,15,719.0
1201,169,48,2024-01-05 04:34:00,64,66.78,2,1158.22
1202,1626,45,2024-11-27 04:03:00,10,10.24,1,95.59
1203,1728,24,2024-12-13 21:58:00,115,141.45,2,1188.79
1204,1829,20,2024-06-18 03:02:00,84,56.63,1,800.95
1205,1683,13,2025-02-08 05:57:00,60,80.51,15,730.66
1206,1216,19,2024-11-11 16:04:00,116,133.57,4,1155.3
1207,1242,17,2024-03-21 20:49:00,99,105.28,41,1480.75
1208,1412,19,2024-01-17 12:54:00,53,63.52,15,1022.84
1209,735,33,2024-06-05 09:41:00,100,133.32,13,2142.41
1210,482,20,2024-12-07 10:13:00,40,40.61,4,339.82
1211,121,38,2025-03-24 03:09:00,23,34.46,4,327.14
1212,151,19,2025-01-29 10:44:00,50,56.07,15,692.65
1213,252,42,2024-12-08 21:35:00,103,116.28,6,1971.63
1214,1344,3,2024-07-05 05:25:00,34,30.96,1,257.4
1215,1748,17,2024-07-18 05:52:00,73,74.25,12,1175.92
1216,1767,21,2024-08-18 04:52:00,51,64.81,13,945.19
1217,1963,49,2024-10-17 22:11:00,10,13.82,5,242.44
1218,852,6,2024-09-06 10:09:00,15,20.94,7,274.9
1219,1015,18,2025-04-09 06:46:00,33,32.21,0,461.1
1220,1457,22,2025-02-13 19:23:00,53,31.93,40,501.8
1221,1986,33,2024-04-13 06:09:00,52,63.04,8,838.98
1222,1822,34,2024-10-29 19:59:00,88,68.38,12,858.14
1223,1473,38,2024-10-07 09:34:00,106,107.14,9,1213.47
1224,835,38,2024-11-17 02:30:00,116,161.29,14,2764.68
1225,1247,37,2024-04-28 10:53:00,85,68.05,8,748.74
1226,1336,3,2025-02-22 07:42:00,84,69.61,8,559.86
1227,470,3,2024-04-23 14:15:00,60,36.12,1,635.22
1228,1644,18,2024-10-01 17:26:00,12,12.62,9,198.0
1229,1359,4,2024-09-11 18:13:00,78,93.22,28,1472.57
1230,1752,16,2025-04-18 12:35:00,102,91.36,6,743.86
1231,880,6,2024-06-17 20:15:00,71,43.92,18,760.29
1232,1498,17,2024-03-27 21:18:00,95,78.98,5,1347.36
1233,418,47,2024-03-24 11:06:00,107,153.93,9,2767.48
1234,1417,36,2024-11-23 02:04:00,29,40.19,0,704.77
1235,136,50,2025-01-29 08:11:00,24,30.92,10,284.91
1236,1569,50,2024-09-30 14:32:00,25,25.83,8,409.53
1237,730,6,2024-06-29 05:24:00,113,87.05,8,1327.79
1238,1866,40,2025-02-15 02:04:00,30,21.94,5,290.07
1239,1413,35,2024-04-09 15:59:00,106,123.85,0,1412.11
1240,798,49,2024-08-09 03:51:00,75,97.37,12,985.73
1241,390,40,2024-11-22 15:49:00,85,108.2,2,1921.78
1242,1526,15,2025-03-03 21:59:00,109,113.9,14,1352.31
1243,1316,24,2024-04-11 01:02:00,67,51.54,11,421.14
1244,1362,24,2024-11-28 10:26:00,105,142.15,10,2362.54
1245,175,9,2025-03-07 03:38:00,76,84.0,3,1170.02
1246,970,32,2024-10-10 17:46:00,107,97.01,1,1538.72
1247,1307,21,2024-05-05 09:34:00,115,113.05,1,1875.11
1248,113,20,2024-12-06 04:44:00,43,57.37,4,619.98
1249,1741,27,2024-02-08 16:23:00,19,19.92,9,240.41
1250,54,19,2024-06-16 05:45:00,21,29.03,3,337.48
1251,195,17,2025-01-28 10:20:00,25,19.11,6,264.14
1252,162,15,2024-01-26 08:19:00,117,150.29,2,2422.04
1253,1125,37,2025-03-21 22:34:00,48,67.95,9,611.85
1254,827,49,2025-04-21 01:19:00,63,43.07,10,460.44
1255,107,9,2024-02-05 03:37:00,10,6.96,15,58.64
1256,1658,24,2024-07-26 17:06:00,43,31.95,7,281.8
1257,345,12,2024-11-28 18:44:00,120,83.22,11,1057.16
1258,1493,46,2024-03-05 05:47:00,115,158.41,7,2834.98
1259,11,44,2024-09-24 08:36:00,111,139.51,6,1803.38
1260,488,4,2024-08-08 06:39:00,95,90.21,9,1032.24
1261,829,38,2024-07-29 18:18:00,44,36.26,17,546.4
1262,523,42,2024-11-05 15:00:00,24,23.16,6,358.24
1263,1416,9,2024-10-22 05:52:00,92,103.24,7,962.66
1264,83,15,2024-05-07 23:02:00,103,68.49,12,638.99
1265,447,18,2025-05-06 03:36:00,10,11.87,3,193.48
1266,29,27,2024-02-24 10:13:00,67,48.91,3,816.21
1267,666,27,2024-07-12 21:33:00,97,82.21,6,1362.84
1268,299,14,2024-07-18 11:12:00,95,130.37,7,1681.66
1269,1944,18,2024-08-11 01:16:00,10,9.9,5,85.28
1270,1821,4,2025-01-18 14:33:00,47,36.82,3,619.06
1271,289,19,2024-05-23 05:27:00,108,66.14,2,917.02
1272,713,20,2024-11-25 07:28:00,35,42.69,8,699.89
1273,1974,25,2024-05-18 05:30:00,38,37.78,4,308.72
1274,481,42,2024-09-05 12:14:00,80,84.7,4,770.62
1275,1478,24,2024-09-24 08:44:00,22,18.58,9,287.32
1276,42,5,2024-10-17 03:15:00,46,38.04,7,592.56
1277,1369,36,2025-03-14 19:36:00,112,160.38,21,2289.46
1278,1083,1,2024-03-17 00:20:00,108,131.83,13,1803.37
1279,3,31,2024-04-09 05:06:00,103,90.2,13,948.15
1280,1648,18,2024-10-27 06:40:00,61,73.37,11,657.46
1281,967,40,2024-04-10 07:20:00,15,20.58,11,261.65
1282,494,35,2024-06-19 15:14:00,65,95.01,0,1415.39
1283,212,37,2025-04-03 04:14:00,62,85.55,6,1083.99
1284,1096,48,2024-02-07 03:43:00,80,79.77,4,814.24
1285,440,14,2024-07-08 03:02:00,42,25.64,13,235.96
1286,575,42,2024-10-28 14:57:00,36,24.63,7,347.72
1287,192,17,2025-02-09 19:34:00,105,122.45,25,1033.69
1288,1412,18,2024-10-04 05:42:00,106,129.99,0,2243.92
1289,1003,14,2025-02-11 13:56:00,52,35.88,7,618.86
1290,569,1,2024-08-06 22:22:00,55,70.29,5,581.23
1291,200,41,2024-10-19 00:42:00,45,34.8,5,359.91
1292,93,47,2024-04-01 06:52:00,36,28.0,9,353.04
1293,1356,29,2024-04-25 19:08:00,14,9.89,23,115.38
1294,1550,49,2024-06-02 21:27:00,29,35.35,5,450.26
1295,16,11,2024-07-10 01:34:00,32,38.91,13,353.51
1296,1566,11,2024-04-18 02:09:00,63,43.95,7,659.11
1297,341,18,2024-12-31 16:45:00,81,113.03,10,1906.12
1298,323,39,2024-09-29 21:36:00,37,53.96,13,524.56
1299,1714,29,2024-05-22 10:16:00,87,68.97,0,687.13
1300,606,25,2025-01-30 17:29:00,21,29.13,3,465.09
1301,260,4,2024-04-27 23:44:00,78,113.46,3,1543.13
1302,809,42,2024-10-24 22:47:00,114,82.27,5,1101.62
1303,475,9,2024-05-03 01:32:00,119,136.4,2,1420.6
1304,1132,6,2024-06-22 16:34:00,21,17.51,10,236.19
1305,1696,12,2024-01-23 13:31:00,118,159.79,4,2561.23
1306,452,45,2024-11-21 02:33:00,28,32.55,2,397.8
1307,1299,35,2024-02-11 23:48:00,51,51.76,8,927.93
1308,692,2,2024-01-17 00:49:00,13,16.87,0,280.53
1309,1481,2,2024-02-12 10:10:00,106,134.41,2,1186.35
1310,390,31,2025-05-02 03:28:00,110,154.54,11,1324.79
1311,1292,48,2025-05-10 19:01:00,102,74.95,32,834.08
1312,1377,8,2025-02-10 16:41:00,47,60.03,8,575.85
1313,1118,10,2024-11-03 21:36:00,79,81.3,15,1074.97
1314,1573,5,2024-03-18 05:52:00,107,92.03,1,1025.32
1315,961,3,2024-09-16 13:29:00,13,8.32,1,66.79
1316,536,16,2024-07-12 11:40:00,53,36.03,8,479.21
1317,830,25,2024-10-15 03:15:00,62,45.53,8,597.21
1318,659,24,2024-12-04 01:23:00,49,65.63,12,1003.88
1319,1132,46,2024-01-21 20:30:00,16,15.46,25,187.09
1320,1754,40,2024-10-12 14:39:00,55,71.93,0,1131.0
1321,1595,41,2025-05-02 16:11:00,26,17.11,8,274.1
1322,1901,8,2025-03-19 12:16:00,116,124.78,0,1324.67
1323,1502,17,2025-05-07 20:11:00,80,116.29,41,1954.2
1324,510,34,2024-04-09 12:45:00,107,82.27,2,987.0
1325,497,10,2024-12-10 02:09:00,99,95.05,9,1450.45
1326,1069,37,2024-11-26 21:42:00,103,90.3,9,865.61
1327,498,27,2025-01-22 22:08:00,57,71.25,13,722.39
1328,635,50,2024-05-08 02:29:00,15,20.1,9,350.84
1329,1294,25,2024-03-21 11:48:00,57,73.07,1,720.9
1330,1616,15,2025-01-04 21:23:00,53,57.72,5,631.36
1331,1965,47,2024-01-12 21:05:00,70,65.77,13,1047.12
1332,1768,19,2024-09-19 18:52:00,77,81.21,11,1276.65
1333,1497,7,2024-07-07 07:35:00,99,104.04,5,1696.28
1334,565,22,2025-01-06 04:29:00,88,118.67,1,1748.81
1335,697,3,2024-05-28 21:40:00,17,25.39,9,263.76
1336,1877,14,2024-04-16 11:12:00,116,124.54,10,2096.61
1337,251,26,2025-01-07 07:51:00,28,37.11,2,331.98
1338,1229,30,2024-09-26 14:46:00,110,78.25,1,1100.55
1339,407,16,2024-10-30 02:40:00,96,74.71,6,698.32
1340,1319,21,2024-04-25 01:56:00,62,84.9,2,1491.02
1341,1881,49,2024-11-09 16:31:00,107,156.81,12,1403.93
1342,1968,33,2025-03-15 13:49:00,80,99.86,0,809.54
1343,379,14,2025-02-24 00:51:00,13,14.66,10,231.43
1344,230,36,2024-03-06 19:33:00,11,9.02,34,102.27
1345,1305,45,2024-09-11 08:46:00,46,61.67,3,1085.62
1346,1860,27,2025-04-14 00:56:00,89,107.88,12,1259.94
1347,1623,23,2024-03-09 01:04:00,49,56.02,3,936.01
1348,1310,50,2024-10-21 09:06:00,79,68.18,7,816.12
1349,978,22,2025-03-05 00:37:00,27,34.58,13,343.97
1350,1670,47,2024-03-21 06:38:00,87,91.81,2,954.95
1351,564,22,2024-06-21 13:04:00,21,17.42,1,260.5
1352,1756,47,2024-05-30 04:33:00,78,75.39,1,1228.54
1353,1292,2,2025-02-02 10:15:00,73,105.27,13,1300.48
1354,1620,48,2024-01-24 16:44:00,22,15.51,4,190.23
1355,1734,2,2025-04-25 01:12:00,17,18.16,6,210.9
1356,815,39,2024-02-15 00:24:00,29,35.28,2,395.27
1357,1527,14,2024-02-21 05:49:00,37,30.66,10,354.37
1358,1675,28,2024-09-17 17:11:00,65,72.46,15,1033.55
1359,994,28,2025-01-25 17:41:00,28,32.45,8,353.84
1360,1973,3,2024-02-29 07:19:00,80,48.36,14,764.21
1361,702,20,2024-05-01 15:55:00,95,135.04,4,1630.55
1362,435,15,2024-11-26 11:39:00,102,72.6,3,1065.06
1363,925,45,2024-12-21 00:38:00,115,73.92,11,1325.53
1364,1190,46,2024-02-03 09:18:00,83,63.38,0,959.99
1365,928,17,2024-10-25 05:25:00,106,120.63,13,1889.82
1366,1173,25,2025-03-21 21:18:00,116,127.3,14,1132.53
1367,1070,19,2024-03-15 17:50:00,56,62.8,7,594.67
1368,1158,7,2024-05-30 00:49:00,74,103.5,6,1814.65
1369,1824,13,2024-02-25 05:53:00,109,144.57,7,1582.22
1370,290,50,2025-05-11 13:25:00,82,90.52,1,1093.32
1371,1433,2,2024-10-12 15:09:00,60,70.57,14,1103.57
1372,1992,2,2024-11-24 14:11:00,105,83.4,7,1100.87
1373,452,21,2024-12-09 21:38:00,56,66.37,4,967.18
1374,1150,49,2024-01-09 09:52:00,10,14.08,13,237.57
1375,242,10,2025-04-06 22:36:00,88,87.18,0,1176.28
1376,1739,10,2024-07-26 18:48:00,55,59.95,19,739.87
1377,545,6,2025-02-05 17:24:00,83,78.06,13,1116.53
1378,1892,14,2024-01-08 17:30:00,113,111.12,4,1740.68
1379,1654,34,2024-06-09 18:21:00,106,75.07,22,1184.02
1380,817,35,2024-03-17 07:37:00,111,143.84,8,2051.22
1381,84,2,2025-03-02 05:30:00,106,84.94,0,1246.68
1382,1053,28,2024-11-03 12:58:00,59,38.72,1,354.98
1383,1564,25,2024-09-14 06:04:00,20,24.03,10,390.14
1384,1687,2,2024-01-25 02:24:00,77,50.08,8,440.76
1385,1290,39,2024-02-07 23:20:00,16,16.13,5,268.23
1386,1069,13,2025-03-22 18:28:00,92,89.24,19,758.81
1387,755,15,2024-11-22 08:17:00,12,16.87,14,209.64
1388,577,26,2024-03-24 01:45:00,67,93.59,12,1462.78
1389,844,43,2024-03-07 19:08:00,54,33.35,15,515.55
1390,1008,47,2024-11-16 15:59:00,59,84.42,5,1152.69
1391,1910,39,2024-02-04 08:01:00,60,86.58,8,750.79
1392,400,13,2024-04-13 14:14:00,21,30.31,10,350.95
1393,1906,11,2024-04-13 11:58:00,61,42.57,2,538.19
1394,420,11,2024-12-13 03:05:00,87,64.99,12,593.11
1395,1537,28,2024-05-01 16:42:00,50,35.96,15,484.06
1396,2000,23,2024-07-11 03:12:00,37,37.1,9,410.73
1397,1214,4,2025-01-06 05:55:00,84,74.82,4,1245.1
1398,603,33,2024-01-23 03:27:00,45,38.53,1,399.37
1399,420,44,2024-05-08 03:25:00,70,75.65,4,1289.86
1400,1518,32,2024-12-07 16:10:00,33,22.03,5,317.03
1401,1799,32,2025-04-02 18:34:00,115,87.88,22,932.49
1402,1906,27,2024-03-28 18:34:00,53,66.84,41,1059.01
1403,1407,39,2024-08-12 07:48:00,64,88.32,7,1479.12
1404,1105,16,2025-03-24 03:54:00,75,56.96,10,688.32
1405,694,15,2024-10-20 14:47:00,12,12.52,13,150.59
1406,1899,8,2024-08-20 15:44:00,17,16.36,15,169.48
1407,830,34,2025-02-03 04:55:00,111,68.14,0,801.41
1408,295,6,2024-12-03 05:11:00,38,44.32,10,653.22
1409,177,26,2024-12-13 21:23:00,11,14.3,14,248.4
1410,1407,17,2024-07-26 18:09:00,103,68.55,21,598.27
1411,1169,9,2024-06-16 18:25:00,68,87.0,12,1181.05
1412,1095,50,2024-12-15 08:15:00,65,75.47,9,1194.95
1413,1778,2,2025-05-02 05:08:00,14,19.12,1,334.87
1414,1417,47,2024-04-27 21:53:00,79,78.2,8,1022.36
1415,598,42,2024-03-07 09:56:00,87,78.64,2,1138.13
1416,581,23,2024-08-19 20:34:00,74,74.9,12,1119.96
1417,904,6,2024-07-01 05:15:00,79,75.96,12,970.47
1418,1105,50,2025-05-12 21:11:00,13,18.73,14,201.33
1419,1598,5,2025-05-08 19:04:00,102,118.83,39,1538.73
1420,1090,32,2024-07-15 17:09:00,119,138.19,13,1804.49
1421,1472,10,2025-03-04 04:20:00,76,85.05,15,1525.96
1422,79,42,2024-09-29 10:43:00,77,46.25,5,685.58
1423,1623,16,2024-07-07 01:44:00,44,61.37,11,954.65
1424,800,25,2025-01-07 19:21:00,97,98.06,12,814.52
1425,256,11,2024-05-23 17:11:00,109,138.63,11,1481.02
1426,374,34,2024-07-20 14:37:00,60,46.59,11,757.77
1427,1253,19,2024-04-05 20:15:00,91,132.54,44,2040.27
1428,1735,18,2025-02-08 12:53:00,120,96.0,6,1292.33
1429,1847,37,2025-04-23 03:21:00,61,45.63,2,677.36
1430,1876,21,2024-04-05 17:48:00,53,66.26,15,647.96
1431,1936,22,2024-07-18 05:36:00,31,29.86,7,498.16
1432,456,22,2024-09-28 19:50:00,97,90.51,24,1502.87
1433,1925,33,2024-02-24 17:45:00,60,55.94,0,979.86
1434,1003,34,2024-05-14 12:54:00,81,72.25,10,1124.2
1435,1584,44,2024-05-27 08:14:00,10,7.75,3,130.03
1436,1831,33,2025-02-26 18:04:00,116,81.42,40,1139.07
1437,338,4,2024-04-11 16:53:00,100,90.03,7,962.54
1438,78,6,2025-03-05 11:13:00,60,52.61,10,575.37
1439,221,21,2025-02-27 10:12:00,23,18.28,5,213.16
1440,1815,14,2025-02-22 13:30:00,103,140.21,3,1455.59
1441,873,29,2025-03-11 10:02:00,12,17.57,8,307.95
1442,307,45,2025-03-18 20:51:00,23,19.67,15,164.28
1443,725,12,2024-08-21 12:39:00,77,111.89,3,1673.96
1444,1073,31,2024-10-14 01:38:00,103,139.2,15,1122.96
1445,740,9,2024-04-30 16:33:00,81,111.04,11,1334.92
1446,1824,9,2025-04-23 10:35:00,113,160.64,13,1953.52
1447,1957,21,2025-03-18 18:32:00,63,82.72,38,1107.55
1448,573,20,2025-03-17 05:08:00,73,90.19,10,1608.23
1449,1830,43,2024-05-23 17:40:00,53,66.76,13,1178.0
1450,1632,21,2025-02-07 22:53:00,88,75.61,4,835.14
1451,1259,8,2025-05-10 02:51:00,98,96.56,10,797.0
1452,1910,1,2025-03-27 01:02:00,29,38.32,11,551.49
1453,1201,42,2025-03-25 07:04:00,40,28.72,3,459.32
1454,1779,21,2024-02-05 06:00:00,51,46.2,1,610.67
1455,1298,41,2024-08-05 17:47:00,33,40.06,9,441.97
1456,1744,34,2024-09-25 19:24:00,59,66.54,41,628.19
1457,1973,45,2025-04-24 07:27:00,67,94.4,14,1434.28
1458,600,42,2024-07-30 04:47:00,10,7.17,5,123.27
1459,590,14,2025-05-01 02:33:00,37,49.02,5,739.01
1460,1655,7,2025-01-12 04:12:00,117,76.83,6,1080.67
1461,1800,42,2024-01-04 20:19:00,89,60.82,34,935.59
1462,1814,6,2024-09-23 07:26:00,43,44.75,6,679.1
1463,949,23,2024-01-13 17:10:00,108,110.65,2,1621.2
1464,363,12,2025-04-05 11:30:00,69,61.32,11,835.2
1465,545,31,2024-03-10 12:09:00,120,133.69,1,1504.59
1466,1267,6,2024-09-18 21:47:00,68,64.2,7,981.98
1467,804,4,2024-10-08 05:45:00,66,96.64,15,942.77
1468,937,44,2024-04-20 06:28:00,110,137.0,6,2364.34
1469,1343,38,2025-05-09 05:53:00,13,11.61,5,110.9
1470,1957,37,2025-04-10 19:13:00,104,100.96,20,1772.19
1471,1501,28,2025-02-13 10:42:00,119,134.07,9,1389.33
1472,1128,10,2024-05-01 05:20:00,93,86.24,7,1370.66
1473,1753,35,2024-04-14 10:35:00,49,41.16,3,530.59
1474,1321,30,2025-01-12 23:56:00,73,58.18,12,634.07
1475,1930,2,2024-10-19 10:16:00,120,99.42,15,1403.03
1476,1485,8,2024-04-02 14:38:00,115,156.76,14,1258.29
1477,1170,12,2024-08-13 02:10:00,17,15.27,14,238.17
1478,1866,32,2025-01-03 03:13:00,72,89.07,10,835.72
1479,1949,36,2025-04-29 16:15:00,26,19.09,3,178.44
1480,747,26,2025-01-08 23:55:00,16,17.49,5,146.51
1481,92,17,2025-01-24 17:31:00,87,115.69,14,1525.52
1482,1037,37,2024-08-12 11:43:00,36,44.06,11,646.51
1483,732,12,2024-05-01 20:34:00,60,85.91,12,860.81
1484,570,20,2024-04-30 12:41:00,20,26.66,10,242.47
1485,137,23,2025-03-03 05:13:00,103,114.69,2,943.72
1486,306,42,2024-10-22 05:49:00,103,149.11,11,2182.98
1487,190,20,2024-04-11 15:17:00,93,128.44,6,1100.33
1488,1687,13,2025-04-11 00:36:00,63,94.06,2,950.4
1489,1216,32,2024-02-17 19:07:00,28,26.83,19,410.97
1490,237,14,2024-03-21 03:55:00,97,138.86,14,1680.36
1491,1542,43,2024-03-12 01:07:00,87,112.6,2,1031.34
1492,784,26,2024-02-23 04:58:00,33,21.04,1,262.26
1493,1481,22,2024-12-04 23:59:00,77,98.86,7,986.57
1494,1276,48,2025-01-08 06:02:00,47,52.39,13,618.35
1495,427,35,2024-01-07 21:11:00,68,80.62,9,1271.09
1496,213,10,2025-01-26 09:11:00,22,14.98,0,238.16
1497,1399,26,2024-11-16 16:08:00,53,72.81,10,1297.46
1498,308,39,2024-05-26 12:08:00,12,16.27,6,244.15
1499,752,23,2025-01-04 12:53:00,111,73.2,0,1175.13
1500,440,46,2024-12-07 18:38:00,54,38.63,41,627.16
1501,1590,7,2024-04-27 14:07:00,28,23.74,13,411.93
1502,1126,21,2024-10-03 11:24:00,49,63.03,4,637.87
1503,56,17,2025-04-27 02:56:00,105,136.57,0,1284.91
1504,987,4,2024-08-04 03:23:00,88,65.63,7,890.95
1505,570,4,2024-03-26 19:39:00,17,16.98,15,209.06
1506,1766,38,2024-01-12 13:14:00,26,18.56,9,247.04
1507,1936,7,2024-06-24 10:16:00,120,89.13,0,910.76
1508,1455,19,2024-01-17 07:03:00,25,15.38,11,262.69
1509,831,32,2024-10-15 20:28:00,57,55.91,29,795.55
1510,760,29,2024-10-29 21:49:00,54,50.48,13,829.64
1511,1937,16,2024-05-08 15:53:00,23,16.63,8,209.83
1512,6,8,2024-01-23 17:03:00,108,76.32,3,640.12
1513,55,48,2025-02-09 13:35:00,39,26.92,12,289.7
1514,1932,6,2024-09-07 05:27:00,76,48.52,0,638.94
1515,1664,47,2024-12-09 11:28:00,23,16.87,0,281.46
1516,222,22,2024-12-26 01:29:00,20,15.52,1,187.57
1517,209,16,2024-01-28 14:45:00,39,35.06,1,565.52
1518,590,24,2025-05-11 16:17:00,72,62.66,12,610.92
1519,1442,13,2024-01-13 00:36:00,65,49.63,11,618.8
1520,1441,28,2024-11-01 08:31:00,13,10.19,0,115.53
1521,1375,50,2024-04-12 19:25:00,30,40.21,38,692.4
1522,1717,28,2025-03-31 12:27:00,115,84.41,11,1169.2
1523,1075,16,2025-03-01 04:44:00,119,122.27,1,1048.56
1524,545,26,2024-07-31 13:06:00,49,71.96,0,1119.05
1525,1629,8,2024-01-26 14:37:00,72,86.39,3,1480.66
1526,77,2,2025-01-18 20:16:00,84,68.24,45,592.29
1527,1465,37,2025-01-22 22:54:00,100,116.8,8,1605.03
1528,646,16,2024-12-07 22:04:00,50,65.3,1,689.26
1529,1247,33,2024-01-20 18:19:00,92,123.93,41,2143.07
1530,809,39,2024-09-27 15:40:00,38,44.96,6,567.96
1531,900,44,2024-03-02 13:24:00,87,95.78,9,863.99
1532,1860,25,2025-05-04 03:09:00,37,38.35,1,492.81
1533,1170,18,2024-05-07 07:53:00,32,41.15,13,404.51
1534,1510,45,2025-05-10 16:42:00,85,96.53,3,1733.36
1535,914,1,2024-02-04 22:52:00,43,32.19,13,530.53
1536,1958,43,2024-03-12 00:13:00,69,44.57,14,721.95
1537,1108,11,2024-02-24 02:26:00,17,23.07,0,330.09
1538,1353,41,2024-05-12 03:54:00,79,114.5,2,1185.32
1539,1402,45,2025-01-19 19:36:00,75,85.19,38,1448.94
1540,1838,8,2024-02-12 14:01:00,103,139.32,9,2407.18
1541,1041,2,2025-02-21 02:34:00,61,85.69,9,1144.05
1542,330,49,2024-03-02 14:56:00,55,58.84,7,806.75
1543,902,33,2024-07-10 14:59:00,11,11.94,1,192.46
1544,532,35,2024-01-24 13:30:00,50,51.3,2,835.58
1545,369,13,2024-07-13 18:05:00,48,54.53,15,853.18
1546,1369,6,2025-04-23 05:32:00,73,88.1,8,1402.08
1547,1229,43,2024-08-04 17:57:00,74,54.42,12,750.23
1548,1373,31,2024-12-06 20:03:00,44,28.11,32,289.35
1549,242,17,2025-04-08 02:50:00,84,82.42,11,1011.42
1550,1013,36,2024-11-24 07:11:00,72,61.61,7,698.23
1551,773,23,2024-02-24 14:37:00,112,153.79,12,1509.8
1552,1311,3,2025-03-29 19:59:00,63,77.6,28,1268.83
1553,771,25,2024-10-06 07:46:00,43,62.01,13,511.97
1554,928,33,2024-06-08 04:04:00,66,40.29,10,363.5
1555,292,11,2025-04-22 11:37:00,107,87.62,13,942.11
1556,1120,9,2024-01-01 16:36:00,111,144.39,8,1927.06
1557,1091,45,2024-09-13 07:39:00,15,20.88,4,372.71
1558,810,31,2024-03-18 16:28:00,87,97.28,13,799.69
1559,1707,5,2024-02-15 09:04:00,37,55.46,3,768.95
1560,1550,47,2024-05-07 11:42:00,106,157.77,5,2837.62
1561,1789,14,2024-12-31 13:06:00,39,30.89,13,523.41
1562,700,12,2024-05-07 01:58:00,42,37.34,3,448.31
1563,1597,45,2024-01-12 05:23:00,45,57.39,15,542.13
1564,256,40,2024-02-19 13:20:00,93,58.44,6,874.86
1565,561,2,2025-02-07 18:26:00,61,83.0,40,1291.15
1566,992,48,2024-02-03 16:08:00,99,82.45,1,1110.36
1567,1959,47,2024-01-02 12:29:00,116,127.14,3,1362.3
1568,907,18,2024-07-30 16:54:00,23,30.1,10,428.19
1569,1883,26,2024-11-16 12:16:00,79,77.42,7,1160.43
1570,1192,26,2024-12-22 19:35:00,66,58.11,42,686.37
1571,640,45,2025-04-01 02:20:00,53,59.86,10,959.9
1572,101,8,2024-03-04 19:08:00,102,116.2,21,997.68
1573,1408,50,2024-09-01 11:15:00,99,142.15,1,1636.52
1574,145,31,2024-02-10 13:43:00,103,67.54,12,680.22
1575,644,16,2024-07-29 22:41:00,26,17.94,8,202.3
1576,1228,4,2024-07-13 15:00:00,16,9.96,9,160.06
1577,612,34,2025-05-12 18:16:00,32,20.55,34,369.62
1578,1398,18,2025-02-06 23:55:00,81,93.32,13,1210.83
1579,103,21,2025-02-08 13:16:00,30,18.39,9,205.0
1580,1772,24,2024-09-07 14:21:00,78,109.45,14,1732.06
1581,632,50,2024-06-12 07:12:00,110,116.14,0,1422.89
1582,497,24,2024-05-12 12:56:00,58,75.69,5,1188.65
1583,690,45,2024-05-28 01:06:00,60,70.16,11,721.88
1584,110,1,2024-12-21 21:27:00,30,41.1,3,400.69
1585,603,12,2025-05-08 14:27:00,71,86.94,15,965.57
1586,276,49,2024-06-10 19:04:00,59,36.87,15,360.17
1587,1453,7,2024-02-17 11:58:00,119,125.31,8,1670.89
1588,1059,41,2024-07-17 01:00:00,107,151.3,0,1374.33
1589,1206,34,2024-07-21 15:45:00,73,108.95,4,1085.02
1590,163,12,2024-10-22 19:56:00,55,54.98,10,951.7
1591,560,29,2024-03-10 22:26:00,111,92.89,5,1336.31
1592,871,5,2024-03-16 23:07:00,31,20.09,8,206.69
1593,1556,31,2024-06-24 07:27:00,54,66.25,12,1103.99
1594,1091,4,2024-08-24 17:22:00,114,133.61,11,2382.8
1595,1942,33,2024-03-30 09:08:00,25,30.11,7,392.47
1596,1800,17,2024-07-04 08:03:00,14,16.92,13,178.42
1597,1337,24,2024-05-26 20:29:00,53,67.09,22,1103.97
1598,158,8,2024-03-12 06:09:00,101,150.11,9,2356.35
1599,1260,49,2025-01-12 23:31:00,97,140.27,2,1754.43
1600,1846,50,2024-07-22 06:15:00,95,82.09,5,1058.37
1601,63,13,2025-03-20 17:34:00,58,70.56,2,1197.92
1602,725,46,2024-01-07 20:34:00,17,22.46,14,315.95
1603,793,16,2025-02-27 01:16:00,52,64.65,6,538.66
1604,1247,15,2024-06-15 23:34:00,74,99.66,8,1419.29
1605,470,22,2025-03-10 07:56:00,49,29.92,3,393.36
1606,1465,26,2024-08-13 15:32:00,46,48.89,2,803.05
1607,708,12,2024-05-22 08:16:00,95,138.7,8,1472.84
1608,110,35,2024-04-17 17:56:00,56,68.3,15,958.09
1609,446,29,2024-12-26 17:06:00,11,12.95,10,134.8
1610,1221,8,2024-03-16 17:29:00,74,78.53,8,1314.7
1611,1506,25,2025-02-15 19:36:00,84,82.57,43,1085.38
1612,318,49,2024-12-19 19:03:00,49,73.2,30,937.87
1613,1440,9,2025-03-04 15:06:00,45,61.01,4,642.92
1614,477,3,2025-02-18 02:55:00,103,153.25,12,2314.8
1615,359,18,2024-03-08 06:53:00,81,95.89,14,923.17
1616,483,16,2024-10-17 03:09:00,24,35.68,15,296.17
1617,1885,11,2025-04-28 18:13:00,32,34.09,42,587.76
1618,1458,37,2024-10-12 06:10:00,28,19.85,3,161.76
1619,472,12,2025-03-31 00:01:00,18,22.0,12,277.49
1620,778,8,2024-01-24 00:32:00,117,136.68,15,2070.52
1621,250,1,2024-10-07 02:52:00,47,36.21,12,578.22
1622,592,4,2025-04-14 23:15:00,80,68.83,10,997.95
1623,1314,6,2024-10-28 16:48:00,16,20.92,8,255.46
1624,1539,50,2025-03-14 17:41:00,27,20.94,9,253.1
1625,1206,21,2025-03-02 21:50:00,22,13.89,6,212.98
1626,35,30,2025-03-03 12:58:00,33,19.9,8,346.95
1627,1951,48,2024-10-28 12:28:00,116,77.38,0,1317.73
1628,95,28,2024-08-09 21:24:00,64,53.88,2,438.07
1629,1326,26,2025-04-14 11:19:00,21,26.0,7,464.56
1630,4,29,2024-10-04 10:06:00,61,70.32,8,1105.73
1631,962,3,2024-09-24 19:00:00,57,73.86,22,908.4
1632,1123,13,2024-05-30 17:09:00,58,62.69,12,601.39
1633,1243,30,2025-02-05 00:33:00,39,42.35,3,538.89
1634,1397,43,2024-11-24 15:50:00,88,58.55,0,685.62
1635,1212,28,2024-04-02 11:29:00,118,79.03,14,1340.97
1636,48,45,2024-10-31 07:08:00,12,17.39,4,214.18
1637,1437,49,2024-07-02 14:54:00,90,96.28,5,1136.24
1638,620,6,2024-10-10 00:48:00,83,77.33,4,1346.12
1639,1606,30,2024-07-03 10:32:00,50,73.72,3,929.29
1640,936,19,2024-12-27 02:42:00,105,76.04,9,901.15
1641,379,5,2024-02-19 17:43:00,112,151.35,4,1635.08
1642,1247,46,2024-10-30 12:08:00,65,54.58,5,513.55
1643,1932,31,2024-06-20 16:37:00,19,19.08,8,290.21
1644,751,18,2025-04-14 04:06:00,115,126.29,9,1481.19
1645,1707,3,2024-06-12 13:49:00,74,52.82,4,489.29
1646,1782,24,2024-09-11 00:45:00,83,51.15,1,441.61
1647,818,15,2025-04-18 22:57:00,53,51.36,1,646.81
1648,433,9,2024-05-22 15:11:00,74,55.25,10,932.3
1649,1814,18,2024-01-03 01:05:00,72,76.91,5,739.04
1650,537,46,2024-08-19 07:05:00,27,40.35,2,479.96
1651,1913,35,2025-04-18 11:00:00,71,46.81,11,815.88
1652,1314,45,2025-01-20 01:05:00,24,26.81,0,378.13
1653,1729,30,2025-03-29 03:52:00,94,63.69,5,781.73
1654,1531,3,2025-01-15 11:14:00,114,156.86,14,1338.39
1655,1167,9,2024-04-12 01:02:00,69,45.8,13,638.29
1656,1394,1,2024-01-03 15:16:00,99,133.35,2,2236.62
1657,1176,20,2024-10-14 22:20:00,99,85.51,4,1365.98
1658,1069,30,2024-07-30 18:35:00,83,65.74,36,752.47
1659,1219,17,2024-05-22 15:49:00,24,23.33,2,410.45
1660,1625,47,2024-09-20 04:30:00,35,46.35,2,469.63
1661,1579,47,2025-01-31 02:02:00,43,38.66,4,445.28
1662,1150,43,2024-11-08 12:14:00,97,74.19,14,1255.59
1663,437,47,2024-07-03 14:16:00,77,99.14,7,1127.61
1664,1881,10,2024-08-03 16:03:00,61,83.93,13,704.1
1665,880,29,2024-04-09 18:35:00,38,56.65,26,957.95
1666,1907,35,2024-09-14 06:35:00,48,70.6,10,1129.74
1667,784,41,2025-05-11 09:25:00,27,29.33,10,332.6
1668,913,29,2025-04-19 08:45:00,16,15.27,14,216.81
1669,722,6,2024-07-05 12:10:00,36,39.89,0,556.09
1670,1108,22,2025-04-06 10:06:00,15,15.66,9,239.7
1671,1365,39,2024-02-22 07:06:00,20,29.94,14,472.73
1672,1928,25,2024-02-18 19:43:00,12,8.74,28,131.46
1673,912,44,2024-07-18 01:43:00,99,75.18,0,906.76
1674,1272,24,2025-04-15 07:20:00,114,162.78,8,2439.47
1675,171,44,2024-03-31 00:57:00,20,24.0,5,297.06
1676,643,37,2024-07-01 01:00:00,30,41.22,1,362.3
1677,228,22,2024-04-19 23:59:00,33,46.72,11,825.36
1678,1341,44,2024-12-17 18:16:00,66,77.24,31,642.63
1679,579,3,2025-05-04 15:06:00,107,106.86,6,1757.34
1680,950,39,2024-10-08 01:59:00,55,68.06,11,982.73
1681,1871,15,2024-12-07 02:03:00,11,16.33,9,286.98
1682,1274,14,2025-05-11 09:49:00,102,62.32,3,500.43
1683,714,9,2025-04-25 01:56:00,37,36.47,9,315.25
1684,1112,20,2024-11-16 19:58:00,22,32.12,31,539.78
1685,1263,12,2025-05-06 17:22:00,54,69.33,7,1185.06
1686,1405,37,2024-06-23 04:02:00,56,53.15,1,456.73
1687,1974,32,2024-10-18 18:00:00,92,56.79,37,989.8
1688,1862,36,2024-01-31 02:34:00,59,73.48,15,780.92
1689,1594,45,2025-04-03 07:30:00,74,62.19,4,943.21
1690,1959,14,2024-12-05 06:36:00,118,101.49,11,1686.65
1691,43,1,2024-07-20 15:29:00,58,74.41,5,843.94
1692,17,14,2024-03-23 20:22:00,116,70.75,41,716.36
1693,778,21,2024-05-10 04:57:00,60,45.92,3,578.31
1694,522,12,2024-10-25 01:40:00,33,39.45,4,401.93
1695,454,20,2024-06-18 03:04:00,11,13.9,1,190.61
1696,1318,27,2025-03-05 21:02:00,55,45.09,13,590.88
1697,498,1,2024-03-18 03:05:00,59,56.25,7,896.95
1698,1263,1,2024-05-24 21:21:00,68,61.25,14,688.01
1699,1159,12,2024-02-14 05:37:00,104,117.96,13,1311.34
1700,810,3,2024-04-28 07:26:00,95,125.75,5,2008.65
1701,1812,45,2024-03-13 14:23:00,55,58.77,2,620.51
1702,949,2,2024-12-21 19:08:00,10,14.17,17,126.23
1703,706,11,2024-04-25 22:48:00,80,48.44,6,596.51
1704,1961,11,2024-02-20 20:50:00,87,109.01,20,945.69
1705,1858,34,2025-02-06 03:33:00,83,117.77,0,1750.53
1706,1159,7,2024-08-10 03:49:00,24,25.27,6,337.49
1707,681,36,2024-10-08 02:46:00,85,118.38,14,1764.18
1708,964,11,2024-12-26 22:06:00,58,63.82,1,962.94
1709,1537,50,2024-06-22 07:30:00,78,100.54,6,871.85
1710,769,39,2025-04-27 04:32:00,84,86.66,5,1389.77
1711,566,22,2025-05-07 09:55:00,16,19.07,4,184.62
1712,1545,31,2024-03-24 00:03:00,32,35.07,9,468.76
1713,1281,15,2024-03-10 21:09:00,17,14.06,8,151.67
1714,571,42,2024-04-18 23:08:00,105,144.29,3,1249.61
1715,1995,24,2024-10-22 19:45:00,35,43.08,18,661.59
1716,1505,1,2024-03-06 01:40:00,36,53.31,8,926.05
1717,1426,10,2024-04-22 04:08:00,101,100.5,11,1658.74
1718,261,45,2025-03-24 03:15:00,57,71.03,1,1206.45
1719,1556,9,2024-09-14 02:26:00,52,72.68,13,765.66
1720,404,1,2024-12-15 01:22:00,101,132.69,7,2302.04
1721,902,30,2024-08-23 11:25:00,84,57.65,7,537.31
1722,146,44,2024-01-12 20:10:00,86,58.54,14,743.27
1723,775,39,2024-01-21 05:37:00,105,153.32,6,1409.52
1724,1609,2,2024-05-14 07:53:00,104,113.06,8,980.1
1725,793,26,2024-03-24 04:36:00,20,26.43,6,459.59
1726,860,32,2024-01-08 16:03:00,56,54.06,11,956.23
1727,856,26,2024-08-23 01:24:00,39,47.98,4,424.2
1728,1049,26,2024-07-04 11:03:00,48,53.91,8,593.28
1729,75,29,2025-05-09 13:25:00,35,42.57,6,645.91
1730,1163,27,2024-06-25 00:19:00,92,105.25,5,1319.43
1731,266,11,2024-07-16 04:27:00,116,81.86,9,1447.82
1732,524,14,2025-02-06 13:42:00,27,38.55,10,671.09
1733,1137,45,2024-06-13 08:43:00,29,20.05,1,267.43
1734,1010,39,2025-05-01 21:39:00,22,27.85,13,263.88
1735,492,47,2024-06-08 22:05:00,94,107.23,12,1140.57
1736,412,36,2024-06-22 07:56:00,27,33.7,9,588.82
1737,1995,12,2025-03-31 11:42:00,17,15.78,7,161.73
1738,534,13,2025-05-01 01:51:00,98,80.05,2,1205.88
1739,750,43,2024-09-27 15:25:00,13,12.17,8,142.36
1740,957,50,2025-01-07 12:58:00,98,108.52,8,1410.09
1741,1631,30,2024-07-24 18:45:00,102,134.41,27,2045.38
1742,1931,41,2024-06-20 06:23:00,40,39.72,15,711.44
1743,555,26,2024-07-16 23:38:00,109,114.72,2,1412.1
1744,1856,18,2024-03-05 02:11:00,53,45.42,0,606.58
1745,1861,1,2024-10-20 10:59:00,117,168.85,9,2208.63
1746,1669,22,2024-04-04 12:38:00,28,24.94,11,343.1
1747,814,20,2025-03-08 14:11:00,24,32.83,7,267.09
1748,1782,18,2024-03-10 07:23:00,109,135.78,3,1447.0
1749,789,8,2025-04-22 09:03:00,95,138.54,6,1451.64
1750,1838,11,2025-04-26 13:52:00,24,20.9,10,352.4
1751,438,46,2025-02-18 01:28:00,82,79.65,14,817.21
1752,1969,44,2025-04-07 00:01:00,78,92.12,3,1193.58
1753,1088,23,2025-04-15 05:09:00,25,16.79,14,149.83
1754,1910,36,2024-05-23 10:10:00,36,33.35,8,513.3
1755,361,28,2025-03-31 16:51:00,68,56.7,15,481.16
1756,1019,13,2024-11-25 05:55:00,92,132.52,0,1976.54
1757,842,22,2025-03-24 23:52:00,28,22.41,14,282.99
1758,271,37,2024-08-08 12:43:00,51,49.27,6,624.76
1759,229,18,2025-04-11 01:41:00,115,73.83,11,1192.57
1760,1667,29,2025-04-22 17:04:00,13,18.65,11,209.9
1761,1064,43,2024-01-24 01:01:00,29,30.03,5,459.31
1762,135,20,2024-04-05 10:29:00,94,128.03,6,1177.77
1763,55,39,2024-06-03 07:36:00,98,128.63,6,2010.57
1764,1084,41,2024-12-21 02:31:00,31,43.95,6,405.05
1765,775,40,2024-06-26 11:45:00,29,30.92,12,301.78
1766,1477,2,2024-11-03 20:11:00,83,104.05,41,1648.25
1767,705,9,2025-01-03 11:39:00,55,73.95,6,1264.21
1768,304,11,2024-03-18 20:44:00,108,143.99,24,2158.86
1769,390,34,2024-11-04 19:11:00,10,8.59,40,128.09
1770,1697,15,2025-02-04 11:14:00,26,20.9,13,185.41
1771,717,3,2024-08-28 12:05:00,16,17.54,14,148.31
1772,384,25,2024-11-06 15:50:00,25,32.2,5,524.78
1773,410,25,2024-01-20 03:00:00,72,51.28,12,461.41
1774,1321,36,2024-04-23 17:43:00,81,94.68,5,1425.96
1775,1974,32,2024-12-07 20:27:00,100,128.58,44,2133.82
1776,1597,26,2024-09-01 06:20:00,66,84.37,4,797.42
1777,1987,14,2024-12-19 04:09:00,30,42.83,0,614.5
1778,1545,39,2024-05-29 08:09:00,54,59.63,4,904.8
1779,1362,44,2024-11-19 05:11:00,103,150.64,12,1291.23
1780,375,40,2024-06-21 06:23:00,93,59.93,12,624.62
1781,1838,41,2025-02-08 23:30:00,120,158.26,2,2619.34
1782,235,35,2024-01-29 08:25:00,97,127.43,8,1152.66
1783,484,1,2024-09-05 21:20:00,39,53.47,9,840.64
1784,1338,36,2024-06-14 04:00:00,94,62.47,12,608.78
1785,1354,4,2024-09-17 09:42:00,61,49.19,15,716.62
1786,791,5,2024-06-09 23:17:00,111,114.17,11,1276.9
1787,1165,5,2025-02-13 05:59:00,90,107.43,11,952.34
1788,1476,18,2024-02-06 02:36:00,108,154.06,10,1740.8
1789,557,2,2024-10-18 21:05:00,83,103.65,6,1441.7
1790,924,36,2024-09-11 11:51:00,33,21.59,0,347.86
1791,38,17,2024-03-27 13:10:00,95,58.27,15,522.15
1792,1493,43,2024-02-15 04:19:00,19,27.49,7,426.62
1793,881,40,2024-07-25 14:34:00,82,96.97,12,810.99
1794,1956,34,2024-08-30 06:04:00,31,30.5,15,314.55
1795,1635,39,2025-01-29 05:08:00,66,78.33,0,987.26
1796,695,45,2024-10-22 16:34:00,89,91.46,13,1054.0
1797,1722,41,2025-04-24 06:40:00,97,108.11,9,1084.36
1798,1235,6,2024-11-18 12:21:00,49,37.71,10,370.19
1799,256,10,2024-01-24 05:07:00,85,56.3,0,886.5
1800,996,25,2024-05-19 09:36:00,91,91.95,9,1176.9
1801,1457,4,2024-01-01 04:26:00,81,82.45,9,914.52
1802,1363,49,2024-08-10 15:25:00,48,53.53,14,922.51
1803,1813,6,2024-08-02 06:24:00,54,53.13,1,561.55
1804,678,3,2024-01-12 13:15:00,55,48.58,7,617.09
1805,78,38,2025-01-13 12:17:00,82,80.68,5,1422.3
1806,904,6,2024-02-26 20:36:00,93,85.77,34,877.2
1807,422,4,2024-12-21 11:37:00,69,86.05,5,1005.07
1808,226,11,2024-09-27 05:29:00,62,74.83,13,822.91
1809,161,21,2024-11-10 09:58:00,77,89.22,10,1259.54
1810,715,19,2024-07-30 21:27:00,41,35.62,10,553.43
1811,1792,19,2025-01-16 07:19:00,100,83.17,2,1323.82
1812,626,40,2024-03-03 12:36:00,87,98.33,7,1606.5
1813,1935,17,2024-05-21 18:28:00,46,36.97,27,620.01
1814,541,2,2024-09-26 21:53:00,94,115.59,5,1093.6
1815,98,38,2024-06-17 16:26:00,26,29.77,15,453.56
1816,448,37,2024-12-08 17:41:00,108,150.56,8,1354.68
1817,323,7,2025-05-10 00:57:00,107,119.19,4,1026.47
1818,355,8,2025-03-16 15:48:00,15,15.47,9,262.87
1819,1063,23,2024-04-08 09:40:00,100,130.59,11,1484.39
1820,1640,38,2024-03-08 04:02:00,41,24.97,9,269.21
1821,887,20,2024-07-14 02:09:00,102,117.28,1,1903.41
1822,290,48,2025-03-23 11:06:00,27,35.12,6,538.68
1823,946,22,2025-03-15 12:55:00,55,59.17,12,585.97
1824,1193,22,2024-11-17 21:53:00,70,102.72,13,1819.02
1825,162,37,2024-11-08 06:04:00,43,53.12,9,525.44
1826,1425,21,2024-07-22 12:14:00,20,13.3,11,112.79
1827,420,19,2025-03-31 05:12:00,116,112.13,4,934.59
1828,510,13,2024-06-07 14:18:00,33,27.67,6,402.88
1829,39,20,2024-04-28 21:28:00,101,113.27,12,1791.29
1830,1107,2,2024-01-17 17:50:00,93,82.06,4,1123.47
1831,575,25,2025-01-20 18:03:00,29,40.53,15,586.32
1832,1992,32,2024-08-12 09:04:00,69,57.76,1,636.57
1833,1724,21,2024-01-30 04:14:00,78,102.53,11,1791.45
1834,335,11,2025-02-21 17:39:00,45,44.1,10,432.7
1835,1540,22,2025-01-08 05:12:00,35,25.2,4,358.75
1836,479,1,2024-03-10 00:08:00,52,49.98,3,507.56
1837,1798,1,2024-04-27 00:14:00,35,28.99,14,359.76
1838,1504,45,2024-03-03 21:57:00,64,83.52,11,1447.25
1839,22,29,2025-03-14 13:09:00,109,112.33,11,1742.13
1840,646,16,2025-04-05 23:03:00,32,27.21,11,274.99
1841,161,12,2025-04-11 07:47:00,84,92.44,8,1493.89
1842,350,16,2024-01-15 06:17:00,101,144.04,4,1219.54
1843,1107,19,2024-08-22 02:51:00,84,111.6,0,994.21
1844,1470,11,2025-05-05 05:42:00,112,80.55,1,1354.11
1845,120,29,2025-02-20 23:26:00,116,96.63,14,1478.1
1846,1963,7,2025-03-01 15:41:00,91,111.19,10,1806.66
1847,848,7,2024-11-14 19:59:00,120,91.75,26,779.92
1848,737,41,2024-10-04 07:34:00,66,48.75,15,696.6
1849,696,33,2025-03-22 02:11:00,29,25.66,1,411.24
1850,1198,45,2024-06-24 12:25:00,107,115.6,8,1982.38
1851,1485,48,2024-03-16 07:31:00,41,47.74,14,655.66
1852,1927,5,2025-02-10 05:06:00,26,17.58,1,161.6
1853,938,33,2024-01-22 07:44:00,54,80.15,13,1288.28
1854,1522,40,2024-01-26 21:58:00,19,19.17,1,318.79
1855,993,19,2024-12-21 01:51:00,90,129.54,4,1492.98
1856,1204,40,2024-11-12 08:44:00,55,41.82,10,642.03
1857,1838,49,2024-02-26 15:06:00,32,24.25,15,423.25
1858,1533,17,2024-05-07 07:35:00,68,51.93,0,602.76
1859,593,10,2024-03-14 03:24:00,32,30.05,10,446.27
1860,534,38,2025-03-26 20:24:00,118,172.55,22,2657.34
1861,4,45,2024-10-03 06:12:00,47,40.65,14,681.79
1862,1708,2,2024-06-05 16:53:00,76,79.74,10,647.28
1863,952,2,2025-02-15 05:00:00,120,112.41,12,1760.29
1864,1402,23,2024-02-06 19:49:00,50,38.53,38,499.67
1865,1278,45,2025-04-07 05:25:00,64,74.96,6,719.58
1866,1798,39,2025-01-14 10:26:00,39,32.81,14,564.75
1867,972,21,2025-02-10 05:10:00,55,61.08,0,744.17
1868,1815,26,2024-06-27 17:05:00,28,37.2,4,307.93
1869,756,37,2025-01-06 05:09:00,85,72.87,2,818.02
1870,1771,50,2024-07-29 06:02:00,29,32.84,10,511.47
1871,1436,38,2024-07-24 07:27:00,41,41.69,4,602.73
1872,353,40,2025-01-05 09:42:00,107,156.07,1,1921.95
1873,156,22,2024-12-05 08:39:00,75,46.83,10,420.11
1874,420,47,2024-02-24 07:41:00,78,100.17,1,845.04
1875,1176,35,2025-03-12 07:45:00,119,88.22,2,861.72
1876,311,7,2025-05-01 05:50:00,19,17.76,9,232.9
1877,1868,8,2024-12-30 11:34:00,29,40.1,13,535.65
1878,823,20,2025-04-02 00:06:00,107,120.33,10,1278.08
1879,1101,4,2024-07-18 09:19:00,106,76.34,0,643.23
1880,796,12,2024-10-18 16:58:00,73,72.86,15,761.06
1881,643,34,2024-06-16 23:24:00,91,87.5,12,1355.32
1882,1588,48,2024-03-01 19:27:00,102,73.07,28,1065.73
1883,229,40,2024-03-13 22:59:00,65,86.31,5,755.3
1884,375,2,2024-06-05 22:04:00,15,12.84,8,171.02
1885,1630,8,2024-05-24 23:31:00,75,106.9,3,951.46
1886,1767,40,2024-08-16 04:52:00,107,103.32,8,1421.03
1887,1079,7,2024-11-29 05:32:00,99,77.15,0,661.19
1888,1793,28,2024-08-04 13:01:00,104,126.81,5,1910.05
1889,128,1,2024-06-27 06:47:00,30,32.56,6,437.6
1890,387,7,2024-01-02 10:40:00,15,13.41,5,143.51
1891,1816,34,2025-04-05 07:35:00,100,60.17,11,814.19
1892,332,27,2025-03-07 19:10:00,94,122.25,13,1050.91
1893,816,35,2024-12-23 13:10:00,115,116.34,13,2016.83
1894,1757,15,2024-03-31 17:56:00,36,50.18,12,739.24
1895,1808,14,2024-04-19 15:26:00,105,70.87,10,1016.98
1896,1809,41,2025-05-08 17:58:00,113,144.08,12,1407.71
1897,932,7,2024-05-06 13:35:00,49,71.96,3,576.27
1898,153,13,2024-03-20 21:32:00,111,82.27,7,1247.95
1899,313,7,2024-12-10 17:54:00,75,94.35,7,1084.39
1900,383,30,2025-01-12 19:46:00,119,78.18,40,879.81
1901,1921,49,2025-01-11 22:01:00,61,88.9,15,1149.48
1902,195,42,2024-01-23 13:48:00,90,112.59,5,907.78
1903,1841,35,2024-09-24 03:54:00,93,123.87,7,1945.16
1904,1273,9,2024-08-27 19:28:00,62,43.72,42,653.52
1905,722,38,2024-08-02 18:54:00,78,91.96,44,1372.76
1906,717,43,2024-09-11 05:47:00,96,59.04,4,886.48
1907,772,24,2024-12-22 12:34:00,59,75.95,11,1044.12
1908,193,9,2024-06-14 14:13:00,49,56.6,5,647.18
1909,458,39,2024-05-19 21:27:00,90,105.55,14,1623.54
1910,1816,9,2024-10-23 19:01:00,66,55.53,40,523.49
1911,1265,27,2024-08-04 18:19:00,18,23.18,35,297.73
1912,1152,1,2024-10-10 19:29:00,49,59.65,41,629.25
1913,721,44,2024-11-12 18:18:00,61,51.74,42,514.06
1914,1246,33,2025-03-09 09:07:00,62,62.98,9,1032.18
1915,1063,41,2024-06-24 06:25:00,103,115.71,3,2079.59
1916,600,50,2024-10-26 17:01:00,43,37.02,0,589.48
1917,342,43,2024-11-23 16:51:00,60,83.3,10,1470.12
1918,243,3,2024-03-24 12:08:00,68,43.19,12,470.72
1919,1233,4,2024-01-10 17:11:00,44,47.57,8,551.13
1920,214,50,2024-04-23 00:35:00,79,88.15,6,1476.45
1921,1648,3,2024-06-17 15:19:00,95,126.67,7,1797.26
1922,1510,31,2024-05-14 23:06:00,80,73.03,7,594.88
1923,1896,29,2025-02-07 11:58:00,11,7.07,6,59.81
1924,707,47,2024-07-18 21:25:00,23,26.06,11,376.58
1925,36,23,2024-07-17 09:06:00,81,67.63,6,1099.3
1926,1109,43,2025-03-08 09:27:00,67,74.54,15,1277.6
1927,1869,2,2024-11-30 03:33:00,70,52.21,1,433.99
1928,1293,49,2024-04-14 13:23:00,98,69.64,7,746.11
1929,606,20,2025-05-01 08:08:00,86,97.68,1,1165.71
1930,562,43,2024-06-24 13:35:00,61,81.54,11,786.73
1931,1926,3,2024-07-12 04:50:00,109,77.77,10,1329.99
1932,1252,39,2024-08-11 15:08:00,50,71.96,5,708.26
1933,1752,12,2024-03-04 19:00:00,52,42.24,28,523.6
1934,61,17,2024-09-12 09:30:00,59,51.52,9,764.94
1935,667,24,2024-11-01 07:38:00,65,58.09,3,957.38
1936,1675,15,2024-09-30 07:20:00,10,10.4,2,184.02
1937,589,22,2025-01-08 11:13:00,23,17.24,1,138.49
1938,511,26,2024-03-06 21:11:00,21,30.19,2,522.07
1939,1596,31,2024-05-01 20:09:00,91,134.04,41,1282.83
1940,1582,18,2024-10-01 20:34:00,103,84.64,32,1147.45
1941,1459,44,2024-06-13 17:20:00,31,23.65,9,229.48
1942,1724,23,2024-03-12 22:54:00,50,34.56,3,614.3
1943,672,32,2024-07-07 19:05:00,67,44.21,31,758.75
1944,1084,41,2024-01-25 11:19:00,86,58.78,14,737.16
1945,552,31,2024-04-27 11:40:00,37,34.08,4,374.05
1946,1790,34,2025-01-09 23:54:00,103,89.22,14,820.01
1947,1190,20,2024-12-25 18:29:00,35,29.19,23,244.22
1948,474,32,2024-09-18 17:01:00,38,29.48,6,360.03
1949,1790,5,2024-12-18 06:15:00,115,135.69,5,1665.08
1950,77,33,2024-08-30 16:34:00,32,42.59,2,490.9
1951,357,31,2024-10-05 15:12:00,11,9.42,13,92.69
1952,1402,5,2024-06-09 05:07:00,66,80.68,13,909.03
1953,1354,14,2025-04-19 10:46:00,38,39.31,1,354.39
1954,1157,7,2024-07-01 13:43:00,71,54.61,8,911.64
1955,1017,6,2025-01-11 15:28:00,105,98.81,5,1375.92
1956,815,38,2025-04-22 02:19:00,38,29.98,12,280.78
1957,1239,37,2024-05-11 12:40:00,111,109.56,10,934.17
1958,1204,37,2024-10-26 00:44:00,14,9.81,10,125.54
1959,1183,2,2024-09-29 07:53:00,97,120.08,5,1074.96
1960,175,35,2024-10-31 13:42:00,76,65.47,9,635.19
1961,604,25,2024-05-21 23:32:00,109,116.09,14,1605.34
1962,898,11,2024-10-14 11:52:00,109,152.69,10,2191.27
1963,1170,23,2025-01-21 16:08:00,76,96.35,1,943.41
1964,147,29,2025-01-16 18:29:00,103,111.75,14,1810.35
1965,613,34,2024-10-03 06:40:00,87,123.24,14,2093.49
1966,947,1,2025-04-19 10:48:00,84,90.4,8,1559.8
1967,1661,7,2025-02-08 08:50:00,36,35.38,5,468.1
1968,802,34,2024-02-23 02:11:00,102,81.18,0,819.85
1969,1030,22,2025-01-20 13:54:00,78,54.81,2,755.35
1970,1249,32,2025-03-03 17:05:00,45,65.28,10,898.54
1971,1818,2,2025-01-12 19:42:00,120,176.34,20,2880.33
1972,912,30,2024-10-22 01:23:00,50,36.65,13,632.07
1973,1199,14,2024-04-23 11:05:00,90,121.15,10,1871.18
1974,1103,49,2024-01-11 23:29:00,105,64.12,10,638.1
1975,1379,26,2024-01-11 23:47:00,25,17.74,7,281.58
1976,164,1,2024-05-07 17:08:00,119,132.82,15,1470.81
1977,1324,21,2024-06-27 03:15:00,102,100.36,1,1495.45
1978,672,35,2025-02-12 03:54:00,74,92.16,1,998.47
1979,125,9,2024-06-02 06:45:00,69,54.23,2,925.04
1980,1911,45,2025-02-11 16:31:00,36,33.88,12,318.42
1981,901,6,2024-04-21 22:22:00,75,93.64,12,1281.32
1982,429,23,2024-05-03 19:03:00,100,60.64,31,815.34
1983,1998,49,2025-03-06 13:05:00,56,65.5,9,818.99
1984,505,6,2024-11-29 10:55:00,59,78.96,7,1093.42
1985,1164,12,2024-07-01 11:50:00,24,16.59,9,173.55
1986,1959,44,2024-11-10 01:42:00,27,36.57,7,465.0
1987,373,30,2024-01-15 05:34:00,86,84.25,12,1019.31
1988,703,16,2024-05-31 05:33:00,20,18.8,8,198.61
1989,1674,46,2024-12-15 13:04:00,14,19.66,14,345.8
1990,663,41,2025-04-01 06:21:00,78,108.03,9,1306.73
1991,544,3,2025-05-14 11:07:00,14,10.78,0,100.83
1992,439,1,2024-05-15 04:31:00,63,49.62,4,860.23
1993,1043,7,2024-05-14 20:16:00,96,80.98,17,1076.12
1994,1186,15,2024-10-30 10:50:00,37,53.05,13,729.51
1995,92,27,2024-09-10 12:16:00,98,125.49,0,1718.8
1996,355,33,2024-10-01 08:39:00,75,75.67,8,1264.57
1997,1546,23,2024-02-27 22:15:00,116,156.4,10,2092.07
1998,1829,30,2024-03-10 15:07:00,68,57.07,6,468.7
1999,1983,28,2025-02-16 17:35:00,25,32.75,12,536.82
2000,1681,18,2025-02-01 23:49:00,116,73.27,9,1280.11
2001,1210,33,2025-01-24 16:57:00,18,19.02,6,256.46
2002,908,42,2025-01-17 11:32:00,38,47.84,6,576.33
2003,1559,31,2024-08-18 00:53:00,42,28.76,0,404.09
2004,1276,8,2025-04-27 11:12:00,75,100.75,13,1782.59
2005,382,35,2024-03-06 12:08:00,54,45.26,5,801.05
2006,1893,17,2024-02-04 20:54:00,31,42.66,24,722.85
2007,1252,3,2025-01-05 20:22:00,67,68.05,10,727.14
2008,573,5,2024-01-11 01:45:00,98,102.44,8,921.66
2009,441,11,2024-05-18 11:49:00,40,54.25,2,466.28
2010,989,46,2024-11-11 09:06:00,91,130.24,4,2019.57
2011,1115,30,2024-01-15 18:46:00,104,114.63,19,1770.36
2012,524,37,2024-07-27 06:11:00,32,29.95,15,491.77
2013,1625,10,2024-04-04 09:00:00,43,58.01,6,564.08
2014,205,7,2024-09-30 19:03:00,14,10.82,34,143.46
2015,204,45,2024-07-14 06:03:00,70,42.76,12,533.92
2016,1337,11,2024-01-29 04:49:00,14,8.8,10,138.99
2017,485,26,2025-04-02 13:46:00,27,17.9,11,178.39
2018,1963,35,2024-10-25 00:00:00,53,53.97,10,447.96
2019,197,32,2024-05-04 04:21:00,112,123.96,0,1023.91
2020,945,14,2024-11-11 14:05:00,34,43.43,1,631.62
2021,352,11,2024-02-17 03:13:00,79,105.2,1,1623.49
2022,968,5,2024-12-01 12:31:00,28,21.48,0,344.6
2023,520,21,2025-03-21 22:49:00,45,57.11,3,1027.29
2024,228,37,2024-03-26 17:51:00,18,18.48,0,231.88
2025,628,16,2024-07-27 01:09:00,115,92.35,9,1009.51
2026,1611,9,2024-04-04 11:09:00,21,24.85,0,234.6
2027,371,14,2025-04-11 18:17:00,106,71.45,11,988.4
2028,625,48,2025-02-25 14:51:00,117,120.16,5,1412.87
2029,47,14,2024-12-11 05:26:00,92,106.99,10,956.89
2030,1891,9,2024-08-28 13:05:00,93,94.77,9,1440.69
2031,50,44,2024-03-09 08:22:00,115,140.63,11,1282.47
2032,76,9,2024-02-24 03:36:00,95,66.44,2,644.95
2033,881,35,2025-03-26 12:48:00,99,84.84,13,895.32
2034,1139,28,2025-02-09 16:43:00,63,45.0,14,530.72
2035,121,1,2024-09-13 16:17:00,49,49.52,0,649.29
2036,473,29,2025-02-24 21:35:00,21,31.06,3,426.11
2037,1005,19,2024-11-13 18:08:00,20,19.87,12,168.96
2038,1170,48,2025-01-06 16:59:00,115,148.54,6,1772.14
2039,1971,47,2024-11-16 04:53:00,35,45.74,7,493.35
2040,551,33,2024-08-11 08:28:00,15,15.81,3,161.89
2041,1978,34,2024-07-29 10:17:00,65,49.97,0,483.8
2042,341,13,2025-01-15 23:31:00,97,140.16,4,2335.37
2043,736,22,2024-01-01 06:48:00,37,22.27,0,182.21
2044,1063,25,2024-05-07 09:47:00,101,150.96,14,1568.89
2045,228,40,2024-01-03 00:33:00,76,84.71,2,780.45
2046,244,26,2025-02-12 00:01:00,84,122.59,2,1452.06
2047,1543,48,2024-11-17 04:52:00,40,29.0,15,290.45
2048,936,48,2025-03-01 18:43:00,78,113.14,39,1742.37
2049,1266,3,2024-07-17 00:34:00,111,139.83,9,1878.37
2050,1726,6,2025-04-27 17:27:00,71,106.5,12,1112.87
2051,104,2,2025-04-16 19:52:00,117,172.6,42,1859.47
2052,449,16,2024-08-10 03:56:00,22,27.52,7,482.45
2053,169,7,2024-09-24 02:20:00,21,25.11,11,375.22
2054,676,33,2024-03-13 18:51:00,49,36.02,11,356.28
2055,533,43,2024-01-07 02:23:00,36,32.1,7,345.95
2056,842,2,2024-08-16 10:24:00,83,95.16,8,1030.95
2057,1824,46,2024-05-19 12:27:00,66,48.41,1,433.51
2058,1128,9,2024-05-16 20:46:00,12,15.95,44,272.78
2059,1411,33,2024-03-18 04:41:00,38,40.36,9,713.62
2060,306,26,2024-03-13 01:33:00,54,56.74,2,735.85
2061,1411,21,2025-04-08 04:29:00,39,51.12,11,734.68
2062,395,27,2024-06-08 05:59:00,38,34.58,14,282.66
2063,604,6,2024-03-22 19:06:00,108,119.23,18,1611.58
2064,680,7,2024-10-08 03:43:00,63,91.0,5,1443.53
2065,1996,21,2024-06-26 18:01:00,46,55.15,35,504.3
2066,65,4,2024-08-25 19:11:00,38,24.69,37,298.35
2067,111,6,2024-03-06 17:15:00,76,55.4,2,459.61
2068,1482,48,2025-04-09 05:12:00,26,28.89,13,250.95
2069,184,9,2024-01-16 20:57:00,43,62.43,33,506.64
2070,1507,28,2024-08-10 10:14:00,114,147.6,8,1641.4
2071,1486,3,2025-05-11 09:41:00,32,44.94,14,547.8
2072,449,41,2024-06-02 12:52:00,13,9.05,2,102.53
2073,15,24,2024-09-12 23:47:00,112,130.29,6,2298.37
2074,634,32,2025-03-08 04:16:00,40,36.59,13,323.12
2075,840,35,2024-03-27 05:20:00,106,73.29,4,1191.73
2076,1369,12,2024-07-20 14:00:00,75,71.46,13,1074.47
2077,794,23,2025-04-22 22:50:00,61,88.9,4,956.62
2078,157,40,2025-03-26 14:56:00,62,84.76,14,1110.9
2079,1730,18,2025-02-08 19:18:00,70,71.43,15,1044.59
2080,1185,4,2024-11-23 06:23:00,11,6.96,3,111.8
2081,622,33,2024-10-16 15:19:00,28,19.96,10,332.15
2082,1663,14,2024-06-06 01:19:00,102,99.69,12,1343.51
2083,1941,8,2024-03-18 02:21:00,111,130.26,8,1829.63
2084,1539,23,2024-03-24 11:16:00,83,108.49,0,1920.16
2085,1352,45,2024-05-21 09:41:00,114,77.42,3,697.61
2086,1455,40,2024-09-09 06:34:00,80,53.78,4,679.56
2087,6,43,2024-08-07 07:19:00,38,34.34,9,446.57
2088,1770,33,2025-02-16 05:46:00,18,19.36,8,268.46
2089,860,35,2024-01-12 12:25:00,43,59.32,0,680.59
2090,202,7,2024-01-23 05:05:00,30,40.01,11,444.51
2091,1345,48,2024-05-22 02:51:00,102,78.32,0,719.34
2092,823,4,2024-06-08 19:47:00,77,75.58,25,980.02
2093,206,46,2025-01-08 20:55:00,74,70.04,13,702.25
2094,128,45,2024-04-13 03:38:00,67,73.41,1,646.14
2095,1654,18,2024-01-17 00:13:00,48,68.5,15,1105.1
2096,493,7,2025-01-19 22:31:00,105,72.35,14,1130.05
2097,1137,27,2024-01-24 23:06:00,90,115.37,4,1800.42
2098,1925,23,2024-12-16 22:39:00,106,158.11,8,1420.65
2099,1328,19,2025-03-08 20:29:00,115,123.22,33,2120.94
2100,1288,8,2024-02-09 06:28:00,53,42.46,5,639.52
2101,47,31,2025-04-17 05:35:00,77,93.05,14,1230.67
2102,8,31,2024-03-11 14:38:00,107,69.62,7,882.75
2103,1937,27,2024-02-24 13:01:00,80,97.7,3,1542.88
2104,963,10,2024-03-07 06:43:00,86,119.64,12,1257.79
2105,1005,50,2024-03-02 17:12:00,72,65.16,7,547.55
2106,1799,27,2024-10-13 03:57:00,10,7.64,9,102.91
2107,1380,47,2025-01-01 17:23:00,110,100.84,1,821.57
2108,1334,17,2024-12-08 09:12:00,112,144.62,6,2424.32
2109,1975,12,2024-03-24 03:25:00,84,53.28,12,747.23
2110,1564,25,2024-10-09 11:54:00,68,56.69,15,464.81
2111,1641,29,2024-12-15 21:22:00,18,17.88,3,187.01
2112,1741,24,2024-12-22 23:56:00,28,19.05,1,292.57
2113,1718,27,2025-04-03 09:52:00,28,26.59,0,340.44
2114,20,14,2024-04-11 11:02:00,114,134.96,8,2284.59
2115,321,19,2025-03-10 06:44:00,105,128.66,7,1772.79
2116,591,35,2025-03-13 09:32:00,18,14.37,0,158.28
2117,220,48,2024-08-05 19:51:00,113,75.39,10,841.65
2118,469,3,2024-03-16 03:23:00,19,17.85,11,279.11
2119,1463,36,2024-07-17 22:18:00,61,75.74,7,780.95
2120,1778,40,2025-03-17 10:14:00,49,53.65,2,430.88
2121,35,8,2025-03-26 08:58:00,73,71.43,4,921.86
2122,1680,38,2025-02-07 13:54:00,25,22.2,7,300.1
2123,658,48,2025-01-26 03:08:00,79,102.18,14,1744.83
2124,675,7,2024-03-09 07:37:00,57,73.45,15,959.76
2125,700,24,2024-05-12 04:24:00,119,171.95,1,2686.59
2126,1664,39,2024-08-24 05:14:00,103,97.34,4,1066.49
2127,600,28,2025-01-23 23:53:00,57,73.79,13,1160.84
2128,960,10,2024-01-19 11:04:00,66,45.64,14,458.03
2129,1694,33,2024-08-25 03:23:00,59,78.17,15,1040.88
2130,1314,49,2024-04-27 15:42:00,102,66.82,3,859.76
2131,629,15,2024-09-28 00:49:00,33,46.19,9,748.9
2132,1722,20,2024-09-14 10:45:00,68,81.91,12,696.08
2133,1153,12,2024-06-19 08:49:00,106,101.23,12,1803.17
2134,1830,29,2024-04-05 17:33:00,116,100.95,1,1260.56
2135,878,17,2024-03-10 00:28:00,93,130.49,6,1231.59
2136,1937,5,2025-03-16 22:13:00,53,41.73,12,532.43
2137,1417,9,2024-07-02 19:08:00,37,51.94,37,790.55
2138,1712,31,2024-11-06 01:26:00,95,116.34,8,1532.21
2139,1918,34,2024-07-20 18:43:00,39,29.59,31,467.57
2140,1593,16,2024-05-12 00:22:00,110,68.51,4,873.0
2141,1184,27,2025-01-15 02:57:00,51,57.96,14,712.37
2142,528,50,2024-01-05 10:12:00,97,115.49,10,1399.15
2143,119,48,2024-08-30 16:38:00,69,72.44,10,828.9
2144,326,28,2025-03-11 02:37:00,100,137.64,7,2245.15
2145,1080,17,2024-03-16 05:30:00,36,49.47,4,621.07
2146,423,12,2024-01-31 22:11:00,32,46.38,4,594.66
2147,218,49,2024-02-08 14:53:00,57,67.61,15,828.85
2148,248,32,2024-02-24 13:10:00,17,22.13,5,313.54
2149,1113,24,2024-02-28 09:17:00,117,128.38,7,1068.61
2150,360,7,2025-03-03 13:37:00,11,8.65,5,85.39
2151,1841,12,2025-01-17 13:36:00,111,121.5,3,2183.21
2152,1824,18,2024-04-04 21:25:00,44,46.02,2,396.03
2153,1119,2,2025-03-20 02:28:00,69,96.27,0,1657.38
2154,1652,6,2024-07-23 06:28:00,109,69.26,10,1028.68
2155,1928,3,2024-05-29 18:12:00,36,27.59,39,271.36
2156,1878,18,2024-07-11 18:14:00,119,83.52,38,801.72
2157,571,29,2024-08-09 07:58:00,81,48.99,7,861.2
2158,67,48,2024-07-22 10:16:00,17,12.59,11,178.25
2159,1255,36,2024-06-15 03:44:00,87,69.35,7,643.03
2160,1436,11,2025-01-23 15:11:00,79,108.63,5,1841.07
2161,242,25,2024-04-23 11:41:00,16,13.9,13,119.47
2162,1701,28,2025-01-02 13:28:00,60,70.88,5,888.56
2163,341,36,2024-11-25 09:22:00,36,40.65,8,578.62
2164,1284,38,2024-07-10 00:28:00,102,61.25,13,674.58
2165,6,27,2025-01-18 15:23:00,106,102.98,0,998.54
2166,1118,1,2024-12-06 22:59:00,23,25.5,5,355.73
2167,340,12,2025-01-30 02:57:00,57,74.04,9,1245.44
2168,488,40,2024-01-17 08:16:00,79,88.1,1,1219.99
2169,356,11,2024-06-27 06:15:00,36,27.22,5,284.36
2170,138,3,2024-03-19 11:57:00,93,123.21,11,2037.29
2171,122,8,2024-11-12 23:14:00,53,45.33,1,465.1
2172,830,38,2024-09-15 17:51:00,81,69.36,6,987.53
2173,1547,50,2024-05-05 06:56:00,30,25.95,7,309.87
2174,335,38,2024-08-06 04:00:00,113,122.45,11,1670.62
2175,1517,35,2024-11-26 07:07:00,26,35.06,8,544.36
2176,186,11,2025-03-26 18:03:00,66,85.94,35,956.56
2177,1792,40,2024-11-03 19:08:00,17,12.0,25,212.04
2178,823,13,2024-02-08 15:29:00,49,55.33,8,531.2
2179,1857,1,2024-07-15 05:38:00,109,150.45,2,2055.68
2180,1847,29,2024-06-24 19:50:00,22,24.8,21,296.49
2181,156,45,2024-04-27 03:30:00,57,46.11,12,427.95
2182,868,18,2024-08-30 10:09:00,95,129.94,12,1366.81
2183,211,10,2024-12-25 00:56:00,89,87.5,14,1407.57
2184,469,2,2024-01-03 18:37:00,30,35.82,44,609.79
2185,646,9,2024-05-18 01:12:00,31,38.27,2,441.57
2186,472,22,2024-06-30 00:20:00,22,18.56,4,167.11
2187,1311,7,2024-06-02 07:42:00,117,75.4,14,968.98
2188,1211,30,2024-11-22 04:16:00,69,79.0,4,927.75
2189,1519,17,2025-03-16 04:09:00,21,22.08,7,333.01
2190,521,41,2025-02-12 21:20:00,99,142.42,3,1980.64
2191,1508,1,2024-06-03 17:30:00,73,46.52,15,667.12
2192,1699,37,2024-04-11 06:56:00,40,51.27,13,591.8
2193,734,40,2025-04-27 01:10:00,53,54.09,9,952.0
2194,564,4,2025-03-28 16:21:00,91,95.83,11,1471.22
2195,1087,13,2025-02-28 23:34:00,31,45.74,10,685.86
2196,1456,31,2024-03-10 12:50:00,32,19.72,8,236.23
2197,257,43,2024-10-26 05:23:00,49,70.15,10,1078.29
2198,165,38,2024-07-19 05:35:00,30,22.66,11,183.23
2199,218,35,2024-04-03 11:46:00,111,132.9,12,1286.48
2200,1809,20,2024-08-16 05:35:00,62,47.73,8,802.25
2201,1324,1,2024-02-16 05:50:00,30,24.63,8,218.51
2202,1167,37,2024-03-30 19:00:00,110,67.33,36,804.2
2203,1703,45,2024-08-15 01:08:00,62,59.44,8,1021.51
2204,1827,22,2025-02-27 01:37:00,56,55.29,5,479.23
2205,1713,19,2024-11-27 01:01:00,101,81.65,2,693.95
2206,1558,6,2024-10-21 07:15:00,57,73.34,5,685.34
2207,611,30,2024-02-17 02:37:00,38,35.88,0,536.34
2208,860,2,2025-04-22 16:09:00,69,71.57,1,801.85
2209,576,26,2024-02-26 21:47:00,63,84.92,1,1081.88
2210,893,9,2024-07-19 09:13:00,100,107.31,11,869.56
2211,1173,21,2024-04-26 14:11:00,35,29.55,2,367.81
2212,872,43,2024-03-16 07:43:00,24,18.84,6,298.9
2213,235,1,2024-11-25 19:16:00,46,57.1,37,627.91
2214,1923,13,2025-01-01 03:24:00,54,45.81,9,419.76
2215,1534,13,2024-08-23 05:29:00,70,83.49,12,1104.87
2216,977,27,2025-04-02 01:27:00,119,145.57,8,2044.39
2217,369,40,2025-05-14 01:52:00,45,62.64,2,797.65
2218,1758,22,2024-02-21 16:35:00,66,40.77,2,666.95
2219,1013,40,2024-11-11 18:12:00,32,27.83,21,234.1
2220,346,19,2024-10-13 07:28:00,49,41.16,8,361.29
2221,1017,11,2024-04-22 08:22:00,64,83.38,6,1084.76
2222,797,37,2024-05-10 14:36:00,107,160.25,5,1857.19
2223,601,50,2024-10-01 11:47:00,38,35.74,4,435.32
2224,1163,3,2024-05-23 22:29:00,32,24.9,13,381.95
2225,546,5,2024-11-30 00:00:00,86,77.83,10,1109.72
2226,641,31,2025-01-14 08:11:00,21,19.99,8,206.79
2227,1598,38,2024-11-04 00:53:00,112,70.48,7,900.0
2228,160,17,2024-12-10 13:03:00,49,50.95,13,783.12
2229,602,15,2024-08-21 16:58:00,76,63.52,6,798.47
2230,812,47,2024-07-11 02:34:00,106,106.66,11,1790.26
2231,526,27,2025-03-10 14:08:00,96,133.36,7,1605.83
2232,1894,5,2024-07-07 21:19:00,98,66.48,11,1074.63
2233,1529,39,2024-10-19 01:03:00,29,29.22,5,402.32
2234,226,1,2025-02-01 16:19:00,52,33.12,14,480.18
2235,1716,36,2024-07-16 00:18:00,40,37.08,13,308.98
2236,1843,3,2024-04-26 22:15:00,66,55.46,13,772.08
2237,504,14,2024-01-14 12:30:00,92,91.63,6,753.43
2238,829,31,2024-12-24 03:35:00,27,20.65,5,252.06
2239,1819,31,2025-04-11 18:41:00,45,58.43,11,917.99
2240,926,33,2024-11-27 16:27:00,52,41.4,10,611.17
2241,1656,3,2024-07-17 15:48:00,36,40.15,6,443.53
2242,1666,11,2024-12-22 16:44:00,89,122.96,15,2197.8
2243,50,48,2025-03-08 10:51:00,91,81.03,0,1332.01
2244,1305,20,2024-10-19 04:08:00,116,81.91,14,703.35
2245,1327,36,2024-08-04 22:48:00,19,20.72,12,307.23
2246,907,2,2024-07-27 12:13:00,33,44.72,2,537.63
2247,334,37,2025-04-21 21:57:00,11,11.3,5,177.04
2248,1043,40,2024-02-11 21:36:00,114,123.45,5,1593.17
2249,1151,10,2024-08-02 22:20:00,108,84.64,7,1069.55
2250,938,48,2025-04-13 00:34:00,64,85.77,9,1210.0
2251,352,26,2024-10-27 09:10:00,13,10.21,7,180.97
2252,179,44,2025-01-29 07:20:00,48,58.48,0,533.9
2253,735,50,2024-10-16 19:26:00,67,41.82,34,584.98
2254,131,40,2024-06-23 17:28:00,34,20.46,8,367.51
2255,1087,11,2025-05-05 08:14:00,81,115.12,8,1679.24
2256,503,4,2024-12-23 04:50:00,98,118.63,2,1501.75
2257,1104,8,2024-07-31 15:32:00,120,172.16,12,2468.8
2258,1954,42,2024-05-18 21:14:00,96,67.44,1,608.95
2259,1333,17,2025-03-27 18:58:00,102,121.62,42,1086.25
2260,4,13,2025-04-26 14:49:00,15,10.54,1,183.07
2261,320,27,2024-11-18 09:02:00,67,93.25,6,774.99
2262,1289,35,2024-01-17 16:40:00,120,175.78,2,2204.74
2263,824,10,2024-09-27 05:38:00,63,69.0,9,1126.72
2264,1726,34,2024-06-16 00:42:00,118,72.84,4,958.82
2265,1352,38,2025-05-09 10:36:00,33,38.86,14,556.22
2266,182,5,2024-08-02 17:00:00,64,92.37,3,1403.31
2267,1812,25,2025-03-15 03:10:00,112,114.8,12,1070.43
2268,1142,3,2024-09-28 04:53:00,12,9.79,3,122.99
2269,1302,49,2025-02-15 05:59:00,63,48.83,8,527.66
2270,448,21,2025-02-15 19:24:00,90,106.73,26,1210.33
2271,1069,44,2025-02-24 15:57:00,10,6.73,0,103.36
2272,605,43,2025-04-21 21:09:00,48,35.81,11,363.45
2273,1222,2,2024-10-26 02:59:00,29,42.37,14,493.29
2274,19,12,2024-10-09 08:36:00,67,64.63,1,678.57
2275,772,42,2025-01-24 14:00:00,26,37.09,9,386.58
2276,652,9,2025-03-08 22:19:00,15,13.75,7,206.03
2277,871,17,2024-09-13 02:44:00,78,104.02,11,1642.36
2278,571,44,2024-01-09 07:55:00,61,82.01,8,1345.29
2279,1841,33,2024-10-06 04:07:00,55,76.28,14,1371.57
2280,510,34,2024-07-08 08:45:00,61,59.17,6,1041.82
2281,473,28,2024-01-20 12:25:00,113,114.95,13,1245.72
2282,151,9,2024-07-09 18:19:00,82,109.46,21,1023.33
2283,104,17,2024-04-05 19:33:00,59,45.2,36,616.38
2284,264,1,2024-07-15 13:25:00,19,27.93,13,272.85
2285,1828,23,2024-07-12 19:37:00,86,102.48,19,1422.41
2286,1510,39,2025-02-09 23:35:00,41,32.55,15,542.01
2287,819,36,2024-09-20 14:45:00,73,73.43,5,860.72
2288,1600,28,2024-01-07 09:07:00,41,34.0,5,288.61
2289,1941,17,2025-04-03 19:52:00,41,28.13,22,394.7
2290,1528,13,2025-05-14 19:05:00,29,43.27,35,350.42
2291,10,5,2024-05-28 09:03:00,93,137.73,14,2382.65
2292,301,40,2025-01-05 23:04:00,111,97.07,7,1604.48
2293,1784,19,2025-01-09 18:04:00,37,32.21,11,323.43
2294,1663,37,2024-09-10 10:09:00,91,123.69,15,1153.28
2295,1212,40,2024-10-03 13:41:00,51,68.83,12,755.15
2296,1521,43,2025-04-26 22:08:00,47,66.63,10,946.87
2297,1453,42,2024-03-18 01:33:00,33,26.74,7,222.2
2298,1910,32,2024-08-06 13:38:00,112,77.51,8,1053.13
2299,1271,26,2024-03-05 18:52:00,109,118.88,12,1722.61
2300,1756,24,2024-07-24 17:08:00,10,6.77,11,70.81
2301,1916,1,2024-08-17 19:26:00,62,42.81,43,526.83
2302,683,31,2024-03-19 20:58:00,103,121.31,28,2001.1
2303,14,20,2024-05-06 09:31:00,42,29.76,5,332.71
2304,1976,5,2024-12-02 06:30:00,94,108.74,12,975.33
2305,107,32,2024-09-07 15:12:00,92,69.24,15,1239.8
2306,717,4,2024-04-25 13:05:00,106,118.51,5,2092.88
2307,301,45,2024-06-19 19:47:00,116,130.55,14,1815.67
2308,1057,31,2024-04-09 06:29:00,15,11.56,5,186.16
2309,1745,20,2024-05-20 14:18:00,80,91.84,8,1187.84
2310,53,29,2025-01-18 17:26:00,120,85.9,7,957.97
2311,135,1,2024-12-20 15:26:00,51,34.1,2,540.97
2312,1290,3,2025-05-15 22:35:00,119,155.07,11,1379.86
2313,1424,16,2025-05-07 21:10:00,120,130.13,11,1143.14
2314,721,25,2024-04-08 08:02:00,87,115.93,11,1517.39
2315,706,23,2024-10-05 23:05:00,103,130.08,3,1458.15
2316,1711,29,2024-05-13 08:45:00,112,129.61,11,1359.45
2317,1365,8,2025-04-16 12:03:00,92,95.93,15,770.02
2318,584,1,2024-10-27 07:57:00,116,153.24,9,1714.65
2319,639,8,2024-10-03 08:01:00,107,88.14,4,862.2
2320,1648,35,2024-01-13 21:13:00,85,80.27,5,1257.98
2321,1513,47,2024-01-21 07:32:00,57,81.16,12,1204.81
2322,571,41,2025-05-12 22:47:00,12,14.33,0,136.36
2323,659,11,2024-11-07 22:21:00,21,30.95,12,335.03
2324,896,46,2024-11-03 06:55:00,36,45.0,10,684.37
2325,271,13,2024-01-29 06:38:00,69,60.03,0,782.27
2326,1039,4,2025-01-25 13:31:00,15,15.83,15,283.74
2327,88,39,2024-03-27 01:43:00,101,71.28,2,955.76
2328,1481,45,2024-11-18 09:55:00,38,25.5,6,377.59
2329,1865,10,2025-02-19 12:24:00,22,15.11,8,204.52
2330,1149,4,2024-06-24 05:51:00,61,49.83,3,454.17
2331,1344,26,2024-01-17 09:29:00,112,136.12,5,1288.7
2332,643,15,2024-11-03 15:43:00,10,10.28,8,119.59
2333,571,19,2024-09-02 23:44:00,111,72.26,4,1241.81
2334,1834,13,2024-02-10 14:48:00,18,15.49,2,251.38
2335,1173,22,2025-01-08 07:36:00,44,43.08,15,690.96
2336,836,9,2025-03-22 13:11:00,41,36.66,12,631.6
2337,745,15,2025-05-14 00:08:00,105,99.32,9,810.89
2338,766,32,2025-02-20 17:58:00,67,40.56,12,534.15
2339,100,22,2025-04-20 01:25:00,40,25.5,12,264.87
2340,1699,1,2024-07-08 01:08:00,103,111.01,2,1606.29
2341,879,18,2025-03-04 00:39:00,79,89.19,0,1480.18
2342,1202,3,2024-10-30 03:10:00,17,22.52,7,324.08
2343,294,24,2024-03-10 00:38:00,43,38.92,6,610.03
2344,943,49,2024-07-08 18:29:00,99,112.63,24,1866.81
2345,1177,42,2025-02-26 05:25:00,15,9.67,13,81.52
2346,1768,30,2024-06-27 15:59:00,47,56.19,8,905.4
2347,1291,38,2025-05-02 04:02:00,50,42.86,9,640.11
2348,1896,22,2024-04-25 16:05:00,25,27.54,3,418.16
2349,1220,25,2024-06-27 20:22:00,77,60.85,28,950.53
2350,816,26,2024-03-21 05:38:00,111,135.11,4,1247.54
2351,1263,32,2024-01-27 10:44:00,62,58.4,7,1033.39
2352,837,7,2025-02-19 13:53:00,27,23.72,13,196.99
2353,22,19,2024-08-17 20:09:00,106,103.82,35,847.21
2354,403,23,2025-02-13 02:23:00,74,68.72,2,807.09
2355,408,44,2024-01-03 02:28:00,39,47.25,2,577.94
2356,1657,7,2024-06-10 13:03:00,54,57.99,1,680.47
2357,368,17,2024-06-03 02:13:00,41,46.4,9,576.44
2358,544,4,2024-12-29 12:16:00,103,130.89,6,1174.18
2359,1663,21,2024-12-21 14:37:00,16,14.2,14,131.08
2360,1912,48,2024-02-10 20:59:00,77,90.36,44,1082.39
2361,1976,48,2025-04-24 09:54:00,101,97.38,6,1197.47
2362,796,8,2024-10-10 07:12:00,51,63.35,15,673.94
2363,1374,36,2024-08-23 12:35:00,10,9.37,14,79.57
2364,381,16,2025-01-16 22:30:00,118,121.14,2,1625.77
2365,501,1,2025-02-16 20:06:00,82,62.9,11,882.78
2366,886,32,2024-05-03 06:12:00,118,157.61,15,1596.12
2367,1398,9,2024-04-17 18:55:00,61,52.47,12,517.38
2368,1149,9,2024-06-13 07:48:00,30,40.02,14,470.66
2369,1761,38,2024-11-30 05:16:00,31,30.86,7,438.81
2370,1453,11,2024-04-24 23:34:00,53,62.89,1,589.07
2371,1405,12,2024-01-12 18:06:00,42,51.23,10,443.27
2372,1264,13,2024-04-26 05:33:00,45,38.88,6,684.88
2373,1014,43,2024-02-06 19:37:00,77,56.55,10,904.63
2374,990,22,2025-02-23 10:55:00,20,17.91,8,266.87
2375,260,25,2024-01-30 14:20:00,65,72.25,2,723.76
2376,1965,15,2024-03-04 00:00:00,101,136.26,9,2431.81
2377,438,44,2024-03-20 05:49:00,107,105.85,4,1813.86
2378,1010,29,2024-08-27 14:13:00,36,52.03,13,877.59
2379,1037,45,2025-05-06 01:25:00,61,87.58,15,725.41
2380,1644,29,2024-01-02 06:35:00,56,36.24,12,578.96
2381,687,40,2024-06-09 05:39:00,74,97.42,4,1393.28
2382,174,47,2025-02-25 01:40:00,70,91.84,9,1403.25
2383,271,32,2024-05-18 00:43:00,92,127.12,15,2010.4
2384,752,33,2024-03-26 13:29:00,63,45.61,0,748.85
2385,881,11,2024-01-08 01:15:00,100,96.44,11,1383.23
2386,1626,26,2025-03-28 08:26:00,103,68.38,14,729.8
2387,1219,32,2024-11-26 18:13:00,23,24.62,23,438.47
2388,1432,50,2024-10-19 21:31:00,105,117.27,8,1925.71
2389,1226,5,2024-05-11 19:58:00,100,105.55,12,1466.38
2390,1271,21,2025-02-20 10:00:00,120,102.47,6,966.21
2391,854,50,2025-03-22 13:18:00,37,26.45,7,469.58
2392,527,25,2024-02-21 04:06:00,30,37.4,2,546.24
2393,1865,7,2024-06-17 19:18:00,81,116.6,24,1226.02
2394,9,45,2024-02-07 05:43:00,67,66.55,5,623.89
2395,396,38,2025-05-12 16:45:00,48,69.37,9,674.71
2396,1822,41,2024-03-23 10:25:00,101,102.51,15,885.91
2397,1052,50,2024-09-13 16:09:00,26,20.4,15,174.99
2398,1347,35,2025-05-12 09:04:00,59,63.13,12,945.39
2399,1498,13,2024-12-23 23:16:00,83,97.79,12,1081.51
2400,1532,37,2024-11-02 17:55:00,44,41.9,10,551.12
2401,1407,29,2024-11-15 08:36:00,109,143.56,6,2416.97
2402,1110,16,2025-05-12 00:54:00,89,122.13,14,1165.32
2403,809,8,2024-01-26 17:03:00,83,115.54,13,1021.0
2404,821,9,2024-01-04 03:26:00,51,46.96,10,719.64
2405,1402,33,2024-07-27 08:21:00,73,87.52,12,982.39
2406,1540,49,2024-07-02 15:22:00,22,32.83,5,346.28
2407,883,18,2024-01-03 00:03:00,59,63.21,10,835.02
2408,1658,27,2025-02-17 16:54:00,26,22.41,1,259.38
2409,850,25,2024-06-29 08:20:00,23,16.99,8,282.3
2410,533,5,2025-01-29 16:37:00,88,90.21,9,726.13
2411,1642,13,2024-04-13 16:26:00,78,116.87,0,1533.99
2412,478,21,2025-02-24 15:55:00,15,18.86,14,154.63
2413,503,27,2024-04-09 01:56:00,89,77.29,8,737.26
2414,435,33,2024-11-25 13:03:00,32,20.5,10,313.92
2415,1108,40,2025-01-11 17:14:00,13,19.3,8,298.51
2416,436,18,2024-12-08 18:00:00,84,108.62,14,1763.63
2417,975,39,2024-09-05 18:56:00,72,51.94,27,590.37
2418,314,36,2024-05-17 03:13:00,56,53.22,8,706.03
2419,612,21,2025-04-13 01:29:00,36,33.07,12,513.18
2420,1008,20,2024-09-17 00:36:00,51,53.47,7,734.16
2421,1387,2,2025-03-30 10:37:00,116,135.16,1,1270.98
2422,886,1,2024-03-27 22:39:00,42,35.42,1,567.23
2423,1986,6,2024-06-30 16:38:00,107,77.67,8,1095.55
2424,1784,2,2024-08-27 06:54:00,49,36.17,7,324.22
2425,1524,29,2024-12-06 14:30:00,46,49.65,14,577.22
2426,749,8,2024-12-02 09:04:00,75,105.71,8,1895.83
2427,1407,34,2025-01-04 05:12:00,10,10.51,4,172.27
2428,656,42,2024-09-23 12:44:00,75,99.4,8,900.59
2429,861,11,2024-05-05 20:49:00,38,28.56,37,237.37
2430,1317,24,2025-01-04 17:24:00,101,117.2,8,1131.85
2431,861,31,2024-05-29 16:13:00,22,30.02,14,297.94
2432,6,25,2024-07-25 05:53:00,85,67.34,2,788.91
2433,1663,34,2025-04-17 02:29:00,79,83.0,9,1310.52
2434,1816,25,2025-02-25 11:52:00,53,58.66,13,834.65
2435,1216,2,2025-04-22 13:59:00,29,23.55,14,359.12
2436,451,42,2024-08-30 03:28:00,89,93.66,0,1667.8
2437,1811,11,2024-04-26 15:43:00,115,128.33,1,1935.77
2438,1632,49,2025-05-15 13:20:00,115,97.23,14,831.93
2439,1820,36,2024-05-23 14:28:00,84,74.82,8,651.38
2440,1621,29,2024-08-03 15:20:00,50,39.11,2,699.61
2441,1800,35,2024-10-03 19:43:00,15,20.38,23,257.35
2442,136,23,2024-10-25 02:20:00,73,83.39,9,975.32
2443,1247,49,2024-12-30 20:24:00,31,29.9,45,302.02
2444,540,36,2024-09-19 14:26:00,36,38.61,4,679.34
2445,1404,31,2024-07-23 02:09:00,40,45.37,3,444.81
2446,1917,41,2025-02-06 21:38:00,13,15.19,10,233.66
2447,1121,35,2024-02-21 04:59:00,82,96.95,12,1597.09
2448,1606,49,2024-02-20 16:49:00,27,36.02,0,521.88
2449,1001,1,2025-04-13 12:24:00,101,129.72,1,2170.31
2450,97,30,2024-10-27 04:14:00,71,92.4,4,1097.36
2451,1243,15,2024-04-24 08:57:00,100,106.02,13,1549.33
2452,1245,30,2025-04-16 01:15:00,101,89.34,13,1153.23
2453,943,33,2024-11-10 13:55:00,76,99.15,7,1781.27
2454,392,22,2024-06-30 22:28:00,11,14.52,14,150.45
2455,208,50,2024-03-28 21:57:00,37,25.53,10,291.11
2456,88,44,2025-03-08 10:28:00,96,135.8,11,1258.84
2457,192,34,2024-09-01 19:38:00,96,133.39,24,1756.18
2458,1456,18,2024-05-14 01:19:00,57,84.57,6,765.08
2459,157,20,2024-02-02 09:56:00,71,103.37,3,1604.86
2460,1918,15,2025-05-15 20:50:00,51,69.65,22,836.22
2461,910,8,2024-06-15 20:48:00,60,80.23,44,1124.62
2462,1524,3,2024-10-25 20:28:00,67,77.46,44,661.07
2463,1808,10,2024-04-28 20:19:00,112,145.62,27,1685.06
2464,1050,19,2024-05-14 13:30:00,83,110.32,0,1891.97
2465,475,50,2024-08-04 23:54:00,64,93.34,0,808.69
2466,447,9,2024-11-09 10:30:00,37,47.45,6,791.75
2467,728,38,2025-04-28 15:23:00,67,82.8,5,1160.38
2468,1441,43,2024-03-16 21:28:00,39,27.07,12,476.9
2469,1586,48,2024-04-16 22:02:00,27,29.93,2,338.64
2470,755,46,2024-12-04 09:41:00,30,44.89,7,460.86
2471,615,6,2024-07-11 23:23:00,18,19.71,8,263.63
2472,1195,28,2025-02-12 12:01:00,69,97.93,9,1069.04
2473,788,31,2024-12-29 08:24:00,32,40.14,11,619.36
2474,1173,23,2024-10-05 09:41:00,20,28.59,15,305.27
2475,1909,40,2024-02-28 13:04:00,66,39.77,0,695.3
2476,1839,11,2024-02-09 16:42:00,22,21.21,2,306.6
2477,1931,19,2025-04-01 03:14:00,110,141.56,8,2077.6
2478,792,45,2025-03-31 01:45:00,85,70.52,6,1053.57
2479,1661,29,2024-05-27 00:47:00,26,29.44,4,393.32
2480,592,43,2024-11-22 07:12:00,108,155.61,4,1905.84
2481,1747,41,2024-06-27 23:01:00,83,104.03,12,1567.82
2482,384,8,2024-10-12 06:26:00,58,58.42,3,817.75
2483,774,27,2024-07-30 13:04:00,10,7.26,10,112.28
2484,1875,16,2024-05-22 05:51:00,14,10.09,4,94.2
2485,1432,15,2024-05-17 19:37:00,79,50.22,23,765.95
2486,1991,28,2024-10-10 07:57:00,63,65.48,0,585.25
2487,1770,29,2024-11-10 02:20:00,29,33.99,8,548.68
2488,247,18,2024-05-30 00:39:00,31,24.49,11,211.27
2489,623,26,2025-04-09 11:27:00,49,35.58,12,574.1
2490,226,36,2024-07-15 07:31:00,106,75.83,6,657.06
2491,1198,49,2024-07-01 23:57:00,92,86.78,10,1003.19
2492,1553,11,2024-11-23 05:31:00,97,96.5,8,1555.48
2493,612,39,2024-01-24 00:13:00,119,175.15,10,1405.54
2494,367,48,2025-02-14 10:21:00,18,22.6,6,368.77
2495,1602,18,2025-02-03 09:59:00,97,80.53,12,1031.68
2496,370,35,2025-04-11 17:14:00,83,49.86,15,775.34
2497,1960,15,2024-02-03 08:59:00,56,47.51,2,557.67
2498,988,19,2024-10-24 06:09:00,55,37.59,8,562.6
2499,1205,30,2024-09-26 16:29:00,85,114.03,6,984.68
2500,1792,45,2024-01-05 09:00:00,84,74.76,7,927.63
2501,1333,28,2024-08-05 03:32:00,34,21.98,11,286.19
2502,123,7,2025-01-05 22:34:00,71,104.27,2,1159.5
2503,1193,6,2024-06-15 02:04:00,42,33.85,15,451.85
2504,350,41,2024-02-23 00:31:00,112,122.49,14,1099.12
2505,1260,43,2024-07-26 20:33:00,50,49.05,18,554.59
2506,931,4,2024-07-27 20:35:00,93,125.93,19,2095.13
2507,1684,38,2024-12-02 06:15:00,113,141.18,11,2459.45
2508,368,46,2025-01-15 06:00:00,61,38.42,5,382.37
2509,379,33,2024-08-09 10:41:00,98,141.92,0,2093.72
2510,1875,9,2024-03-27 09:47:00,22,15.1,4,124.92
2511,838,31,2024-01-19 03:20:00,19,15.78,4,129.25
2512,1762,26,2024-08-05 07:13:00,118,149.41,4,1387.61
2513,1747,9,2024-05-22 01:02:00,50,40.44,4,398.01
2514,361,4,2024-07-09 12:08:00,93,58.1,1,958.85
2515,234,49,2024-04-16 08:34:00,49,38.62,3,383.28
2516,1315,12,2024-07-05 05:33:00,58,84.67,3,1351.85
2517,325,16,2025-01-10 19:16:00,52,70.16,36,1037.86
2518,683,9,2024-04-20 09:11:00,74,71.02,9,1000.96
2519,877,1,2024-03-29 08:37:00,75,74.03,6,790.36
2520,1527,4,2025-01-08 18:22:00,41,40.74,39,585.29
2521,970,41,2025-04-08 07:17:00,94,104.86,11,1024.85
2522,967,15,2024-07-01 12:53:00,109,74.44,5,1337.89
2523,1966,26,2024-07-08 10:36:00,118,77.84,15,1217.44
2524,799,11,2024-07-08 07:55:00,91,96.44,13,1173.18
2525,216,18,2024-08-30 11:14:00,41,39.52,11,379.1
2526,1799,29,2025-02-02 08:59:00,107,102.12,10,1498.02
2527,693,14,2024-10-14 18:44:00,98,120.51,36,1117.47
2528,1299,50,2024-10-22 17:56:00,53,67.48,4,735.29
2529,1797,46,2025-01-21 12:31:00,85,62.53,3,712.06
2530,168,11,2024-11-24 14:55:00,92,112.98,13,1978.17
2531,1526,41,2024-10-07 07:20:00,44,34.82,9,421.61
2532,673,33,2025-01-18 13:15:00,95,106.4,13,1686.22
2533,806,47,2024-10-02 04:18:00,82,83.91,7,1188.09
2534,1541,49,2024-10-06 21:04:00,63,43.25,7,637.42
2535,1025,6,2024-02-21 12:57:00,110,117.01,6,1748.88
2536,182,2,2024-05-05 00:31:00,113,88.98,4,1049.55
2537,966,45,2024-03-26 00:06:00,45,48.72,13,786.59
2538,1964,36,2025-04-07 22:01:00,81,113.94,12,1745.46
2539,1176,14,2024-03-01 04:07:00,46,44.09,6,613.8
2540,610,50,2024-08-14 12:11:00,51,60.09,4,930.59
2541,1703,41,2024-03-25 12:53:00,99,85.82,12,862.59
2542,1672,13,2024-11-02 03:29:00,27,34.38,9,278.94
2543,810,37,2024-05-14 16:54:00,95,63.83,3,626.51
2544,848,45,2025-04-11 12:45:00,47,52.19,2,741.32
2545,925,44,2024-01-14 13:43:00,80,64.14,10,654.66
2546,228,3,2024-02-23 12:06:00,31,28.36,0,259.09
2547,1590,46,2024-05-06 18:38:00,44,55.36,12,864.4
2548,167,13,2024-04-25 07:17:00,44,34.93,13,570.49
2549,1346,14,2025-05-04 21:17:00,78,102.58,9,867.41
2550,1154,35,2025-02-12 22:16:00,21,26.37,2,439.05
2551,1011,39,2024-04-20 01:04:00,42,59.55,2,538.17
2552,22,19,2024-10-23 20:45:00,85,101.71,15,1598.53
2553,98,20,2024-12-01 05:57:00,14,10.3,13,170.28
2554,1897,8,2024-07-25 17:02:00,105,154.18,1,1613.41
2555,296,8,2025-05-03 06:16:00,74,104.03,10,1146.79
2556,535,10,2024-01-31 06:20:00,35,23.35,1,349.17
2557,1159,43,2024-02-19 15:53:00,85,58.63,12,503.49
2558,664,31,2024-02-20 22:56:00,21,27.54,3,276.3
2559,277,46,2024-02-20 18:43:00,49,70.25,11,1261.94
2560,622,30,2024-12-08 00:10:00,76,83.61,2,910.79
2561,245,9,2025-03-06 17:29:00,118,137.92,10,1291.92
2562,993,45,2024-02-08 19:13:00,65,66.87,42,781.38
2563,780,19,2025-03-16 13:12:00,87,57.82,2,484.25
2564,1305,32,2024-06-03 19:07:00,94,139.8,17,2212.28
2565,587,11,2024-05-07 20:09:00,25,22.84,13,200.11
2566,487,6,2025-04-16 10:13:00,52,33.61,13,593.49
2567,380,25,2024-02-04 13:35:00,42,55.97,10,541.35
2568,662,12,2025-01-22 20:31:00,104,91.59,14,734.57
2569,1297,24,2024-05-24 15:46:00,113,74.41,14,1029.65
2570,1224,46,2024-11-10 08:33:00,77,109.6,11,1343.61
2571,1239,19,2024-09-16 18:38:00,38,56.36,11,658.99
2572,1211,41,2024-12-24 23:21:00,65,65.41,12,659.47
2573,746,50,2024-09-15 09:56:00,28,38.26,5,477.58
2574,1484,6,2024-08-21 04:24:00,61,43.92,11,529.28
2575,54,17,2024-07-14 00:30:00,12,14.36,2,157.11
2576,1340,18,2024-02-26 07:00:00,114,107.19,13,1780.58
2577,534,3,2025-02-07 22:32:00,66,85.81,3,1438.99
2578,8,41,2025-02-20 13:26:00,79,90.02,8,1609.81
2579,1648,49,2024-02-21 15:08:00,78,56.68,15,684.49
2580,394,33,2025-01-03 03:07:00,54,74.69,5,702.09
2581,293,36,2024-03-16 05:11:00,81,59.9,0,800.29
2582,965,21,2025-03-19 04:33:00,34,31.35,9,260.82
2583,559,6,2024-01-20 23:48:00,80,67.29,3,691.86
2584,1823,7,2024-12-26 03:59:00,41,37.41,0,608.3
2585,1937,50,2024-06-09 06:20:00,109,157.97,4,1523.99
2586,1318,34,2024-10-30 04:59:00,115,69.79,13,760.2
2587,1310,45,2025-04-24 21:23:00,72,79.26,1,1108.68
2588,952,34,2024-05-03 00:08:00,79,48.62,2,400.5
2589,615,7,2024-11-14 09:58:00,120,148.93,10,1552.72
2590,159,40,2024-06-19 04:50:00,107,113.36,3,1960.94
2591,538,19,2024-08-28 17:26:00,112,112.98,4,1525.91
2592,359,6,2024-11-24 16:43:00,81,116.13,7,955.25
2593,455,49,2024-06-25 15:58:00,81,95.44,0,1406.49
2594,466,30,2024-10-12 18:49:00,24,28.82,16,294.52
2595,1354,40,2025-01-06 22:28:00,42,60.4,7,979.7
2596,825,39,2024-10-21 00:20:00,114,102.46,10,1801.06
2597,1874,32,2025-02-05 11:37:00,83,72.66,0,977.08
2598,570,12,2024-10-21 23:00:00,116,113.35,13,1548.86
2599,101,45,2024-06-01 11:57:00,29,30.97,13,252.34
2600,137,47,2024-01-25 12:21:00,63,63.86,7,799.75
2601,560,24,2024-08-15 01:05:00,61,54.08,14,656.73
2602,1898,15,2024-08-02 21:35:00,18,15.64,1,147.02
2603,451,41,2024-01-11 16:17:00,34,35.05,12,496.3
2604,330,41,2024-11-09 12:18:00,44,38.33,15,636.16
2605,370,21,2025-02-14 00:34:00,46,55.56,7,857.82
2606,1846,17,2024-03-30 06:19:00,75,45.32,1,486.69
2607,931,46,2024-03-05 09:07:00,102,91.59,7,1595.77
2608,816,39,2024-02-25 10:34:00,53,46.84,9,770.91
2609,1198,2,2024-07-15 05:53:00,73,80.8,12,658.48
2610,569,11,2024-07-07 14:03:00,40,59.88,6,611.75
2611,296,40,2025-02-10 10:43:00,86,74.13,5,1283.13
2612,1738,6,2024-06-13 20:34:00,113,81.97,34,841.31
2613,573,2,2025-04-11 04:38:00,65,61.95,2,769.8
2614,204,32,2024-05-31 05:38:00,27,36.35,0,400.59
2615,835,30,2024-10-04 05:57:00,25,23.08,7,320.89
2616,1843,26,2024-07-14 19:13:00,70,96.08,10,1149.32
2617,259,23,2025-01-19 01:13:00,25,33.88,5,440.48
2618,619,35,2025-02-03 11:00:00,33,24.29,13,217.45
2619,1199,4,2024-02-24 18:15:00,92,75.36,33,1069.35
2620,1003,39,2024-09-06 02:38:00,17,10.23,0,100.64
2621,1192,42,2024-06-23 13:06:00,58,42.43,10,499.22
2622,1471,44,2024-05-23 22:31:00,18,19.13,11,220.74
2623,1229,20,2024-01-02 23:28:00,84,125.81,4,1291.95
2624,586,50,2024-06-25 23:51:00,37,26.75,7,236.16
2625,789,42,2024-11-17 14:29:00,110,118.91,2,1290.01
2626,772,19,2024-08-13 23:18:00,117,96.01,0,1519.23
2627,243,40,2024-05-31 11:12:00,96,110.67,3,1903.52
2628,1373,29,2025-05-13 15:27:00,63,78.14,10,670.76
2629,363,43,2024-08-29 20:57:00,107,104.46,18,863.36
2630,1179,11,2024-10-10 02:52:00,99,117.14,15,1578.39
2631,834,43,2024-02-07 23:39:00,17,12.58,7,109.35
2632,234,26,2024-09-01 20:35:00,97,139.16,11,1650.97
2633,1692,31,2024-11-19 13:13:00,52,42.72,4,426.53
2634,996,8,2024-10-03 11:37:00,29,19.27,4,227.11
2635,1303,34,2025-01-03 09:41:00,75,69.82,7,1195.05
2636,172,6,2024-05-26 04:38:00,49,37.89,1,314.08
2637,1529,16,2024-08-20 10:49:00,41,45.63,4,763.71
2638,1440,45,2024-02-07 06:09:00,43,42.73,12,504.21
2639,428,9,2025-05-12 15:48:00,78,96.9,3,1250.87
2640,1135,13,2025-02-14 21:31:00,62,56.31,2,947.35
2641,699,14,2025-04-15 16:08:00,15,10.27,8,150.69
2642,63,25,2025-02-15 11:10:00,99,97.53,9,959.68
2643,912,15,2025-03-22 11:04:00,113,82.5,5,1479.57
2644,648,23,2024-04-22 07:31:00,116,107.75,12,1200.35
2645,1539,25,2024-11-10 15:26:00,43,46.27,9,642.54
2646,328,11,2024-05-22 18:18:00,100,93.08,17,764.82
2647,834,41,2024-03-11 10:00:00,62,69.49,13,783.15
2648,1094,22,2025-03-15 03:09:00,114,137.36,13,2150.94
2649,1538,29,2025-03-24 13:45:00,73,55.58,7,855.76
2650,1439,2,2024-11-10 14:37:00,109,86.54,8,1442.17
2651,150,9,2024-10-21 03:19:00,65,89.82,11,1527.87
2652,382,10,2025-02-07 06:18:00,73,74.12,0,805.59
2653,707,32,2025-01-05 18:29:00,119,165.35,33,1514.97
2654,1065,19,2024-12-23 20:03:00,68,42.28,24,612.95
2655,1085,9,2024-02-17 09:28:00,81,98.22,4,1546.15
2656,396,29,2024-11-26 23:56:00,29,35.5,8,396.41
2657,1470,26,2024-09-06 12:49:00,103,103.08,12,1027.84
2658,1291,15,2024-12-09 04:54:00,120,156.65,13,1567.22
2659,232,5,2024-03-11 04:01:00,115,167.24,1,2828.6
2660,1475,44,2024-09-22 09:32:00,44,31.41,8,494.15
2661,1782,35,2024-04-14 06:48:00,37,36.28,14,535.38
2662,781,2,2025-04-29 16:10:00,98,106.45,12,1382.54
2663,1516,41,2024-02-13 22:13:00,58,35.26,10,507.78
2664,519,39,2025-04-14 09:57:00,65,90.29,4,744.01
2665,759,27,2024-05-23 18:45:00,116,75.03,22,709.46
2666,1274,24,2025-01-25 02:58:00,82,117.87,11,1001.8
2667,1338,1,2024-02-09 03:57:00,52,44.86,3,572.05
2668,1612,34,2025-01-01 22:57:00,100,117.81,1,1197.82
2669,1073,47,2024-09-17 18:40:00,106,133.08,12,1445.04
2670,1307,5,2024-02-01 09:03:00,44,35.98,11,433.8
2671,1831,33,2024-06-23 02:43:00,37,49.96,6,660.69
2672,1341,7,2024-05-20 16:41:00,37,38.09,14,426.5
2673,1036,4,2024-04-10 01:39:00,91,55.58,12,731.61
2674,651,25,2024-05-24 14:07:00,72,97.68,14,1317.62
2675,74,6,2025-05-07 19:02:00,29,40.59,16,489.03
2676,1242,34,2024-12-21 17:41:00,100,78.38,3,968.72
2677,219,24,2024-09-21 12:27:00,112,119.35,13,1089.45
2678,1165,37,2024-08-28 12:28:00,55,61.67,6,902.85
2679,328,27,2024-02-03 15:55:00,15,18.71,0,211.95
2680,1099,14,2024-07-10 06:16:00,55,64.86,2,900.3
2681,865,21,2024-08-13 22:09:00,79,73.68,11,1290.77
2682,507,38,2024-12-01 18:49:00,107,113.23,28,1086.13
2683,820,43,2024-03-13 03:29:00,109,134.11,10,1823.3
2684,137,44,2024-06-18 17:52:00,44,63.19,13,851.83
2685,1239,14,2024-01-03 06:00:00,29,37.98,10,381.51
2686,1846,30,2024-04-01 15:48:00,59,58.23,7,614.35
2687,143,41,2024-07-08 23:45:00,17,12.72,4,213.03
2688,760,20,2024-08-06 03:15:00,10,13.23,14,214.09
2689,1928,1,2024-10-01 18:59:00,70,49.88,10,717.73
2690,1568,15,2024-10-11 22:54:00,31,45.11,15,572.51
2691,1884,48,2025-05-01 03:07:00,107,112.47,4,1258.58
2692,1420,47,2024-09-03 20:32:00,59,45.94,13,371.48
2693,1859,6,2024-03-15 02:03:00,115,83.65,8,786.99
2694,605,44,2024-05-28 15:13:00,96,140.92,11,2168.56
2695,991,45,2024-12-05 14:30:00,22,28.2,13,489.18
2696,1389,38,2024-10-25 20:30:00,23,21.59,37,248.26
2697,817,26,2025-01-29 14:26:00,47,29.92,12,396.15
2698,481,13,2024-05-27 08:01:00,12,13.84,11,131.8
2699,1918,19,2025-04-28 04:43:00,58,70.41,11,701.48
2700,940,40,2024-04-12 22:11:00,26,35.2,2,549.2
2701,500,40,2024-12-26 00:29:00,12,11.11,9,142.01
2702,499,27,2024-01-26 03:21:00,73,95.61,3,843.87
2703,1935,22,2024-01-20 23:44:00,22,14.07,12,212.29
2704,1863,10,2024-08-02 00:01:00,74,46.58,12,535.04
2705,1172,46,2024-04-16 21:16:00,118,120.58,10,1685.56
2706,1769,36,2025-04-15 06:14:00,50,43.01,6,498.12
2707,1832,6,2024-11-03 05:06:00,46,51.22,15,701.78
2708,1676,17,2024-07-15 07:57:00,100,105.48,13,1882.77
2709,794,19,2024-12-13 07:51:00,29,18.0,6,160.49
2710,1946,32,2024-12-20 04:52:00,94,90.89,11,860.05
2711,1062,10,2024-06-07 12:34:00,52,43.55,5,778.89
2712,1021,43,2024-03-06 09:00:00,15,19.95,4,163.75
2713,802,43,2024-01-26 02:19:00,95,120.81,0,1352.62
2714,1207,2,2024-10-13 10:17:00,36,48.29,15,810.02
2715,821,42,2024-04-13 23:03:00,92,112.83,6,2017.8
2716,656,27,2025-03-08 20:58:00,37,34.9,22,562.53
2717,184,4,2024-01-30 23:02:00,85,55.01,7,476.37
2718,909,34,2024-02-28 23:00:00,113,163.45,1,1591.17
2719,1319,15,2024-06-20 22:17:00,18,16.23,5,231.28
2720,104,40,2025-01-13 07:03:00,43,53.13,14,646.68
2721,182,16,2025-01-29 13:25:00,31,33.49,0,439.34
2722,1661,6,2024-03-12 04:43:00,91,89.74,2,1030.92
2723,1772,49,2024-10-19 09:49:00,68,95.52,8,1498.81
2724,1735,1,2025-03-22 11:58:00,101,80.62,2,674.25
2725,715,44,2024-10-07 06:43:00,109,138.16,0,2296.24
2726,887,32,2025-04-21 06:38:00,67,77.51,9,1378.7
2727,194,36,2024-10-26 03:47:00,49,35.57,13,500.26
2728,972,27,2025-01-10 11:41:00,13,16.66,3,200.84
2729,995,28,2024-09-02 22:55:00,22,23.28,15,278.92
2730,1839,9,2024-12-02 16:34:00,113,165.25,13,2853.6
2731,886,35,2024-09-26 21:42:00,55,34.22,12,574.59
2732,1603,41,2024-03-23 14:59:00,61,46.04,5,453.07
2733,886,28,2024-08-15 16:53:00,98,104.21,6,1300.07
2734,814,6,2025-05-01 12:52:00,51,38.36,0,484.79
2735,1190,38,2024-05-03 10:36:00,78,54.25,10,619.21
2736,977,31,2024-08-26 04:27:00,51,75.33,15,889.03
2737,52,36,2025-03-05 06:58:00,81,75.53,0,843.74
2738,1893,5,2025-04-15 22:59:00,47,33.48,14,304.45
2739,1940,50,2024-07-17 10:30:00,80,89.96,2,1577.36
2740,285,38,2025-05-05 11:55:00,60,54.95,2,733.24
2741,904,6,2024-11-27 03:53:00,49,52.58,1,450.13
2742,1335,24,2025-01-31 01:00:00,101,115.46,8,1235.16
2743,1442,41,2024-04-02 16:28:00,81,109.49,15,1258.68
2744,949,4,2024-11-16 07:41:00,12,15.56,6,127.28
2745,209,47,2025-03-25 04:21:00,91,55.68,12,910.71
2746,74,32,2024-05-20 05:36:00,106,156.05,12,2280.78
2747,1231,23,2024-03-17 05:10:00,39,53.27,13,748.3
2748,1682,8,2024-11-20 17:01:00,59,44.33,1,360.69
2749,1951,32,2024-11-23 06:01:00,27,35.94,5,612.67
2750,1334,46,2024-08-04 04:16:00,99,131.12,14,1525.56
2751,962,48,2024-11-21 09:01:00,99,131.48,15,2214.29
2752,1414,6,2025-02-17 20:48:00,45,39.36,33,669.63
2753,1390,50,2025-04-10 15:16:00,16,19.97,15,317.32
2754,742,42,2024-06-04 08:23:00,38,31.5,2,340.42
2755,1343,28,2025-04-03 17:34:00,94,126.0,11,2176.62
2756,1053,13,2024-12-07 23:55:00,44,46.46,9,632.58
2757,1754,15,2024-12-04 11:41:00,80,116.02,5,1919.76
2758,1705,32,2024-04-20 13:25:00,116,100.89,10,1049.6
2759,61,43,2025-02-19 14:30:00,56,60.04,0,1035.28
2760,1846,39,2024-05-28 07:10:00,108,150.71,13,2368.34
2761,1250,36,2024-04-21 21:53:00,93,76.88,7,1284.87
2762,1493,28,2024-11-01 22:21:00,120,129.84,11,1069.59
2763,1483,20,2024-06-12 01:23:00,102,64.13,5,854.22
2764,822,30,2024-03-25 23:52:00,11,7.11,6,76.81
2765,1880,49,2024-11-04 06:36:00,15,18.41,14,189.12
2766,1513,32,2025-04-09 04:54:00,85,75.08,11,1101.39
2767,1986,44,2024-01-03 07:35:00,13,8.54,4,96.94
2768,720,8,2024-06-30 01:43:00,26,31.73,0,349.0
2769,704,2,2024-12-02 05:35:00,22,19.37,10,198.93
2770,133,9,2025-04-10 14:38:00,43,55.67,7,904.28
2771,1538,32,2024-11-13 10:12:00,20,26.35,3,240.23
2772,490,43,2024-06-29 18:01:00,45,67.25,20,807.74
2773,379,30,2025-02-22 08:09:00,80,79.26,12,1352.26
2774,1651,43,2024-06-25 03:44:00,16,17.14,15,175.42
2775,395,36,2025-01-01 21:22:00,54,46.62,2,493.96
2776,1550,28,2025-05-15 01:51:00,87,116.7,2,1615.83
2777,664,7,2024-02-10 15:42:00,48,43.66,11,485.79
2778,1402,15,2024-12-18 14:44:00,14,20.04,13,187.52
2779,382,35,2025-03-08 03:26:00,68,53.03,14,556.91
2780,196,9,2025-03-09 02:42:00,50,67.37,11,1187.95
2781,1473,47,2025-01-25 23:10:00,107,105.17,3,1024.15
2782,869,2,2024-09-20 08:33:00,25,26.5,14,315.95
2783,29,38,2024-11-14 01:27:00,83,67.28,13,700.05
2784,1619,16,2025-04-17 19:38:00,53,77.11,37,1191.14
2785,1928,4,2024-06-08 10:02:00,101,90.59,4,1556.05
2786,257,44,2024-12-26 23:26:00,66,53.12,3,928.35
2787,1951,49,2024-04-20 08:50:00,39,52.46,1,581.56
2788,705,6,2024-12-02 09:41:00,29,18.89,11,265.93
2789,497,26,2024-06-01 11:02:00,119,144.18,5,2285.88
2790,487,7,2024-05-06 08:08:00,70,64.79,11,804.41
2791,956,12,2024-11-06 19:04:00,24,29.92,28,416.03
2792,1533,19,2024-11-17 08:12:00,20,21.38,6,309.35
2793,510,28,2025-03-28 19:23:00,38,54.11,15,912.62
2794,1405,42,2025-03-14 05:42:00,84,86.98,3,1285.74
2795,220,21,2024-01-09 13:09:00,97,109.23,14,1534.63
2796,799,22,2025-02-18 02:58:00,67,53.08,5,694.94
2797,1725,28,2024-03-13 21:39:00,20,25.39,15,261.16
2798,1267,10,2024-03-21 03:37:00,80,65.73,2,1043.03
2799,907,14,2024-12-13 14:27:00,109,112.88,0,1308.26
2800,1157,33,2024-12-15 14:31:00,10,9.98,9,114.4
2801,1219,48,2024-11-12 23:05:00,57,78.49,1,827.52
2802,651,4,2024-01-06 05:00:00,26,33.76,12,520.71
2803,1067,16,2024-10-13 15:35:00,88,55.51,6,857.51
2804,635,41,2024-06-26 01:10:00,86,76.07,12,952.84
2805,813,4,2024-05-01 20:49:00,16,13.52,23,145.09
2806,1403,45,2024-08-23 21:22:00,48,55.82,4,580.58
2807,869,35,2024-09-15 03:02:00,19,26.6,4,331.54
2808,147,4,2025-03-22 10:06:00,41,33.62,12,289.17
2809,1118,20,2024-03-22 04:00:00,22,17.85,5,207.36
2810,484,12,2024-01-17 17:47:00,35,42.58,2,715.98
2811,1377,25,2024-09-24 03:46:00,109,127.91,7,1554.54
2812,19,16,2024-10-02 18:43:00,95,115.16,40,2061.78
2813,1512,25,2024-11-03 00:29:00,105,111.22,9,1610.48
2814,878,31,2024-04-04 01:02:00,12,11.02,2,116.48
2815,1469,7,2025-02-03 01:30:00,11,11.12,13,115.81
2816,1149,24,2025-03-22 00:50:00,93,111.99,10,1012.61
2817,444,30,2024-01-04 16:23:00,20,25.77,2,366.51
2818,1636,42,2024-06-04 11:16:00,56,54.78,15,515.9
2819,810,23,2024-06-22 12:52:00,24,27.36,14,335.92
2820,161,16,2024-08-12 14:46:00,97,128.99,13,1999.45
2821,1734,28,2024-05-03 18:22:00,61,42.45,35,664.31
2822,782,50,2024-08-13 17:14:00,13,12.16,15,122.51
2823,202,13,2024-10-05 16:30:00,105,90.07,1,869.96
2824,287,14,2024-12-17 20:59:00,101,129.81,28,1904.59
2825,1969,5,2024-06-03 09:50:00,60,83.83,5,1084.96
2826,420,47,2024-04-21 00:18:00,97,67.84,14,825.0
2827,199,44,2024-06-01 05:40:00,95,65.74,5,720.2
2828,465,8,2024-11-03 12:34:00,104,101.85,13,1081.58
2829,56,17,2024-07-17 10:24:00,78,115.38,12,1607.42
2830,1849,31,2025-04-19 00:13:00,58,63.57,7,510.46
2831,570,35,2024-04-22 15:43:00,87,124.28,7,1493.3
2832,465,45,2025-03-07 02:48:00,54,60.43,5,934.74
2833,297,50,2025-05-03 22:38:00,24,28.68,5,367.84
2834,119,25,2024-06-17 19:14:00,45,29.61,26,251.65
2835,1522,44,2024-03-15 18:06:00,20,21.78,20,202.18
2836,322,18,2024-09-02 03:33:00,34,21.02,3,261.98
2837,1195,50,2025-04-29 12:41:00,16,21.81,15,247.47
2838,918,34,2024-11-09 23:50:00,117,146.77,8,2396.21
2839,978,19,2024-10-24 19:28:00,89,101.48,30,975.46
2840,1779,9,2024-02-24 15:07:00,24,20.43,13,324.94
2841,856,23,2024-09-21 23:06:00,80,92.63,3,1662.62
2842,1826,1,2024-08-09 02:31:00,37,43.24,10,521.64
2843,499,7,2024-07-27 06:53:00,22,16.53,14,294.41
2844,751,23,2024-08-17 05:47:00,120,153.36,3,1868.77
2845,625,39,2024-07-29 06:31:00,81,85.57,2,1175.7
2846,1827,14,2024-09-26 22:45:00,85,100.59,1,1199.0
2847,1942,11,2024-12-23 01:07:00,107,84.15,0,1093.61
2848,873,32,2024-06-27 06:50:00,97,118.93,3,1414.1
2849,1644,45,2024-04-09 13:58:00,25,33.05,7,289.81
2850,1258,34,2024-06-17 08:37:00,14,17.9,1,198.77
2851,1234,4,2024-05-04 15:43:00,30,34.24,9,401.15
2852,1591,22,2024-09-14 07:21:00,98,95.94,7,1419.99
2853,1879,38,2024-10-07 03:09:00,71,96.95,6,1360.94
2854,316,10,2025-04-11 10:49:00,53,36.85,8,320.5
2855,1230,45,2025-01-13 05:20:00,81,112.79,2,1612.16
2856,1727,17,2025-03-02 15:55:00,63,88.72,3,1436.29
2857,374,46,2024-04-06 12:51:00,14,9.93,12,102.6
2858,1226,17,2024-07-02 08:06:00,115,90.52,8,1012.32
2859,193,21,2024-07-18 06:49:00,16,18.28,0,309.8
2860,1641,31,2024-11-02 12:33:00,94,118.74,1,1722.46
2861,878,45,2024-12-04 09:23:00,110,123.35,14,1154.08
2862,569,47,2024-01-17 17:47:00,88,100.74,5,1513.74
2863,944,31,2024-11-21 06:21:00,93,134.96,2,1644.54
2864,1041,5,2024-02-04 06:13:00,89,91.08,13,1141.07
2865,980,45,2024-03-10 03:30:00,94,75.55,9,1340.73
2866,1447,12,2024-06-05 04:41:00,31,36.63,8,327.49
2867,1264,34,2025-03-26 23:14:00,113,150.11,13,2212.19
2868,504,12,2025-01-10 07:27:00,50,43.88,0,392.35
2869,1115,7,2024-11-28 09:18:00,44,33.06,8,315.82
2870,1369,2,2024-03-21 22:17:00,41,54.43,11,439.43
2871,1231,20,2024-08-12 13:22:00,99,139.1,2,1276.96
2872,1507,33,2024-08-06 21:04:00,53,51.67,8,417.53
2873,1644,37,2024-05-25 03:19:00,73,66.9,2,1135.46
2874,958,3,2024-06-12 09:53:00,91,65.59,10,1174.14
2875,1402,41,2024-11-15 01:32:00,115,87.54,2,1284.56
2876,1684,50,2024-02-06 00:41:00,35,31.03,10,439.54
2877,372,48,2024-10-22 18:11:00,14,16.39,21,170.76
2878,783,46,2024-07-14 13:37:00,94,135.63,13,1898.75
2879,1588,11,2024-10-18 11:14:00,39,42.26,2,578.4
2880,191,5,2024-11-16 17:50:00,106,81.9,0,1339.7
2881,1625,15,2025-02-05 09:08:00,45,53.48,4,585.1
2882,776,28,2024-12-10 05:32:00,105,80.75,13,800.49
2883,1651,20,2024-12-11 16:34:00,87,70.21,7,742.37
2884,968,24,2024-02-22 23:33:00,58,57.57,8,881.77
2885,1040,28,2025-02-01 11:51:00,46,34.88,7,532.78
2886,362,25,2025-04-28 19:08:00,80,71.74,11,896.58
2887,419,22,2025-02-24 00:36:00,120,109.52,11,1542.89
2888,1801,31,2025-03-07 20:55:00,11,9.06,37,145.56
2889,1240,28,2024-05-25 10:13:00,51,58.18,15,700.99
2890,92,17,2024-08-22 03:51:00,80,85.66,0,717.52
2891,1213,38,2024-06-23 08:08:00,80,84.62,14,856.58
2892,563,19,2025-01-13 23:39:00,92,88.48,12,1164.7
2893,889,28,2024-08-18 18:34:00,88,98.69,39,805.71
2894,1436,7,2024-08-22 22:54:00,119,140.21,13,1940.85
2895,175,17,2024-11-14 14:58:00,20,13.45,6,214.99
2896,534,46,2025-04-22 14:06:00,53,50.51,11,615.63
2897,1491,21,2024-01-01 20:21:00,19,20.68,42,252.79
2898,41,44,2024-02-19 12:31:00,94,81.15,5,815.08
2899,1422,14,2025-05-11 11:39:00,91,135.14,10,1106.32
2900,2000,18,2024-06-14 00:41:00,52,67.78,13,1123.03
2901,1181,15,2024-09-05 10:19:00,15,10.83,8,184.24
2902,1629,36,2024-08-10 02:30:00,116,142.99,5,2430.13
2903,1642,29,2024-03-04 09:02:00,118,84.61,1,1506.34
2904,1398,16,2024-10-02 10:55:00,100,149.91,13,2315.46
2905,1548,25,2025-03-23 09:32:00,111,73.73,13,1150.62
2906,511,34,2024-11-27 09:36:00,41,52.6,13,872.87
2907,1779,4,2024-12-09 12:12:00,51,54.11,7,443.13
2908,1721,6,2024-01-12 02:54:00,107,77.81,12,1090.18
2909,173,40,2024-11-28 06:00:00,107,92.51,11,876.47
2910,1779,46,2024-09-07 14:22:00,77,72.26,15,613.32
2911,443,25,2024-06-16 13:09:00,16,23.21,13,235.73
2912,623,44,2024-05-24 06:40:00,86,71.58,12,1107.49
2913,1472,16,2024-04-29 03:34:00,19,22.93,4,228.42
2914,760,29,2024-12-13 13:05:00,71,88.23,1,1101.55
2915,451,8,2025-03-29 14:19:00,45,62.09,14,783.3
2916,877,12,2024-12-11 13:56:00,27,25.63,12,318.96
2917,642,45,2024-01-22 16:39:00,80,113.87,15,1837.54
2918,543,32,2025-05-09 11:39:00,44,53.49,7,931.23
2919,1719,33,2024-12-30 10:08:00,85,78.09,6,973.1
2920,942,17,2025-03-25 00:48:00,110,89.76,12,1136.12
2921,1142,31,2024-05-24 00:16:00,29,17.99,15,219.7
2922,727,6,2024-06-06 19:28:00,54,42.11,15,368.9
2923,1545,31,2025-01-27 06:41:00,109,85.8,1,1363.16
2924,1318,46,2024-01-24 18:54:00,45,56.91,36,667.33
2925,732,47,2024-09-16 04:15:00,105,90.45,8,1034.21
2926,1076,22,2024-12-01 21:27:00,56,46.0,5,788.34
2927,1772,44,2024-03-07 13:27:00,14,16.35,0,271.69
2928,76,17,2024-08-26 00:54:00,83,104.84,2,901.55
2929,503,20,2024-10-26 21:23:00,115,112.62,2,1576.69
2930,1568,39,2024-09-13 18:37:00,104,99.76,30,1789.31
2931,178,36,2024-02-22 21:56:00,50,52.61,14,835.21
2932,567,26,2024-08-06 02:19:00,103,90.2,14,1105.0
2933,191,33,2024-11-25 20:26:00,75,77.86,10,841.41
2934,946,47,2024-10-25 13:25:00,95,112.65,12,1518.03
2935,302,46,2024-11-10 00:47:00,57,70.73,11,851.67
2936,1230,38,2024-07-10 00:33:00,92,106.44,8,1616.11
2937,1437,15,2024-12-20 07:00:00,103,78.53,5,1018.05
2938,1861,19,2025-03-13 00:20:00,45,60.95,7,867.4
2939,865,12,2025-04-13 04:04:00,42,27.27,2,277.14
2940,181,35,2024-07-17 12:02:00,49,50.77,14,846.65
2941,437,36,2024-10-29 02:16:00,68,85.67,10,828.99
2942,933,20,2025-03-18 09:52:00,26,15.66,10,220.13
2943,578,7,2024-01-09 23:55:00,96,71.98,7,1139.51
2944,985,42,2024-04-25 11:05:00,78,111.09,13,1348.21
2945,1896,32,2024-09-02 09:06:00,36,24.52,6,421.42
2946,157,33,2024-12-11 06:00:00,28,25.75,11,256.37
2947,1845,27,2025-01-30 10:34:00,114,76.46,6,1338.71
2948,1917,34,2025-02-01 17:23:00,91,68.34,3,880.87
2949,1234,21,2024-06-24 19:51:00,89,58.04,43,640.52
2950,1815,44,2025-02-10 02:58:00,31,45.69,12,516.43
2951,1655,34,2025-03-05 03:24:00,68,61.92,5,628.57
2952,421,7,2024-10-27 07:19:00,78,100.31,2,1351.91
2953,1468,49,2024-01-22 23:03:00,35,51.26,2,829.96
2954,1774,25,2024-04-06 08:08:00,100,114.6,5,1274.07
2955,322,7,2024-12-18 19:56:00,57,63.66,25,1131.92
2956,1735,4,2025-03-06 18:47:00,23,17.39,42,193.79
2957,968,13,2024-05-31 02:05:00,47,58.81,2,586.13
2958,172,22,2025-03-27 20:22:00,56,43.47,13,761.71
2959,657,15,2024-01-20 06:03:00,113,99.05,0,1237.91
2960,1092,6,2024-12-09 22:06:00,16,18.48,13,214.47
2961,1125,20,2024-12-05 10:20:00,68,65.69,13,681.46
2962,1639,20,2024-06-15 09:07:00,110,121.28,5,1695.05
2963,202,10,2024-07-27 19:54:00,86,72.26,19,617.88
2964,629,44,2024-02-12 19:58:00,103,136.3,11,1661.98
2965,215,45,2025-01-18 12:41:00,58,70.82,2,578.79
2966,1834,49,2025-03-30 22:46:00,77,90.31,5,1322.28
2967,275,48,2024-03-04 12:34:00,28,27.32,4,260.07
2968,172,41,2025-02-19 15:22:00,91,87.53,12,1431.69
2969,1165,50,2024-07-14 04:01:00,77,59.61,8,772.88
2970,1638,46,2024-02-14 23:00:00,11,10.02,7,94.1
2971,1638,41,2024-11-20 20:22:00,73,52.31,18,706.85
2972,934,4,2024-12-26 06:10:00,28,17.57,14,300.95
2973,548,36,2024-06-22 19:31:00,104,74.46,22,1010.05
2974,1924,8,2024-03-15 19:22:00,21,18.18,21,309.24
2975,1662,3,2024-06-18 21:32:00,112,131.97,4,2261.34
2976,1941,34,2024-07-23 00:51:00,58,37.09,0,361.07
2977,1916,12,2024-05-14 00:26:00,110,101.5,9,1711.71
2978,540,29,2025-05-03 12:44:00,87,127.84,1,1940.63
2979,48,17,2025-03-21 02:40:00,74,109.14,10,1348.59
2980,1973,45,2024-05-12 06:02:00,22,31.03,10,442.8
2981,726,28,2025-02-16 04:14:00,75,82.72,14,1263.97
2982,781,23,2024-08-05 22:58:00,88,102.18,7,893.12
2983,798,43,2025-05-05 01:26:00,92,65.8,4,1081.32
2984,48,6,2024-02-20 23:55:00,34,37.41,0,644.24
2985,988,38,2024-05-21 21:48:00,67,94.62,2,1470.08
2986,1261,1,2024-04-19 16:01:00,36,32.27,8,534.66
2987,1068,38,2025-02-12 10:46:00,41,45.27,9,501.61
2988,1207,46,2025-01-20 03:16:00,68,90.3,1,1586.6
2989,478,20,2024-08-13 04:35:00,40,45.19,2,794.13
2990,838,31,2024-04-20 20:03:00,114,126.31,24,1169.75
2991,1496,26,2024-09-09 00:51:00,81,67.25,12,1085.88
2992,1083,48,2025-01-29 13:53:00,112,100.64,4,1401.92
2993,342,24,2025-01-31 21:42:00,78,93.38,5,1237.79
2994,338,46,2024-10-01 00:48:00,107,74.87,6,714.46
2995,765,14,2024-01-22 13:57:00,75,79.71,13,1064.27
2996,611,44,2025-04-27 13:31:00,62,72.86,0,1027.92
2997,818,18,2024-06-14 17:14:00,71,104.81,8,1440.65
2998,1702,37,2024-08-31 10:09:00,20,16.16,6,142.4
2999,979,21,2025-04-04 11:43:00,110,136.2,5,2347.77
3000,1434,40,2024-09-07 08:34:00,100,101.16,8,897.27
3001,1405,5,2024-12-27 20:18:00,77,72.93,20,895.98
3002,662,49,2024-03-02 23:41:00,25,32.77,15,401.24
3003,686,15,2024-05-17 19:26:00,55,71.96,14,1127.98
3004,1595,42,2024-08-11 09:56:00,24,27.61,14,367.04
3005,875,16,2025-04-23 23:00:00,113,72.87,6,838.71
3006,1033,12,2024-02-01 03:25:00,110,84.98,1,752.81
3007,1509,21,2024-10-21 15:41:00,91,67.31,8,635.8
3008,1074,18,2025-01-23 17:50:00,105,83.31,5,1066.03
3009,841,36,2024-01-25 18:40:00,76,98.01,37,1425.95
3010,101,6,2025-02-15 20:55:00,74,109.06,27,881.32
3011,418,13,2025-04-10 09:35:00,10,6.65,10,111.09
3012,899,48,2024-05-03 11:50:00,77,73.86,15,667.94
3013,709,21,2024-05-13 08:26:00,12,10.93,4,184.99
3014,84,40,2025-03-31 13:31:00,119,100.03,12,1433.42
3015,283,32,2024-03-10 01:40:00,52,66.27,12,1143.28
3016,1747,20,2024-11-15 18:04:00,23,26.21,19,395.93
3017,1682,23,2024-07-28 14:47:00,90,128.96,4,2067.25
3018,747,48,2024-01-22 05:05:00,55,81.01,6,1099.37
3019,1764,2,2024-12-10 15:29:00,53,73.53,4,653.93
3020,326,25,2024-04-03 13:16:00,37,53.58,11,641.71
3021,1314,33,2024-05-16 09:47:00,60,36.14,0,589.51
3022,1701,22,2024-02-12 21:50:00,82,100.64,3,1416.16
3023,133,30,2024-09-04 11:23:00,18,13.28,8,145.94
3024,1626,20,2024-11-05 05:21:00,36,43.38,13,745.12
3025,1270,35,2024-04-01 16:48:00,96,123.26,10,1803.25
3026,975,18,2024-08-13 14:27:00,54,50.83,10,702.65
3027,76,31,2024-01-10 11:20:00,48,60.13,8,871.07
3028,1451,14,2024-11-22 09:14:00,108,106.78,15,1556.04
3029,209,22,2025-03-16 13:51:00,82,62.09,4,947.45
3030,1700,38,2024-05-16 19:54:00,16,16.61,25,182.45
3031,231,23,2024-04-17 11:37:00,69,70.38,1,1030.36
3032,225,8,2025-05-01 10:41:00,42,42.68,7,668.58
3033,1259,17,2024-05-03 21:04:00,114,160.17,8,2393.32
3034,991,9,2024-03-29 11:23:00,69,101.14,10,1214.99
3035,213,15,2024-06-24 08:41:00,103,120.56,9,1079.29
3036,1094,22,2025-03-24 20:23:00,69,54.69,30,520.46
3037,1763,10,2024-10-01 11:23:00,54,59.26,11,762.07
3038,1225,20,2025-03-02 15:23:00,74,50.91,13,612.17
3039,319,34,2025-01-30 08:40:00,91,64.23,6,777.53
3040,489,14,2025-01-14 23:41:00,110,161.27,9,2006.26
3041,616,2,2024-08-26 03:16:00,61,80.9,14,1159.78
3042,197,17,2025-01-08 15:42:00,85,88.42,7,1568.74
3043,255,36,2024-06-27 22:20:00,83,75.2,1,991.29
3044,444,32,2025-04-25 09:23:00,101,130.28,1,1202.04
3045,53,13,2024-11-07 12:06:00,12,8.04,11,113.83
3046,64,43,2025-03-09 01:48:00,23,22.87,1,397.96
3047,943,37,2025-02-08 20:17:00,83,52.3,44,644.59
3048,1224,12,2025-04-28 16:20:00,50,60.6,12,1032.54
3049,320,8,2025-01-18 11:37:00,113,147.19,13,1832.77
3050,1387,16,2024-06-29 06:50:00,64,66.44,7,776.03
3051,1380,23,2024-12-26 16:38:00,62,39.74,1,498.52
3052,273,35,2024-10-02 06:17:00,109,73.78,6,760.29
3053,708,7,2025-01-20 06:39:00,10,6.67,6,56.5
3054,959,20,2024-03-25 15:40:00,49,72.42,7,892.37
3055,1743,44,2025-04-17 07:20:00,71,88.11,13,1094.0
3056,1680,5,2025-05-01 22:17:00,76,111.49,6,1676.36
3057,1750,43,2024-01-06 21:03:00,68,82.02,7,1316.09
3058,1586,41,2024-08-11 11:35:00,114,84.14,0,1105.32
3059,1996,22,2024-04-02 21:26:00,40,56.29,15,906.14
3060,1938,17,2024-12-28 02:09:00,74,101.94,12,1253.01
3061,1195,7,2024-02-15 04:43:00,26,37.99,5,332.62
3062,1284,43,2024-03-26 10:55:00,30,39.74,2,684.83
3063,1200,32,2025-02-08 20:34:00,82,108.68,19,1785.51
3064,1659,40,2025-03-18 09:25:00,107,137.27,14,2421.11
3065,1289,41,2024-05-19 12:58:00,57,70.11,5,823.64
3066,1678,21,2024-05-23 09:59:00,19,13.27,3,211.96
3067,1409,35,2024-12-06 22:21:00,20,15.85,14,156.53
3068,1980,2,2024-12-17 10:09:00,17,13.35,3,198.92
3069,444,29,2025-03-04 23:27:00,75,65.31,3,873.23
3070,1839,18,2025-03-17 15:05:00,43,40.58,4,391.93
3071,1938,5,2024-05-13 21:33:00,41,31.92,10,340.57
3072,123,7,2024-02-26 05:28:00,31,33.71,12,273.53
3073,4,33,2024-09-03 12:58:00,47,48.03,15,406.43
3074,1174,1,2024-08-03 21:42:00,71,70.43,7,1109.61
3075,773,10,2025-01-14 19:23:00,10,10.35,40,154.12
3076,135,41,2024-08-01 05:06:00,73,53.48,9,719.63
3077,1732,34,2024-07-21 17:03:00,94,81.76,12,1319.54
3078,456,3,2024-04-25 21:10:00,59,80.27,10,1280.99
3079,526,40,2024-08-07 14:19:00,23,25.99,2,312.21
3080,662,46,2025-04-08 21:48:00,39,44.78,0,531.5
3081,1868,17,2025-02-11 18:02:00,82,102.29,41,1478.27
3082,470,20,2024-03-07 10:52:00,94,140.83,14,2088.05
3083,253,36,2024-02-05 23:55:00,57,62.86,3,620.95
3084,1116,10,2024-10-23 12:29:00,11,11.18,5,102.62
3085,681,16,2024-02-04 19:15:00,91,128.42,18,2030.27
3086,699,11,2024-07-24 00:08:00,32,22.46,0,303.3
3087,1045,30,2024-07-06 08:32:00,11,8.0,7,79.92
3088,754,35,2024-04-28 16:52:00,48,37.1,2,298.38
3089,742,29,2024-05-02 10:54:00,20,20.64,10,354.65
3090,773,37,2024-04-21 22:45:00,54,38.33,5,588.14
3091,624,4,2025-04-09 02:09:00,79,64.79,2,888.5
3092,753,33,2025-05-02 20:37:00,100,103.4,10,1790.61
3093,695,49,2025-03-17 19:29:00,22,22.96,41,202.38
3094,996,45,2024-01-14 06:02:00,54,52.37,14,894.25
3095,1830,37,2024-06-04 02:08:00,42,59.6,12,479.67
3096,191,26,2024-05-09 17:51:00,39,50.1,10,505.43
3097,918,25,2024-10-13 08:07:00,106,116.77,12,1468.39
3098,1773,43,2024-08-11 01:00:00,59,50.26,9,565.22
3099,1955,42,2025-03-07 22:59:00,85,112.13,14,1655.4
3100,1369,15,2025-03-07 02:40:00,107,109.69,7,926.45
3101,463,12,2024-05-15 18:50:00,63,80.24,38,909.38
3102,1547,32,2025-04-03 08:55:00,53,37.35,0,411.67
3103,576,35,2025-03-15 01:37:00,48,59.08,14,901.18
3104,445,8,2024-10-04 02:22:00,59,36.44,10,599.48
3105,333,31,2024-01-27 14:38:00,109,148.66,11,2404.77
3106,1471,20,2025-02-15 15:26:00,116,81.85,3,696.73
3107,1953,37,2024-08-30 12:19:00,67,62.03,11,755.73
3108,945,10,2024-09-19 18:50:00,68,50.08,34,742.75
3109,431,19,2024-09-16 10:17:00,97,60.36,6,832.95
3110,1247,33,2024-05-12 21:24:00,77,105.68,13,857.5
3111,889,25,2025-01-05 18:46:00,86,65.69,36,569.98
3112,1064,9,2025-04-21 13:50:00,80,82.3,14,1385.23
3113,1824,30,2024-08-12 19:23:00,69,43.94,23,601.76
3114,1830,27,2024-03-14 12:14:00,73,74.58,5,1252.45
3115,1655,49,2025-04-17 14:04:00,95,124.15,1,2168.1
3116,1556,16,2024-07-02 03:08:00,80,90.99,5,898.46
3117,1625,3,2024-07-27 17:57:00,93,132.49,9,1327.17
3118,475,13,2024-12-16 07:03:00,110,80.17,7,843.57
3119,777,2,2025-02-07 12:52:00,100,140.06,12,1913.22
3120,1996,17,2024-12-28 07:43:00,10,9.59,11,139.47
3121,391,22,2024-08-12 17:56:00,60,53.45,4,747.65
3122,186,9,2024-09-15 10:15:00,71,88.31,1,735.63
3123,784,17,2024-05-09 16:56:00,115,126.51,9,1684.74
3124,1598,22,2024-05-05 03:07:00,84,98.16,0,1036.5
3125,742,23,2025-05-08 09:57:00,28,30.14,0,338.77
3126,1996,29,2024-07-29 09:08:00,56,50.38,0,644.7
3127,1761,28,2024-10-08 16:40:00,67,73.02,0,1079.77
3128,87,15,2025-01-04 18:08:00,31,22.01,14,377.92
3129,71,6,2024-11-14 22:57:00,51,56.31,13,969.94
3130,1949,38,2025-02-01 18:42:00,26,28.23,40,385.58
3131,1591,31,2024-03-22 16:31:00,35,47.03,2,494.57
3132,323,20,2024-10-17 11:51:00,62,46.89,3,597.33
3133,1366,37,2024-07-19 09:19:00,24,23.63,7,235.05
3134,375,35,2024-10-12 16:00:00,70,42.28,10,371.46
3135,85,12,2024-09-26 15:19:00,53,64.46,4,1120.96
3136,302,44,2024-03-22 23:45:00,93,118.75,2,1808.75
3137,1002,24,2024-06-01 11:17:00,18,17.25,15,244.87
3138,1349,45,2024-02-04 01:55:00,44,42.47,4,711.14
3139,655,42,2025-01-13 00:49:00,22,20.24,12,299.74
3140,1170,29,2024-05-09 08:10:00,115,74.26,12,635.22
3141,1095,50,2024-06-23 09:47:00,79,113.67,6,1138.59
3142,1174,24,2024-09-16 15:09:00,40,48.8,6,584.57
3143,1449,42,2024-01-06 13:03:00,111,75.38,8,855.99
3144,1218,10,2024-04-27 04:25:00,72,48.09,10,625.25
3145,205,40,2024-11-20 14:00:00,22,20.43,3,278.97
3146,1017,39,2025-03-09 15:42:00,26,16.25,4,186.94
3147,1171,9,2024-01-24 03:54:00,81,59.88,11,554.69
3148,465,46,2024-03-17 18:28:00,117,70.59,27,970.86
3149,1743,13,2025-01-21 15:37:00,53,55.91,3,639.43
3150,1976,41,2025-04-10 11:58:00,51,67.8,2,833.5
3151,433,39,2024-11-26 14:05:00,46,52.5,0,894.62
3152,956,22,2025-03-01 14:19:00,99,135.96,9,2331.36
3153,613,36,2025-02-19 14:52:00,40,44.98,5,533.23
3154,709,39,2024-02-10 16:59:00,79,64.3,2,628.74
3155,1338,37,2025-05-02 15:46:00,67,54.41,13,820.66
3156,945,31,2024-03-28 08:19:00,34,39.84,6,569.58
3157,702,20,2024-11-14 14:33:00,73,54.63,12,634.75
3158,226,22,2025-04-07 12:48:00,101,137.99,7,2338.0
3159,1775,44,2024-11-27 01:53:00,30,34.56,1,540.14
3160,464,18,2025-04-20 17:41:00,12,14.12,4,154.33
3161,1191,27,2025-05-07 01:40:00,13,16.24,9,131.46
3162,135,27,2024-12-23 11:30:00,39,40.17,4,437.04
3163,344,26,2024-07-14 22:49:00,98,132.3,4,1542.57
3164,1217,10,2025-04-17 01:14:00,62,80.83,7,689.52
3165,1558,6,2025-01-02 08:59:00,116,135.32,1,2317.18
3166,1391,22,2024-03-16 14:15:00,23,33.35,3,517.64
3167,378,12,2024-07-21 09:58:00,18,14.99,10,183.04
3168,1986,1,2025-03-25 00:40:00,18,19.25,4,330.79
3169,1633,15,2024-04-21 10:39:00,77,114.46,8,1428.89
3170,628,11,2024-03-21 18:34:00,91,74.45,30,1054.55
3171,1402,27,2025-04-11 22:30:00,110,113.19,2,2018.11
3172,511,39,2024-01-11 05:10:00,65,84.0,5,1295.07
3173,953,47,2025-02-03 07:25:00,51,31.09,6,293.26
3174,1153,2,2024-10-21 01:45:00,91,59.15,9,971.5
3175,833,5,2025-03-18 20:19:00,48,35.09,42,452.27
3176,1725,48,2024-12-27 10:20:00,43,51.29,1,776.74
3177,582,12,2024-11-24 07:07:00,61,70.6,4,1076.03
3178,1536,4,2025-01-11 13:28:00,56,74.5,8,1300.84
3179,461,40,2024-04-10 09:14:00,97,108.36,0,1167.23
3180,1749,14,2025-01-13 21:37:00,120,91.79,11,894.51
3181,961,36,2024-12-21 07:21:00,68,52.93,3,895.54
3182,505,2,2025-04-23 15:14:00,45,40.79,6,346.91
3183,472,28,2024-06-07 03:54:00,32,23.59,15,408.91
3184,45,41,2024-10-18 17:23:00,34,42.27,14,404.64
3185,496,15,2024-06-26 01:20:00,19,18.24,4,191.25
3186,271,21,2024-02-19 00:31:00,100,68.08,11,765.4
3187,1760,32,2024-01-28 18:17:00,91,136.31,13,1463.13
3188,312,42,2025-02-22 21:43:00,48,69.68,12,770.35
3189,162,38,2024-11-13 05:23:00,114,106.59,2,992.99
3190,477,33,2025-02-14 01:31:00,108,115.04,2,1891.81
3191,1685,47,2025-05-13 11:57:00,12,10.97,7,167.76
3192,636,40,2025-05-07 08:59:00,107,158.01,15,1438.01
3193,1418,32,2025-03-15 10:22:00,73,106.18,12,1308.4
3194,473,12,2025-05-05 16:40:00,93,66.8,8,808.0
3195,36,28,2024-03-02 23:26:00,27,36.74,2,540.57
3196,1788,35,2024-12-02 11:57:00,101,99.92,10,930.68
3197,1790,50,2024-01-01 14:27:00,19,16.75,9,159.77
3198,644,39,2024-10-14 21:24:00,74,98.26,13,1371.36
3199,944,5,2024-06-05 06:43:00,37,45.27,13,373.02
3200,1912,33,2024-01-22 23:48:00,85,53.9,1,473.59
3201,583,49,2025-01-21 13:46:00,22,30.02,6,420.25
3202,995,33,2024-09-25 16:35:00,22,23.85,6,199.93
3203,1637,26,2024-12-02 03:24:00,41,45.07,3,544.28
3204,1041,31,2024-12-28 17:46:00,55,37.39,11,647.82
3205,1907,39,2024-01-24 11:40:00,14,16.73,12,189.73
3206,820,49,2024-10-12 17:48:00,30,28.27,5,374.3
3207,25,31,2025-05-01 04:45:00,72,53.35,0,813.06
3208,1135,8,2024-12-10 21:55:00,47,47.13,6,592.94
3209,721,27,2024-05-24 00:29:00,76,60.87,0,1070.96
3210,455,4,2025-01-28 12:38:00,66,96.17,11,868.65
3211,523,23,2025-05-15 09:38:00,80,62.72,14,1061.03
3212,533,25,2024-09-03 08:36:00,14,20.29,12,269.22
3213,1482,27,2024-08-18 11:04:00,81,73.21,15,1239.6
3214,173,28,2024-06-04 11:27:00,15,13.74,11,222.73
3215,425,20,2024-05-07 02:32:00,16,22.79,14,230.07
3216,1909,10,2024-01-09 23:02:00,27,24.69,11,303.32
3217,1554,14,2024-05-02 15:45:00,71,73.41,7,600.81
3218,410,7,2024-07-12 15:44:00,81,83.67,5,1371.89
3219,221,24,2024-05-24 17:30:00,96,70.88,3,668.81
3220,1362,4,2024-03-11 11:52:00,47,42.46,0,619.15
3221,701,19,2024-10-29 01:32:00,105,131.03,6,1792.53
3222,1016,26,2024-11-19 14:15:00,76,80.48,4,893.21
3223,200,26,2024-04-19 00:12:00,112,147.19,9,1543.63
3224,451,50,2024-12-09 01:01:00,13,14.59,9,149.31
3225,323,40,2024-06-06 19:59:00,38,56.52,41,843.08
3226,1463,18,2024-02-24 14:36:00,82,120.18,13,1338.92
3227,556,27,2025-01-21 12:09:00,75,86.8,6,1006.21
3228,1069,39,2025-02-12 12:10:00,28,25.29,14,399.07
3229,1295,26,2024-01-29 00:10:00,26,21.45,4,219.75
3230,1954,19,2024-01-20 11:24:00,105,107.24,3,1055.73
3231,162,43,2024-07-07 16:36:00,104,66.47,8,599.75
3232,1058,41,2024-03-25 16:56:00,11,9.93,13,119.41
3233,89,46,2024-10-04 03:54:00,33,26.26,4,338.18
3234,1134,19,2025-01-29 08:31:00,91,104.9,12,1678.04
3235,853,6,2024-06-16 04:30:00,60,69.02,9,761.12
3236,319,1,2024-03-15 05:51:00,43,52.66,4,553.49
3237,1115,26,2024-04-07 23:04:00,41,56.64,7,714.81
3238,615,24,2024-01-22 07:04:00,117,158.19,3,2710.43
3239,65,45,2024-03-19 12:43:00,58,67.75,3,1165.36
3240,1614,8,2024-11-05 07:42:00,83,80.33,12,711.14
3241,541,30,2025-04-21 02:55:00,74,82.22,3,1340.86
3242,1669,38,2025-02-15 19:08:00,103,91.03,34,1598.86
3243,1386,39,2024-03-14 09:46:00,72,69.72,6,759.58
3244,1985,3,2024-04-22 08:05:00,45,30.78,2,404.96
3245,228,36,2024-11-20 03:19:00,11,15.99,10,275.29
3246,1429,46,2024-04-28 05:20:00,91,64.09,0,711.22
3247,923,3,2024-09-14 11:26:00,10,11.15,8,177.55
3248,1653,25,2024-08-20 03:18:00,94,125.56,14,1665.64
3249,142,2,2024-04-11 03:16:00,113,149.9,12,1606.58
3250,971,9,2025-04-29 04:29:00,51,60.96,15,853.22
3251,1620,4,2024-08-20 23:17:00,13,10.4,14,110.81
3252,1267,41,2024-10-24 19:58:00,77,77.37,24,810.01
3253,219,46,2024-04-27 12:47:00,88,75.68,5,1222.85
3254,829,20,2024-02-06 00:53:00,59,36.3,5,445.27
3255,1657,29,2024-06-28 07:04:00,99,116.95,1,1342.22
3256,1896,26,2024-05-03 02:43:00,117,74.01,0,1329.55
3257,1235,26,2024-11-25 10:18:00,62,81.1,5,910.04
3258,812,3,2024-07-17 09:01:00,17,14.5,9,253.83
3259,820,30,2024-11-02 09:56:00,81,76.2,8,997.28
3260,1059,5,2024-08-27 00:57:00,93,76.43,3,630.82
3261,110,30,2025-02-12 14:00:00,106,70.45,15,1232.65
3262,1568,15,2024-11-30 15:20:00,83,117.59,6,1891.96
3263,1671,3,2024-08-15 16:06:00,24,34.52,2,428.86
3264,1176,46,2025-01-23 13:53:00,16,23.89,8,338.3
3265,349,6,2024-05-17 09:18:00,21,30.46,11,345.47
3266,1213,28,2024-08-17 08:14:00,39,31.59,9,462.35
3267,1496,27,2024-12-25 10:23:00,30,24.18,3,309.51
3268,1393,2,2025-02-23 06:46:00,39,36.04,0,604.19
3269,1551,4,2024-06-08 19:44:00,112,126.24,21,1495.6
3270,828,23,2024-04-19 23:24:00,101,70.75,15,1024.17
3271,935,16,2024-02-23 14:13:00,82,113.34,13,1693.83
3272,317,18,2024-09-16 15:45:00,102,75.18,6,1197.45
3273,1663,36,2025-02-25 11:54:00,77,72.26,10,1278.82
3274,499,40,2024-03-19 15:42:00,113,107.26,14,1570.05
3275,535,45,2024-02-10 07:17:00,83,64.8,3,1098.07
3276,987,39,2024-07-18 14:59:00,14,13.82,11,160.84
3277,1313,7,2024-09-01 07:52:00,50,50.81,4,466.66
3278,1469,8,2024-07-17 04:21:00,13,12.4,6,215.07
3279,760,49,2024-05-14 12:19:00,61,48.05,14,391.88
3280,1923,19,2024-12-05 20:41:00,51,47.15,10,776.54
3281,473,39,2025-01-02 07:16:00,94,67.59,3,1030.27
3282,810,26,2025-05-03 23:37:00,29,26.85,4,377.06
3283,1746,42,2024-01-29 10:01:00,89,127.41,12,2274.16
3284,15,4,2024-12-07 02:50:00,111,148.42,1,1310.79
3285,670,28,2024-02-07 13:04:00,118,132.97,6,1810.85
3286,1614,17,2025-05-10 23:39:00,90,95.66,4,1671.71
3287,1752,15,2024-01-01 01:43:00,104,114.45,4,1665.42
3288,396,34,2025-03-13 09:42:00,58,78.24,1,1223.8
3289,1407,46,2025-02-23 17:54:00,61,62.85,6,926.32
3290,447,5,2024-02-01 08:42:00,43,46.28,15,683.22
3291,1934,30,2025-04-30 20:15:00,90,134.34,33,2377.05
3292,1485,27,2024-02-05 19:08:00,26,38.72,43,521.54
3293,1800,9,2024-01-11 13:13:00,106,71.39,12,1157.91
3294,249,31,2024-07-15 02:40:00,90,104.82,7,1706.96
3295,319,13,2024-07-30 08:48:00,24,29.31,13,412.55
3296,868,33,2024-04-06 10:58:00,90,103.37,2,1254.73
3297,948,28,2024-05-20 00:53:00,41,30.04,2,454.51
3298,1504,15,2024-12-03 05:21:00,27,35.36,4,596.0
3299,1301,26,2025-02-16 14:58:00,23,17.42,7,219.68
3300,533,39,2025-03-09 19:36:00,51,69.42,20,1205.33
3301,642,12,2025-04-09 19:26:00,107,88.97,29,1320.13
3302,571,49,2025-05-07 07:51:00,105,122.52,13,1601.7
3303,1787,8,2024-02-08 09:50:00,38,30.35,13,320.95
3304,1240,46,2024-09-23 00:20:00,81,85.03,2,1395.27
3305,650,45,2024-06-27 19:43:00,94,122.53,13,1924.85
3306,1864,25,2024-12-23 05:49:00,71,76.51,1,743.47
3307,730,37,2024-02-20 22:09:00,12,14.9,8,261.42
3308,1954,16,2024-08-27 05:07:00,62,47.16,12,563.69
3309,47,14,2024-03-15 06:20:00,75,65.04,0,634.28
3310,655,23,2024-12-02 19:37:00,82,119.41,39,1874.21
3311,1478,30,2025-05-11 18:12:00,87,117.23,41,1937.48
3312,647,49,2024-06-26 02:36:00,92,122.78,8,1866.02
3313,552,44,2024-02-13 02:04:00,71,85.76,12,1512.1
3314,934,1,2024-04-21 22:33:00,64,46.95,11,560.09
3315,1338,30,2025-03-17 13:06:00,23,17.12,9,261.98
3316,329,14,2024-04-16 00:50:00,11,11.98,11,143.51
3317,511,3,2025-01-15 16:44:00,28,31.37,5,448.05
3318,1306,36,2024-03-12 16:29:00,38,55.68,5,890.53
3319,81,31,2024-12-15 22:33:00,77,60.25,5,865.6
3320,471,46,2024-08-06 11:48:00,47,51.24,4,504.15
3321,967,9,2024-01-04 02:39:00,67,91.15,9,854.74
3322,963,17,2025-02-28 21:04:00,65,78.89,5,1017.73
3323,1430,28,2025-01-25 06:40:00,60,53.62,5,763.93
3324,1497,21,2024-06-29 10:05:00,97,120.13,0,2110.68
3325,1813,6,2024-01-17 16:07:00,89,77.72,8,1173.58
3326,264,28,2025-03-25 05:13:00,98,63.0,6,767.56
3327,926,9,2024-03-07 07:20:00,14,10.33,7,82.93
3328,1853,13,2024-12-08 08:43:00,28,38.9,8,388.02
3329,936,22,2025-02-17 06:36:00,24,35.58,4,586.86
3330,1148,2,2025-03-18 19:07:00,63,78.03,24,720.97
3331,1721,28,2024-11-09 12:53:00,81,82.95,9,671.27
3332,423,1,2024-05-10 11:17:00,42,27.63,0,328.67
3333,893,26,2024-05-15 18:29:00,10,6.28,44,68.29
3334,1616,48,2024-06-18 17:01:00,22,19.72,3,254.35
3335,614,10,2024-10-24 13:53:00,98,73.79,0,1022.99
3336,606,7,2024-03-01 11:00:00,50,66.82,13,945.69
3337,1445,27,2024-02-20 23:46:00,108,83.77,10,1370.86
3338,1451,22,2024-07-09 05:44:00,41,50.29,4,734.57
3339,1132,4,2024-06-15 16:53:00,80,61.9,14,896.26
3340,1303,20,2024-04-30 11:58:00,44,55.71,9,722.53
3341,829,12,2025-04-25 10:47:00,96,74.75,11,632.93
3342,219,6,2024-02-29 10:49:00,30,40.06,10,523.4
3343,892,12,2024-08-25 14:45:00,79,86.66,5,1041.54
3344,453,6,2024-08-15 08:34:00,85,52.43,7,429.86
3345,1861,23,2025-02-14 17:57:00,112,118.36,15,1086.23
3346,1114,28,2024-02-04 09:52:00,26,19.77,7,230.91
3347,1439,22,2025-05-06 22:49:00,47,56.15,11,784.0
3348,371,3,2024-06-15 23:50:00,55,60.89,14,682.68
3349,1016,39,2024-11-06 02:06:00,97,74.64,14,1335.64
3350,1634,36,2024-04-24 00:45:00,49,62.85,14,761.54
3351,293,29,2025-03-23 08:20:00,108,149.17,3,1324.28
3352,797,1,2024-10-08 18:57:00,118,108.68,43,1489.39
3353,1867,3,2025-02-12 03:56:00,54,64.44,5,632.5
3354,1591,14,2024-04-13 12:45:00,76,86.31,12,742.95
3355,1875,33,2024-04-10 08:29:00,65,78.82,2,732.95
3356,1040,41,2024-10-22 16:37:00,89,111.19,0,1653.24
3357,1886,32,2024-05-23 12:57:00,23,29.13,7,445.84
3358,1172,39,2025-01-21 20:30:00,83,115.82,18,1466.91
3359,1298,22,2024-12-22 12:59:00,16,22.74,7,229.96
3360,1387,32,2025-01-18 17:56:00,76,91.88,4,1206.72
3361,1503,42,2025-05-08 17:55:00,88,93.36,3,1256.72
3362,1571,17,2025-02-01 07:36:00,69,65.99,7,561.67
3363,1863,37,2024-01-05 20:00:00,70,56.94,28,805.97
3364,1253,47,2024-11-30 09:50:00,45,39.66,8,662.14
3365,635,18,2024-02-26 01:28:00,61,68.53,5,1057.98
3366,278,25,2024-11-23 10:18:00,93,75.24,14,1226.67
3367,1164,7,2024-12-18 12:01:00,112,141.15,7,1610.36
3368,1336,33,2024-04-17 19:33:00,52,75.88,13,957.65
3369,1242,46,2025-02-04 18:27:00,56,59.12,30,739.26
3370,1549,15,2025-04-17 21:31:00,52,50.7,2,597.46
3371,1078,20,2025-02-25 06:19:00,96,60.96,6,522.3
3372,907,42,2024-12-09 03:51:00,97,131.55,14,2311.73
3373,193,44,2024-11-22 06:20:00,94,58.56,0,756.55
3374,1095,14,2024-07-17 18:10:00,29,22.38,42,251.0
3375,28,16,2025-04-07 06:26:00,84,94.84,10,881.91
3376,1136,22,2024-12-15 01:46:00,33,26.46,4,457.68
3377,1400,26,2024-06-10 06:10:00,68,55.36,10,890.67
3378,584,40,2024-08-18 04:16:00,86,105.0,6,986.64
3379,263,16,2024-05-17 15:31:00,19,16.39,10,276.37
3380,1199,16,2024-12-29 11:20:00,57,51.88,14,926.94
3381,86,10,2024-01-19 01:26:00,24,24.56,2,244.26
3382,1996,20,2024-05-15 11:36:00,45,59.37,12,540.95
3383,328,7,2024-10-09 18:15:00,94,106.91,19,1365.89
3384,1500,49,2025-02-06 00:53:00,63,56.22,14,862.94
3385,212,10,2024-03-27 04:58:00,79,93.55,0,1089.56
3386,607,19,2024-08-02 17:44:00,55,45.29,0,786.6
3387,760,24,2024-06-14 10:37:00,52,33.59,13,340.01
3388,682,28,2024-01-04 15:31:00,72,92.98,9,1601.98
3389,444,15,2024-11-26 04:31:00,62,85.07,6,1171.04
3390,1231,4,2024-05-14 21:52:00,62,39.17,5,585.31
3391,1690,16,2024-07-23 18:24:00,102,121.85,19,2129.99
3392,869,37,2024-01-09 05:43:00,33,24.25,14,284.82
3393,691,44,2024-01-12 12:06:00,68,88.12,1,1085.34
3394,1923,30,2024-01-13 23:04:00,53,64.15,5,538.01
3395,425,38,2025-03-10 06:16:00,49,56.37,14,696.97
3396,975,11,2025-04-12 03:24:00,33,41.43,6,615.59
3397,1547,44,2025-02-22 07:37:00,104,121.85,2,1877.26
3398,323,37,2025-04-15 12:50:00,93,106.81,3,857.09
3399,691,15,2024-01-13 15:05:00,30,22.68,13,190.99
3400,114,36,2024-03-05 04:32:00,39,46.3,14,717.0
3401,373,30,2025-02-03 01:20:00,46,53.29,10,687.97
3402,1109,35,2025-03-31 14:50:00,31,43.45,4,374.6
3403,397,10,2024-03-22 22:42:00,76,102.41,0,1802.4
3404,343,27,2025-05-14 18:35:00,16,22.58,26,274.56
3405,859,24,2024-09-14 18:20:00,27,34.2,27,441.55
3406,27,37,2024-08-01 22:52:00,12,14.18,8,175.83
3407,1423,41,2024-05-11 10:11:00,56,56.84,14,767.4
3408,1424,17,2024-08-28 15:35:00,78,65.11,14,523.23
3409,1428,45,2024-11-06 08:26:00,50,51.53,14,811.82
3410,109,28,2024-02-14 04:57:00,88,93.5,14,1639.52
3411,314,35,2024-06-05 04:25:00,76,49.79,4,653.57
3412,301,26,2024-12-17 23:04:00,100,117.95,12,1246.92
3413,897,2,2024-01-01 10:12:00,120,125.21,13,1043.34
3414,793,47,2025-01-02 12:34:00,75,45.71,6,399.63
3415,1719,42,2024-07-24 12:19:00,70,103.07,11,1480.06
3416,296,30,2024-10-25 16:12:00,25,34.8,8,324.87
3417,1403,24,2024-05-01 11:43:00,97,81.78,12,1301.78
3418,174,37,2024-11-05 02:39:00,81,98.24,0,1299.03
3419,6,45,2024-03-01 15:00:00,98,104.17,12,1339.52
3420,1840,7,2024-07-06 05:02:00,71,72.46,3,1104.68
3421,113,31,2025-02-27 09:03:00,46,36.96,13,656.06
3422,1186,24,2025-01-09 14:38:00,58,58.45,4,846.42
3423,602,27,2024-02-12 21:03:00,51,75.33,2,629.0
3424,1698,37,2025-04-18 00:03:00,96,98.12,3,1271.99
3425,1510,24,2024-01-15 23:11:00,11,10.29,4,118.13
3426,592,37,2024-08-30 05:43:00,107,153.79,7,2311.97
3427,1266,12,2024-01-17 02:00:00,96,72.47,15,843.89
3428,1279,39,2024-08-30 08:41:00,68,82.08,10,1181.96
3429,1778,39,2024-08-04 10:38:00,120,152.83,14,2366.06
3430,522,49,2024-03-26 11:09:00,59,70.61,8,1037.22
3431,340,4,2024-05-24 02:25:00,46,32.28,6,400.53
3432,81,44,2025-03-11 11:05:00,34,27.69,7,461.98
3433,1617,28,2025-02-11 12:47:00,83,107.43,14,1266.94
3434,236,48,2024-12-12 12:49:00,10,13.54,10,154.83
3435,1571,6,2025-02-17 14:19:00,86,102.47,11,1353.59
3436,1261,47,2024-07-19 16:32:00,20,16.95,1,222.98
3437,434,22,2024-09-14 12:10:00,46,58.01,11,721.77
3438,544,22,2024-01-14 18:39:00,83,91.47,23,898.84
3439,766,49,2024-05-04 10:09:00,66,83.36,3,747.88
3440,239,6,2024-12-20 01:58:00,99,105.56,2,1860.14
3441,513,27,2024-12-12 13:57:00,75,86.15,10,1203.05
3442,1677,11,2024-02-09 07:22:00,115,128.71,3,1673.33
3443,430,4,2025-02-23 21:29:00,102,124.95,8,1865.73
3444,1744,35,2024-01-05 01:56:00,29,21.26,13,226.35
3445,709,40,2025-05-10 15:42:00,27,16.41,10,179.94
3446,1693,11,2025-02-25 18:33:00,71,101.48,45,1689.1
3447,1471,40,2024-03-13 02:54:00,107,141.66,15,2509.85
3448,524,39,2025-01-08 17:17:00,67,58.59,0,641.38
3449,1196,16,2025-04-23 14:06:00,71,88.68,8,1314.41
3450,1627,12,2024-02-11 08:27:00,20,20.24,15,229.92
3451,98,18,2024-06-25 04:39:00,116,163.25,13,2034.12
3452,1931,28,2024-11-13 16:33:00,93,107.58,14,1872.65
3453,678,19,2024-05-22 10:32:00,43,59.99,9,1059.71
3454,483,18,2024-01-03 03:58:00,88,126.16,4,1920.21
3455,1191,45,2024-04-19 13:56:00,10,12.22,13,120.0
3456,930,22,2024-12-05 02:44:00,84,66.18,12,1122.29
3457,1057,39,2024-01-14 03:09:00,117,99.56,9,1580.64
3458,981,39,2024-05-04 13:46:00,110,132.24,13,1215.06
3459,1817,5,2024-07-03 13:35:00,112,107.73,4,1617.28
3460,492,4,2025-05-09 14:01:00,94,91.84,8,1210.87
3461,1775,21,2025-05-10 07:06:00,58,36.63,4,457.7
3462,1892,20,2024-05-03 07:03:00,37,50.07,5,805.34
3463,1872,42,2025-01-01 15:04:00,78,75.85,5,822.42
3464,936,23,2024-08-02 06:55:00,18,23.76,3,220.98
3465,157,14,2024-10-05 22:00:00,72,78.49,5,1065.58
3466,1000,35,2025-01-23 01:57:00,60,58.47,10,875.27
3467,612,23,2024-11-14 16:21:00,75,72.09,7,831.66
3468,668,46,2025-03-02 09:05:00,76,109.22,5,1560.18
3469,1129,44,2024-09-24 05:21:00,27,18.05,5,309.53
3470,1072,46,2024-10-03 12:27:00,84,53.54,10,874.94
3471,1257,18,2024-07-18 18:59:00,101,115.66,29,1128.38
3472,1028,11,2024-12-20 17:18:00,67,93.47,10,891.81
3473,497,6,2024-12-08 07:53:00,96,72.08,14,642.36
3474,1503,49,2025-03-18 05:13:00,105,78.06,0,786.83
3475,886,25,2024-09-24 13:18:00,26,34.03,15,457.75
3476,279,28,2025-04-28 17:44:00,94,122.2,5,1553.4
3477,1084,30,2025-01-13 12:01:00,102,83.53,0,1090.75
3478,1870,31,2024-08-17 17:14:00,116,97.65,2,1715.31
3479,15,27,2024-04-03 21:34:00,39,52.32,8,752.22
3480,711,49,2025-01-22 20:45:00,57,58.84,31,994.81
3481,356,13,2025-05-03 20:08:00,119,157.53,38,2047.43
3482,1462,50,2024-01-19 01:16:00,52,41.17,11,619.9
3483,963,14,2024-02-01 04:49:00,69,55.1,4,534.59
3484,706,29,2025-04-17 00:19:00,100,74.69,8,628.71
3485,1489,10,2024-06-18 10:21:00,47,66.62,7,1186.57
3486,1630,29,2025-04-01 14:41:00,14,12.09,3,146.96
3487,1989,36,2024-10-02 02:23:00,110,123.79,9,1485.15
3488,1321,30,2024-04-29 16:25:00,117,153.05,10,1806.16
3489,21,20,2025-05-08 08:32:00,95,136.3,8,2107.37
3490,884,32,2025-01-17 07:13:00,33,40.94,2,722.53
3491,334,19,2024-10-05 19:21:00,55,59.47,38,493.01
3492,1351,28,2025-04-01 05:15:00,96,110.73,10,1531.05
3493,1215,44,2025-03-07 08:10:00,63,53.37,15,647.15
3494,1303,36,2024-10-31 10:13:00,17,11.5,1,117.92
3495,1957,16,2024-10-21 16:01:00,98,69.15,15,616.21
3496,1555,25,2024-03-14 17:14:00,41,37.73,1,422.75
3497,1818,36,2025-01-31 02:02:00,79,95.3,3,1111.17
3498,448,14,2024-08-22 08:53:00,113,87.91,12,1106.25
3499,265,41,2024-12-01 14:31:00,31,32.87,14,286.26
3500,653,25,2024-07-06 19:27:00,94,108.94,39,1630.65
3501,1191,43,2025-04-04 09:22:00,73,66.18,10,934.2
3502,760,24,2024-01-14 10:20:00,93,75.89,12,708.82
3503,1455,41,2024-02-12 14:07:00,48,51.0,9,865.76
3504,1146,15,2024-11-15 11:10:00,98,86.4,11,815.11
3505,1911,4,2025-04-27 14:57:00,95,123.15,5,1939.42
3506,153,26,2024-11-28 10:06:00,18,20.69,5,184.66
3507,1705,24,2024-09-08 09:45:00,47,41.72,1,669.12
3508,83,43,2024-03-10 15:40:00,59,76.02,8,960.31
3509,53,33,2025-01-09 17:09:00,48,69.89,6,1133.99
3510,743,44,2025-03-15 07:11:00,102,147.23,5,2264.14
3511,583,19,2024-01-05 23:44:00,32,35.98,13,371.87
3512,1319,2,2024-10-21 08:05:00,32,42.16,2,684.15
3513,1846,3,2024-07-04 22:53:00,94,70.34,15,964.84
3514,1194,37,2024-02-01 22:01:00,46,65.9,15,927.73
3515,518,6,2024-03-10 20:15:00,29,25.88,36,209.15
3516,1134,39,2024-02-14 03:13:00,112,97.7,7,1037.56
3517,1029,46,2024-07-06 15:04:00,35,27.75,13,414.0
3518,1828,30,2024-08-06 17:26:00,21,16.11,7,175.66
3519,264,8,2025-01-28 03:09:00,13,16.85,2,283.56
3520,1450,14,2024-09-14 02:14:00,15,10.25,9,139.45
3521,334,40,2024-09-26 19:03:00,81,88.33,43,1335.02
3522,1185,25,2024-12-12 13:19:00,113,104.46,6,957.92
3523,1173,7,2024-12-12 18:55:00,85,53.76,19,467.77
3524,445,13,2024-06-13 12:35:00,103,137.5,6,1229.39
3525,1965,10,2024-04-29 13:56:00,120,139.61,15,1192.04
3526,616,46,2025-03-26 22:04:00,71,48.04,6,716.17
3527,1848,37,2024-02-17 19:07:00,74,97.23,40,1060.35
3528,658,2,2024-02-27 07:46:00,36,46.93,0,733.72
3529,510,18,2025-05-02 08:37:00,57,56.25,15,493.09
3530,1832,34,2024-08-31 12:22:00,17,22.84,15,286.36
3531,1539,46,2024-03-19 11:45:00,120,142.53,4,1462.49
3532,1691,25,2025-01-22 23:13:00,25,23.87,6,349.01
3533,1966,42,2024-09-14 23:04:00,21,24.93,1,278.08
3534,1821,45,2025-01-21 14:54:00,13,18.96,12,314.68
3535,422,4,2024-08-05 12:55:00,69,42.81,11,596.69
3536,576,26,2025-04-12 19:55:00,117,172.11,35,2558.28
3537,503,46,2024-03-11 07:13:00,98,99.48,0,1286.43
3538,1521,44,2024-06-11 16:52:00,11,14.34,15,239.0
3539,135,18,2024-12-01 01:35:00,63,49.02,5,498.14
3540,442,2,2025-02-13 12:21:00,78,101.44,9,1100.94
3541,1426,35,2024-12-21 16:35:00,34,39.47,5,411.83
3542,687,39,2025-01-09 00:53:00,83,86.62,4,1147.37
3543,1822,21,2025-04-12 17:53:00,98,71.27,11,962.44
3544,692,48,2024-05-20 11:20:00,24,18.97,3,321.38
3545,1956,27,2025-02-04 00:13:00,49,52.3,5,825.44
3546,482,28,2024-09-10 17:35:00,36,39.35,15,391.71
3547,1799,37,2025-03-06 20:12:00,28,40.81,44,333.42
3548,529,45,2024-04-30 13:16:00,66,61.23,9,742.9
3549,1841,18,2024-09-21 13:47:00,71,102.9,8,924.31
3550,473,32,2025-01-27 02:08:00,14,13.44,3,168.99
3551,707,11,2024-10-21 14:30:00,61,38.65,8,447.7
3552,619,1,2024-09-19 03:07:00,105,136.36,8,2180.74
3553,758,29,2024-04-01 17:07:00,100,88.04,6,1323.28
3554,1827,5,2024-02-07 13:34:00,58,40.97,9,486.2
3555,64,13,2025-03-25 12:04:00,21,22.36,5,268.25
3556,1533,2,2025-02-04 10:21:00,53,65.63,8,773.83
3557,719,17,2024-03-30 23:25:00,74,108.99,12,1424.02
3558,524,50,2025-05-12 07:31:00,67,45.6,8,732.77
3559,407,19,2025-03-25 21:17:00,90,109.56,8,1963.18
3560,1736,37,2024-06-30 21:26:00,110,107.98,0,1113.13
3561,15,6,2024-02-17 19:26:00,92,136.3,19,1767.19
3562,307,15,2025-05-10 16:24:00,112,126.37,8,1879.11
3563,1415,7,2024-11-29 23:49:00,66,83.78,6,997.47
3564,1087,15,2024-09-30 11:42:00,110,152.6,10,2499.18
3565,1293,29,2024-01-11 18:12:00,43,26.94,15,325.0
3566,1882,24,2024-01-17 17:07:00,18,13.86,8,229.54
3567,1544,50,2025-04-29 00:15:00,45,60.06,8,818.0
3568,387,48,2025-05-07 15:52:00,69,43.51,13,423.23
3569,998,37,2024-06-18 22:42:00,83,74.85,3,827.0
3570,372,39,2025-05-03 11:16:00,46,52.98,12,650.46
3571,675,19,2024-03-11 02:47:00,106,130.07,11,2139.31
3572,268,31,2024-06-24 05:32:00,10,14.71,3,178.71
3573,1906,48,2025-03-31 22:55:00,18,21.3,14,214.0
3574,627,30,2024-10-23 21:50:00,46,56.46,10,782.01
3575,480,21,2024-12-11 03:52:00,62,76.91,7,1248.49
3576,866,18,2025-04-10 23:32:00,87,90.29,2,1342.48
3577,1400,3,2024-01-28 02:28:00,11,11.2,3,103.65
3578,1459,40,2024-05-25 20:41:00,53,53.19,14,817.89
3579,491,3,2025-03-14 08:55:00,109,158.25,9,2151.31
3580,185,45,2025-04-16 09:11:00,90,111.15,7,1237.52
3581,719,50,2024-03-17 17:12:00,91,72.07,5,1062.67
3582,1659,31,2024-12-31 11:55:00,61,72.75,3,1061.82
3583,99,9,2024-07-31 10:24:00,45,52.81,15,473.1
3584,170,22,2024-09-22 17:08:00,103,129.37,2,2116.22
3585,1773,30,2025-05-06 01:43:00,76,99.66,8,870.02
3586,1478,1,2024-09-06 23:36:00,25,17.61,13,161.88
3587,616,26,2024-05-11 08:24:00,101,119.65,3,2152.93
3588,1754,33,2024-05-03 01:48:00,83,83.97,9,816.58
3589,1572,20,2025-03-23 15:13:00,103,137.2,10,2428.53
3590,379,16,2024-09-11 23:42:00,71,104.61,15,1316.51
3591,116,31,2024-10-13 17:56:00,25,29.23,10,304.65
3592,685,7,2024-03-21 02:48:00,93,116.66,0,1575.61
3593,335,49,2024-03-25 12:30:00,83,122.38,1,1731.07
3594,1364,26,2024-07-29 23:01:00,28,30.44,11,520.7
3595,1728,14,2024-10-08 06:53:00,83,98.1,11,1235.45
3596,840,20,2024-07-25 21:33:00,27,39.89,0,649.85
3597,387,44,2025-01-16 15:00:00,116,148.63,0,1853.44
3598,1661,16,2024-09-06 16:49:00,17,18.27,13,314.07
3599,1444,49,2024-08-10 18:14:00,31,19.62,12,268.92
3600,1822,33,2024-04-30 08:32:00,44,49.92,13,644.82
3601,624,35,2024-08-13 13:59:00,97,73.57,13,844.3
3602,1746,31,2025-02-12 09:43:00,120,101.05,10,1207.51
3603,905,9,2024-08-06 15:25:00,56,67.72,2,1065.52
3604,1045,11,2024-09-14 03:28:00,85,71.77,15,988.56
3605,8,3,2024-04-09 09:21:00,107,76.95,4,662.55
3606,896,12,2024-07-22 19:14:00,17,13.52,34,197.84
3607,1852,17,2024-06-25 05:59:00,57,83.06,7,865.09
3608,1253,46,2025-01-23 01:29:00,106,137.56,8,2167.34
3609,81,47,2024-07-14 07:21:00,21,20.78,10,196.71
3610,305,18,2024-08-26 12:47:00,71,66.12,4,755.49
3611,1143,13,2024-09-03 20:36:00,85,126.23,13,1918.85
3612,734,14,2024-07-23 23:59:00,108,104.48,6,1038.66
3613,1009,28,2024-04-28 06:16:00,26,19.1,11,285.96
3614,327,50,2025-04-29 16:14:00,69,50.08,7,649.68
3615,362,12,2024-06-21 18:13:00,23,14.53,24,220.49
3616,1689,50,2025-01-10 22:45:00,16,9.7,9,91.43
3617,426,17,2025-04-24 01:13:00,105,105.13,8,1048.69
3618,478,49,2024-04-10 21:07:00,90,104.77,6,1396.98
3619,752,26,2024-11-20 02:08:00,56,66.14,0,707.29
3620,449,29,2024-02-21 18:33:00,112,138.86,33,2156.14
3621,1408,44,2024-02-28 15:26:00,83,99.01,0,1676.88
3622,1337,41,2024-07-16 09:23:00,118,145.78,9,1607.15
3623,1704,45,2024-03-14 03:23:00,72,86.34,7,1090.96
3624,1370,11,2024-08-10 09:01:00,51,40.07,4,572.7
3625,923,13,2024-11-27 19:27:00,76,81.81,23,869.7
3626,1970,9,2024-09-26 17:13:00,91,120.35,1,1228.71
3627,936,40,2025-04-11 19:29:00,96,115.67,23,1709.28
3628,165,45,2024-07-09 00:15:00,31,21.24,11,330.83
3629,1689,44,2024-08-03 11:51:00,56,72.88,0,676.16
3630,24,26,2024-08-11 13:56:00,104,123.18,12,1771.2
3631,1572,3,2024-07-25 20:29:00,38,56.67,41,689.99
3632,192,20,2025-02-28 18:36:00,96,103.56,25,975.87
3633,1196,23,2025-01-05 19:05:00,103,61.89,43,702.42
3634,636,10,2025-03-14 15:24:00,31,22.86,10,263.45
3635,1556,26,2024-05-03 21:28:00,47,36.91,13,379.38
3636,1237,17,2024-11-10 10:58:00,86,73.97,6,1003.28
3637,713,21,2025-02-07 23:18:00,63,58.34,11,582.46
3638,963,4,2024-09-19 15:13:00,14,9.08,2,74.07
3639,300,48,2025-02-17 14:13:00,58,69.85,7,1035.8
3640,1993,11,2024-06-28 23:24:00,94,123.63,6,1878.95
3641,1694,12,2024-03-28 23:13:00,46,65.61,14,700.65
3642,438,39,2024-02-03 13:42:00,60,36.27,3,500.62
3643,69,39,2024-01-06 09:35:00,76,75.07,0,1161.93
3644,426,48,2024-03-19 13:19:00,48,68.72,14,1081.34
3645,1143,37,2024-11-17 22:12:00,95,97.1,11,1373.03
3646,1291,18,2024-02-16 15:27:00,111,72.42,0,1013.5
3647,1016,7,2025-04-15 13:18:00,108,133.55,11,1921.12
3648,1146,7,2024-01-08 09:22:00,106,110.43,7,1673.87
3649,858,28,2025-05-07 18:53:00,48,39.81,41,634.08
3650,1411,15,2024-10-03 14:49:00,80,111.52,10,1037.99
3651,1933,37,2024-01-16 21:21:00,59,58.59,2,792.8
3652,907,35,2025-02-13 09:47:00,67,66.89,7,1188.41
3653,561,16,2025-02-21 08:22:00,15,17.18,12,224.73
3654,1268,14,2024-09-14 01:25:00,30,38.17,1,362.54
3655,93,33,2025-03-16 18:41:00,85,114.4,34,1236.0
3656,1643,39,2025-05-02 20:10:00,43,61.8,29,973.06
3657,476,23,2024-05-08 16:25:00,86,77.14,3,761.11
3658,210,44,2024-07-01 12:02:00,115,93.34,14,805.99
3659,1068,35,2024-01-24 06:21:00,49,47.9,9,566.06
3660,2,20,2024-10-27 01:13:00,71,68.31,14,735.16
3661,882,48,2025-04-12 18:07:00,94,119.15,15,1460.81
3662,382,12,2024-02-29 10:02:00,106,86.28,12,1293.12
3663,720,36,2025-02-07 13:45:00,74,91.75,2,1319.8
3664,1850,41,2024-01-23 01:50:00,116,101.2,10,1336.99
3665,454,14,2024-04-20 11:08:00,118,128.55,12,1030.03
3666,1669,15,2024-09-20 10:20:00,105,63.03,0,609.72
3667,694,31,2024-04-08 16:00:00,23,34.32,0,298.1
3668,1753,19,2025-02-19 11:54:00,69,47.28,2,809.07
3669,1145,4,2024-07-16 23:58:00,93,123.46,9,1737.81
3670,1579,38,2024-02-29 06:58:00,61,70.94,11,593.19
3671,730,22,2024-03-02 18:06:00,95,126.51,24,2066.31
3672,1181,27,2024-09-29 14:05:00,74,73.24,15,642.17
3673,16,35,2024-01-06 20:19:00,88,127.88,23,1927.32
3674,1539,36,2025-04-09 22:50:00,118,170.18,11,1390.83
3675,1881,45,2024-02-21 19:27:00,20,14.77,24,148.81
3676,288,5,2025-01-25 06:17:00,83,76.17,4,641.42
3677,1785,50,2025-02-17 08:02:00,95,61.46,6,785.46
3678,1385,5,2025-04-24 15:31:00,56,59.92,11,710.27
3679,1468,29,2024-05-10 17:00:00,59,56.61,2,843.78
3680,1836,12,2025-04-08 13:50:00,104,74.69,1,1082.76
3681,1878,4,2024-07-17 18:53:00,57,82.59,37,923.36
3682,1380,6,2024-03-27 03:07:00,80,79.08,2,1061.29
3683,1842,8,2024-12-07 23:08:00,120,144.16,7,2414.39
3684,1259,39,2025-04-19 07:12:00,17,12.99,11,179.74
3685,1527,33,2025-01-28 15:37:00,102,145.22,1,1785.03
3686,309,15,2024-02-28 09:52:00,94,85.24,13,1154.98
3687,1409,33,2024-12-24 19:54:00,114,79.22,11,1332.06
3688,1442,25,2024-11-20 03:36:00,107,103.16,1,1822.72
3689,736,2,2024-06-25 05:05:00,18,13.08,1,214.85
3690,1624,28,2024-01-04 16:07:00,61,79.75,3,1388.79
3691,1823,36,2025-01-28 00:16:00,42,53.44,13,876.33
3692,1795,35,2024-12-25 02:44:00,88,92.37,3,976.03
3693,1648,50,2024-10-09 07:17:00,64,70.88,8,765.85
3694,1793,23,2024-01-16 12:00:00,85,103.03,10,1677.98
3695,1868,33,2024-01-18 13:52:00,26,31.8,14,337.8
3696,816,28,2024-10-31 17:14:00,97,112.17,11,1538.41
3697,84,32,2024-05-12 04:38:00,45,30.17,4,442.04
3698,1348,2,2024-05-28 19:22:00,68,97.71,38,1668.59
3699,367,21,2025-03-10 06:43:00,107,124.59,9,1562.53
3700,1542,25,2024-11-05 02:56:00,86,114.02,6,963.35
3701,801,19,2024-09-10 04:33:00,90,86.47,15,1547.15
3702,1377,46,2024-07-11 16:20:00,84,118.94,4,2100.58
3703,1971,44,2024-07-17 04:38:00,113,113.16,12,1001.24
3704,1554,25,2024-07-17 04:49:00,102,110.79,13,895.05
3705,389,20,2024-11-01 16:08:00,44,58.39,12,978.69
3706,1218,41,2025-02-06 21:26:00,71,84.16,3,1006.41
3707,776,11,2025-03-05 15:47:00,72,96.43,9,814.65
3708,129,24,2025-02-24 15:08:00,36,24.41,4,273.95
3709,561,12,2025-05-07 06:21:00,29,26.32,12,429.32
3710,2,34,2024-06-13 23:53:00,76,102.9,9,1440.81
3711,1800,5,2024-08-19 05:06:00,56,81.77,1,931.75
3712,308,1,2024-11-16 11:58:00,103,144.96,10,1448.47
3713,180,13,2025-01-03 03:32:00,44,41.11,13,335.73
3714,1255,40,2024-04-27 09:42:00,29,23.72,4,361.87
3715,1457,8,2024-01-04 19:05:00,28,40.02,27,686.91
3716,1821,48,2024-04-25 23:06:00,111,147.96,2,1599.5
3717,64,35,2025-04-19 15:32:00,38,31.87,6,471.97
3718,1301,30,2025-03-24 15:37:00,107,116.59,9,985.34
3719,305,7,2025-04-20 03:27:00,77,56.41,2,573.7
3720,1276,37,2025-03-19 21:57:00,105,111.86,3,1625.49
3721,1967,3,2025-02-15 21:36:00,59,43.4,9,417.78
3722,837,23,2024-08-25 16:49:00,88,112.58,13,1813.4
3723,1392,22,2024-07-04 16:30:00,67,98.84,11,1647.51
3724,855,14,2025-01-27 22:19:00,74,79.21,4,788.47
3725,1551,32,2025-02-25 20:09:00,50,43.99,21,408.34
3726,660,13,2024-06-16 03:04:00,69,101.64,5,1375.74
3727,679,3,2024-05-07 08:21:00,56,45.21,5,592.61
3728,967,11,2024-01-04 08:28:00,60,61.53,12,1055.29
3729,1452,3,2024-09-29 04:34:00,79,116.36,9,1304.34
3730,1427,33,2024-08-16 02:46:00,95,68.06,15,757.78
3731,148,44,2025-03-07 06:45:00,59,64.89,6,585.78
3732,1592,49,2024-12-29 04:25:00,26,17.83,1,228.36
3733,606,46,2025-04-05 02:16:00,111,161.97,7,1301.9
3734,1678,8,2024-01-08 12:05:00,45,64.34,11,606.3
3735,1615,39,2024-07-14 09:22:00,100,101.52,8,1757.89
3736,438,5,2024-10-31 19:54:00,71,48.78,17,723.66
3737,743,15,2024-04-26 07:56:00,45,58.81,14,567.3
3738,886,40,2024-08-27 00:05:00,13,16.58,6,263.92
3739,620,15,2024-05-30 09:38:00,86,90.02,11,1452.67
3740,1469,27,2024-11-16 02:46:00,77,82.48,2,1350.91
3741,976,33,2024-07-25 01:45:00,113,157.57,3,1837.83
3742,1210,10,2024-09-12 19:16:00,37,37.4,24,491.8
3743,1006,19,2024-10-25 01:58:00,36,28.55,5,276.19
3744,470,39,2024-06-13 08:35:00,15,21.55,14,175.37
3745,923,14,2024-12-17 03:19:00,103,149.1,6,2381.96
3746,1138,30,2024-06-07 14:30:00,102,140.01,8,1129.01
3747,37,15,2024-07-25 12:26:00,120,179.79,11,2161.47
3748,8,44,2025-05-10 14:24:00,101,73.26,4,674.1
3749,1981,12,2025-02-07 21:41:00,78,55.72,6,924.24
3750,1032,27,2025-03-18 17:10:00,71,78.1,8,1220.36
3751,274,28,2024-05-13 22:50:00,37,42.14,6,695.52
3752,1857,20,2025-01-04 11:41:00,85,127.37,13,1744.87
3753,1357,49,2024-01-19 12:25:00,94,138.18,1,2331.71
3754,1113,23,2024-04-28 03:11:00,35,28.95,8,291.12
3755,697,34,2025-02-19 23:17:00,84,116.8,2,1065.76
3756,1067,43,2024-06-07 13:22:00,22,16.25,8,159.46
3757,60,25,2025-01-18 07:29:00,81,98.33,15,1531.14
3758,39,20,2024-10-13 22:46:00,38,49.79,8,709.97
3759,1084,7,2024-02-12 22:26:00,103,93.14,11,1607.33
3760,1512,36,2025-02-16 20:45:00,57,63.58,26,614.77
3761,1276,16,2024-09-12 18:48:00,35,50.02,23,781.84
3762,840,13,2025-04-10 22:25:00,53,59.28,5,764.04
3763,945,28,2024-09-23 15:30:00,72,66.92,6,776.86
3764,1145,28,2024-02-06 06:53:00,109,95.67,15,1011.08
3765,1220,5,2024-10-26 11:14:00,109,145.26,0,2556.48
3766,1337,35,2025-02-13 09:11:00,65,85.02,4,843.39
3767,1245,39,2024-01-07 21:51:00,72,98.25,3,1142.96
3768,57,3,2024-02-18 02:05:00,38,43.65,10,483.62
3769,1981,1,2024-06-06 09:11:00,105,81.79,8,1062.77
3770,321,49,2024-02-08 08:37:00,87,53.2,0,885.25
3771,1075,26,2024-02-19 12:49:00,114,161.5,8,2625.21
3772,1442,39,2024-01-10 09:53:00,90,133.44,2,1524.72
3773,1855,31,2024-04-24 16:42:00,13,12.26,12,154.7
3774,474,25,2024-08-19 05:02:00,84,101.47,3,857.48
3775,372,49,2024-04-09 14:11:00,65,56.87,5,487.45
3776,1043,25,2024-10-17 18:28:00,30,42.19,33,599.29
3777,961,7,2024-12-06 20:23:00,56,79.72,38,1130.48
3778,322,50,2025-03-24 15:29:00,10,7.07,10,78.35
3779,1267,7,2025-03-02 14:43:00,73,57.31,5,876.93
3780,1741,27,2024-01-03 18:27:00,75,67.97,42,918.84
3781,1098,42,2024-12-17 17:26:00,106,69.59,10,1025.44
3782,972,13,2025-04-27 11:32:00,58,86.29,15,1434.13
3783,1675,38,2024-05-30 06:44:00,34,50.78,13,545.28
3784,1810,32,2024-01-27 05:24:00,35,25.74,12,422.05
3785,1348,28,2025-03-29 11:38:00,60,79.66,8,1223.06
3786,1062,29,2024-12-01 23:24:00,59,68.27,8,1210.05
3787,1525,6,2024-06-27 11:53:00,90,119.54,7,1285.15
3788,908,17,2025-03-18 10:41:00,14,17.43,4,183.57
3789,1587,24,2024-05-03 14:31:00,31,35.35,0,480.46
3790,559,44,2025-03-01 23:33:00,88,84.35,7,1216.06
3791,530,22,2025-03-25 00:15:00,66,87.4,11,943.62
3792,1776,3,2025-01-30 15:33:00,10,9.37,6,93.58
3793,1093,24,2025-04-18 12:37:00,34,26.11,3,273.55
3794,1231,25,2024-06-04 23:33:00,15,18.4,8,296.5
3795,60,31,2024-04-23 14:13:00,17,25.0,8,221.84
3796,3,47,2025-03-26 12:13:00,32,42.55,8,697.15
3797,644,7,2024-01-24 23:56:00,28,27.07,7,451.89
3798,926,41,2024-10-24 13:13:00,35,49.06,12,621.73
3799,1327,28,2024-05-16 22:50:00,60,82.64,1,865.77
3800,1743,9,2025-04-07 15:12:00,115,150.12,15,1597.96
3801,688,39,2024-03-16 01:45:00,107,119.63,2,1020.89
3802,182,2,2024-04-01 20:31:00,65,41.63,44,378.91
3803,1790,39,2024-06-16 03:25:00,48,71.0,8,988.25
3804,946,31,2024-10-16 20:30:00,35,37.33,25,620.81
3805,45,28,2024-02-14 08:16:00,37,51.82,14,861.36
3806,761,18,2024-12-27 15:33:00,85,67.09,10,552.1
3807,1656,23,2024-12-08 20:43:00,33,31.97,21,498.9
3808,60,47,2024-07-25 16:30:00,52,51.45,15,442.71
3809,175,41,2025-03-09 22:34:00,97,140.47,5,1966.18
3810,490,47,2024-07-23 03:55:00,37,41.18,4,406.7
3811,946,17,2024-07-05 19:41:00,85,90.85,29,1598.92
3812,210,45,2025-01-12 06:58:00,41,42.98,14,347.7
3813,1878,45,2024-09-15 00:31:00,84,55.4,1,791.09
3814,1544,26,2025-03-08 20:23:00,25,34.95,37,373.03
3815,1016,3,2025-05-09 14:33:00,36,46.27,9,574.38
3816,1497,18,2024-09-19 06:51:00,11,8.86,11,111.85
3817,887,22,2024-12-03 09:44:00,96,58.23,9,976.89
3818,1271,9,2024-09-02 05:32:00,17,19.6,6,179.87
3819,926,36,2025-03-20 16:15:00,111,132.86,12,2130.53
3820,525,16,2025-01-13 02:27:00,73,92.69,10,1433.09
3821,1030,18,2025-04-30 08:17:00,15,16.44,10,295.35
3822,1204,14,2024-01-13 06:11:00,90,56.73,11,701.02
3823,1731,46,2025-02-26 10:09:00,64,74.07,1,684.55
3824,741,11,2024-04-15 20:02:00,26,29.81,35,352.09
3825,449,2,2025-05-06 19:52:00,31,44.0,32,725.86
3826,819,23,2024-05-15 00:15:00,13,12.95,3,207.62
3827,564,4,2025-02-15 05:43:00,69,54.35,5,448.8
3828,299,41,2024-11-07 11:13:00,21,23.15,10,186.21
3829,599,9,2024-04-12 02:42:00,78,56.63,1,882.33
3830,1419,25,2025-04-22 16:08:00,113,160.2,9,2128.01
3831,255,45,2024-01-17 18:15:00,17,24.12,32,264.67
3832,590,46,2024-08-17 06:58:00,76,70.15,15,982.1
3833,1813,14,2024-10-27 16:47:00,29,24.47,10,351.9
3834,671,16,2024-09-26 03:23:00,119,80.47,5,1034.86
3835,1761,44,2024-04-06 16:55:00,27,26.81,8,442.89
3836,1202,23,2025-03-20 03:32:00,53,40.61,11,473.16
3837,957,44,2024-08-02 16:50:00,77,92.03,2,1045.96
3838,694,38,2024-01-22 07:03:00,75,53.37,13,815.46
3839,1746,40,2024-06-17 09:16:00,104,109.37,12,987.95
3840,1637,22,2024-01-08 22:48:00,47,49.88,9,690.94
3841,236,46,2025-03-08 10:47:00,13,13.77,4,200.27
3842,591,27,2024-12-30 09:02:00,40,57.03,0,709.24
3843,1743,27,2024-10-31 11:22:00,110,100.88,6,1178.55
3844,682,33,2024-09-18 02:54:00,17,17.97,4,263.09
3845,915,29,2025-02-01 10:19:00,67,86.49,14,1234.72
3846,1913,32,2024-05-19 11:36:00,33,30.79,3,285.17
3847,1054,29,2024-03-16 09:47:00,85,113.14,7,1451.05
3848,963,40,2024-01-20 00:31:00,17,21.07,10,356.65
3849,1229,19,2024-10-07 09:36:00,98,123.82,14,2100.47
3850,1889,47,2025-03-08 03:27:00,64,46.04,10,731.16
3851,1350,32,2024-03-01 04:21:00,56,63.14,10,1074.41
3852,1905,11,2025-02-01 14:27:00,67,56.09,0,659.4
3853,254,10,2025-04-11 04:31:00,28,33.92,12,393.62
3854,1650,5,2025-04-27 09:52:00,57,82.85,6,891.72
3855,1017,41,2025-02-23 01:03:00,53,45.3,11,514.78
3856,493,19,2024-06-29 11:39:00,53,74.14,11,1277.9
3857,1642,12,2025-05-05 03:27:00,81,118.32,6,1187.39
3858,1627,43,2024-09-04 22:55:00,107,104.13,1,1416.68
3859,1603,40,2024-07-01 00:19:00,112,142.18,2,1180.05
3860,855,49,2025-01-02 01:18:00,35,23.5,2,275.08
3861,676,44,2024-08-29 17:20:00,108,80.22,14,1109.5
3862,457,26,2024-10-11 12:56:00,15,19.51,7,325.88
3863,1369,44,2024-08-03 01:33:00,83,121.19,11,1752.69
3864,51,6,2024-01-18 11:23:00,111,142.77,6,1994.81
3865,191,7,2024-07-08 06:11:00,15,11.18,9,94.86
3866,1252,46,2024-04-07 21:43:00,103,83.8,6,1458.48
3867,888,16,2024-09-12 18:02:00,33,46.82,25,628.95
3868,1304,29,2024-09-22 05:41:00,18,19.87,6,263.92
3869,581,29,2024-09-23 03:48:00,106,102.93,14,1268.38
3870,509,48,2025-03-27 08:56:00,117,154.9,0,2081.36
3871,613,33,2024-12-24 02:11:00,47,36.08,12,445.58
3872,985,18,2024-03-17 23:52:00,62,54.33,0,574.63
3873,1328,36,2024-04-09 21:48:00,31,39.85,13,480.78
3874,906,39,2025-02-05 20:20:00,76,51.96,45,662.16
3875,1690,20,2024-05-19 19:36:00,31,27.28,43,339.87
3876,181,20,2025-04-22 08:24:00,114,130.97,10,1374.3
3877,1660,21,2024-06-18 13:25:00,49,58.22,6,823.84
3878,21,10,2024-11-16 12:50:00,111,124.88,0,2056.64
3879,1923,37,2025-02-16 12:17:00,108,157.64,12,1876.66
3880,1368,34,2024-02-02 03:42:00,78,59.58,4,820.14
3881,1620,10,2024-05-04 21:49:00,93,108.54,4,1157.35
3882,1148,32,2024-03-11 05:57:00,16,12.86,6,132.51
3883,1448,36,2025-01-31 08:03:00,59,71.27,2,715.37
3884,848,32,2025-04-15 09:45:00,76,111.51,15,1451.24
3885,106,17,2025-02-07 10:20:00,84,79.51,10,1173.39
3886,921,43,2024-07-23 20:52:00,95,135.32,33,2199.86
3887,943,33,2024-07-16 17:43:00,10,6.49,11,73.81
3888,1741,48,2024-03-08 12:40:00,105,108.26,13,1148.79
3889,524,39,2024-05-15 06:26:00,38,28.46,1,332.31
3890,220,17,2025-05-07 13:22:00,34,47.41,8,463.47
3891,126,19,2024-03-18 02:43:00,75,74.11,8,930.76
3892,205,24,2024-03-11 01:15:00,51,34.4,2,471.85
3893,1081,23,2024-12-09 21:01:00,112,101.51,11,1448.9
3894,483,15,2024-06-11 17:20:00,16,17.43,8,311.8
3895,1869,12,2025-03-02 05:45:00,82,86.15,15,1463.73
3896,842,46,2024-04-14 05:54:00,72,86.72,1,1369.67
3897,264,14,2024-04-14 17:06:00,10,9.62,2,147.83
3898,1006,3,2024-01-20 11:09:00,26,29.71,8,341.54
3899,1844,42,2025-02-02 09:37:00,116,149.64,11,2122.1
3900,43,22,2025-03-09 04:30:00,12,14.8,11,209.63
3901,880,7,2025-05-05 03:51:00,47,37.32,6,315.26
3902,1930,1,2024-11-17 15:30:00,103,144.94,11,1338.52
3903,83,28,2024-02-09 00:38:00,106,78.21,4,710.72
3904,1126,38,2024-08-21 09:21:00,112,161.53,14,1470.3
3905,916,16,2025-05-09 04:02:00,46,37.78,4,469.78
3906,510,6,2024-04-01 13:27:00,62,56.81,1,554.2
3907,413,26,2024-02-14 13:22:00,53,56.14,13,877.38
3908,514,30,2024-06-15 10:21:00,29,28.39,4,481.0
3909,1382,16,2024-07-26 20:57:00,70,89.09,19,1117.81
3910,644,8,2024-01-04 00:56:00,55,77.72,13,1049.11
3911,86,28,2024-10-23 00:20:00,69,100.83,2,1786.17
3912,171,45,2024-09-24 02:54:00,59,59.49,6,957.9
3913,1991,16,2024-07-05 06:36:00,112,90.35,7,737.89
3914,1772,24,2024-05-19 16:18:00,103,115.82,10,2048.07
3915,1784,27,2024-06-18 15:52:00,17,23.91,9,236.31
3916,1763,7,2024-12-27 16:14:00,14,10.26,5,122.7
3917,543,27,2025-01-18 16:50:00,52,60.59,10,932.61
3918,1175,2,2024-03-14 23:02:00,48,31.77,2,356.78
3919,625,35,2024-09-15 01:49:00,50,34.43,7,340.98
3920,802,50,2024-07-05 23:15:00,38,56.33,6,880.97
3921,14,21,2024-09-03 22:49:00,57,70.11,6,887.22
3922,1783,4,2024-01-02 18:52:00,79,111.37,17,1342.7
3923,540,15,2024-08-18 14:02:00,91,107.57,3,1706.37
3924,22,48,2024-05-18 14:03:00,24,32.09,10,482.56
3925,1790,40,2024-03-27 17:57:00,97,131.07,7,2179.18
3926,1886,41,2025-02-23 18:47:00,70,47.83,44,561.58
3927,1084,7,2024-08-20 12:38:00,66,61.87,11,868.84
3928,1011,48,2024-05-01 22:49:00,82,66.84,2,1190.44
3929,1405,23,2025-01-04 11:57:00,115,130.03,12,1828.97
3930,1123,13,2024-05-06 22:41:00,19,19.75,6,354.52
3931,770,19,2024-11-25 15:01:00,76,86.79,8,1321.54
3932,89,25,2024-06-28 22:45:00,112,130.65,11,2127.03
3933,1516,22,2024-10-19 06:59:00,117,109.01,0,1595.85
3934,1746,25,2025-03-18 11:00:00,83,69.29,5,1156.69
3935,961,35,2025-03-26 20:20:00,64,46.88,21,586.08
3936,1190,43,2025-02-23 05:26:00,13,16.69,12,264.98
3937,1678,5,2024-03-03 17:27:00,75,103.1,0,1587.23
3938,55,39,2025-03-29 07:27:00,117,70.54,2,980.2
3939,1730,37,2024-01-02 17:04:00,93,94.92,1,1587.4
3940,279,32,2024-12-19 12:42:00,31,33.31,11,575.95
3941,1644,43,2024-12-07 22:33:00,69,70.27,15,1160.25
3942,1608,4,2024-02-13 08:42:00,85,86.51,12,1130.27
3943,1805,7,2024-02-23 18:21:00,64,75.69,35,837.06
3944,58,32,2024-08-18 06:40:00,50,73.28,11,872.28
3945,1635,37,2024-12-17 03:37:00,114,85.56,1,987.45
3946,1672,8,2025-05-12 06:23:00,61,49.78,14,795.03
3947,1497,34,2025-02-04 21:39:00,32,29.33,1,380.11
3948,217,28,2024-08-27 23:17:00,113,141.28,13,2032.97
3949,388,24,2024-10-04 03:35:00,26,32.7,15,499.31
3950,537,33,2024-08-18 09:31:00,67,76.81,11,1277.59
3951,1258,40,2024-12-07 21:21:00,93,101.84,6,1361.65
3952,764,25,2024-11-05 18:37:00,70,89.36,21,1028.24
3953,1584,3,2025-03-07 02:39:00,35,22.94,12,388.16
3954,873,41,2024-10-22 03:09:00,58,77.07,3,1061.51
3955,1165,27,2025-05-07 18:36:00,34,26.85,25,396.91
3956,436,41,2024-02-09 07:48:00,81,83.47,6,700.82
3957,1314,26,2024-09-28 04:32:00,112,141.59,15,1662.14
3958,483,22,2025-03-07 10:11:00,64,78.12,1,731.01
3959,1384,18,2025-02-01 17:31:00,42,43.35,3,396.1
3960,1144,11,2024-07-25 18:54:00,95,107.38,28,1660.1
3961,251,29,2024-04-28 18:10:00,112,80.06,24,706.69
3962,1321,30,2024-09-18 13:21:00,11,14.45,8,214.68
3963,1662,29,2024-07-10 20:41:00,17,15.04,40,224.51
3964,1014,47,2024-09-04 18:05:00,68,59.2,14,1015.06
3965,1371,20,2024-04-18 09:41:00,50,39.29,7,511.91
3966,1425,5,2024-02-05 22:21:00,73,66.91,4,1137.42
3967,941,11,2024-01-26 19:17:00,75,47.34,22,558.87
3968,1438,24,2024-08-18 20:22:00,63,48.37,26,482.29
3969,1181,7,2024-07-27 17:24:00,115,150.87,0,2423.86
3970,1100,21,2024-06-15 00:25:00,83,106.5,7,1676.32
3971,1187,42,2025-04-13 08:17:00,112,77.9,2,635.38
3972,299,32,2025-02-03 23:37:00,70,58.41,6,671.02
3973,1724,38,2024-03-17 03:58:00,10,6.96,2,90.82
3974,1797,41,2024-11-10 13:39:00,89,104.78,6,1843.48
3975,1562,41,2024-10-27 07:23:00,67,98.76,10,997.61
3976,629,33,2025-03-30 20:04:00,22,14.97,41,125.39
3977,387,20,2024-08-22 11:25:00,16,18.86,13,204.87
3978,1911,44,2024-03-23 12:11:00,48,64.75,10,1106.31
3979,582,27,2024-03-24 00:58:00,32,46.89,7,535.33
3980,514,25,2024-11-14 22:44:00,31,22.62,7,309.81
3981,9,32,2025-03-04 02:48:00,66,54.22,9,557.96
3982,789,25,2025-04-12 01:58:00,112,130.12,10,2125.12
3983,531,31,2024-12-16 01:46:00,94,60.68,1,968.52
3984,512,37,2024-09-26 02:03:00,66,73.94,11,671.64
3985,389,22,2024-03-09 02:16:00,90,115.77,2,1783.1
3986,1,11,2024-03-25 09:40:00,23,23.89,12,207.22
3987,1054,3,2025-04-08 19:21:00,65,53.81,15,715.02
3988,1955,22,2024-05-18 03:12:00,37,44.65,13,532.26
3989,1497,1,2024-03-12 16:21:00,86,113.53,2,1281.46
3990,883,45,2025-01-23 10:35:00,24,23.89,3,350.46
3991,1489,31,2024-10-07 05:36:00,17,20.97,5,322.46
3992,623,38,2024-04-01 05:05:00,114,128.41,3,1853.12
3993,211,42,2024-05-24 05:36:00,84,119.23,8,1554.49
3994,595,8,2024-05-25 00:48:00,20,15.9,11,237.45
3995,813,37,2024-10-24 06:37:00,25,21.4,5,259.41
3996,316,1,2025-04-08 03:53:00,30,40.16,0,364.68
3997,619,3,2024-03-18 01:39:00,74,87.46,9,1080.87
3998,1031,33,2025-05-06 16:25:00,61,56.58,9,760.3
3999,1416,35,2024-03-16 14:11:00,112,127.67,7,1866.63
4000,937,43,2024-06-16 19:06:00,63,55.5,27,829.09
4001,1182,8,2025-04-10 10:12:00,111,81.54,3,1108.74
4002,53,7,2024-02-20 06:03:00,76,67.12,4,683.1
4003,736,26,2025-02-28 17:49:00,31,43.35,7,472.44
4004,1113,17,2025-04-23 22:00:00,103,73.42,8,877.03
4005,1931,26,2024-09-01 02:40:00,41,61.47,5,497.92
4006,286,21,2024-05-06 08:10:00,40,43.33,14,693.21
4007,1667,29,2024-08-30 12:01:00,49,63.48,6,921.61
4008,1300,43,2024-12-04 18:48:00,78,81.44,37,1228.38
4009,1864,31,2024-06-03 01:34:00,99,137.5,15,1769.34
4010,275,5,2024-01-21 14:41:00,53,40.31,9,662.23
4011,107,2,2024-05-03 06:44:00,14,19.52,11,322.95
4012,39,45,2024-12-10 19:45:00,120,125.25,19,1357.28
4013,947,9,2024-06-25 08:11:00,65,59.26,2,732.97
4014,1661,43,2024-09-29 18:42:00,36,40.83,41,734.16
4015,890,49,2025-01-05 22:45:00,39,43.79,10,656.55
4016,450,36,2024-12-02 03:51:00,80,60.19,6,1027.95
4017,1328,13,2025-05-11 21:40:00,31,40.28,14,543.49
4018,874,34,2024-01-11 15:56:00,104,148.38,8,1455.08
4019,1795,15,2024-06-29 14:49:00,93,75.13,11,1035.9
4020,145,6,2025-01-06 13:43:00,84,95.24,2,1381.74
4021,653,16,2024-06-08 22:29:00,102,66.44,0,1073.07
4022,1751,42,2024-01-02 15:30:00,57,34.51,9,471.52
4023,1349,37,2024-11-08 19:50:00,61,47.46,32,596.13
4024,1034,27,2024-12-26 13:08:00,108,71.67,0,1155.22
4025,1868,38,2024-07-02 02:39:00,109,146.16,8,2250.64
4026,570,48,2024-03-28 05:57:00,57,64.09,10,577.34
4027,1674,13,2024-12-28 01:47:00,51,58.71,11,642.37
4028,1192,27,2024-04-16 21:44:00,55,38.43,3,317.4
4029,842,32,2024-06-07 10:06:00,96,77.51,13,797.87
4030,1549,23,2025-01-10 19:00:00,119,107.3,11,1128.59
4031,1007,16,2024-09-11 04:09:00,40,33.39,13,556.34
4032,998,33,2025-02-06 14:55:00,15,22.41,6,377.28
4033,1692,44,2024-03-29 06:40:00,115,125.41,4,1650.34
4034,904,5,2025-03-30 16:52:00,89,105.77,7,1219.85
4035,1763,20,2024-12-11 14:47:00,97,132.55,10,2223.3
4036,1955,8,2024-02-06 05:28:00,105,92.97,13,970.76
4037,1755,32,2025-04-01 06:04:00,21,18.38,6,190.9
4038,216,2,2024-09-30 16:25:00,30,44.3,1,716.07
4039,1500,50,2024-06-20 18:56:00,43,51.86,11,428.75
4040,1668,35,2024-02-18 16:51:00,12,9.83,13,107.92
4041,1950,24,2025-01-01 02:43:00,14,19.96,4,173.2
4042,314,20,2024-02-08 22:16:00,13,14.16,14,119.73
4043,1061,17,2025-05-12 13:04:00,64,74.94,15,998.92
4044,1314,41,2024-04-08 05:48:00,18,15.36,15,255.26
4045,1750,1,2024-04-17 21:08:00,12,10.23,9,149.8
4046,524,14,2025-01-05 06:19:00,49,35.12,1,425.43
4047,136,3,2025-02-16 00:18:00,117,111.8,2,907.8
4048,599,8,2024-04-12 03:15:00,53,49.28,14,675.74
4049,273,4,2025-01-04 15:48:00,28,34.05,4,503.6
4050,1223,23,2024-08-04 22:29:00,26,30.97,15,364.76
4051,1600,5,2024-12-29 16:51:00,107,121.97,15,1848.23
4052,1856,30,2024-09-08 13:30:00,104,103.39,11,1721.2
4053,446,33,2024-09-02 14:42:00,19,13.6,6,191.28
4054,173,35,2025-05-12 18:14:00,88,88.95,20,748.71
4055,1038,31,2024-04-25 01:17:00,56,39.49,8,441.93
4056,1515,33,2024-07-28 16:51:00,116,78.42,14,1276.91
4057,458,18,2024-02-28 17:35:00,97,60.87,12,961.05
4058,1491,44,2024-01-21 07:40:00,91,119.74,11,2007.29
4059,1649,21,2024-09-18 10:39:00,34,48.16,3,754.78
4060,1105,41,2024-06-15 07:42:00,60,74.9,1,870.11
4061,572,20,2024-11-03 06:49:00,40,45.01,14,396.61
4062,1155,21,2024-05-08 00:26:00,39,41.53,13,704.52
4063,18,9,2025-05-15 01:47:00,69,101.24,2,1587.17
4064,404,30,2024-10-13 21:17:00,33,21.44,11,248.5
4065,1329,23,2025-01-03 10:48:00,38,45.84,8,496.18
4066,1556,3,2024-08-18 16:45:00,85,102.83,14,1303.87
4067,1982,33,2025-03-23 16:34:00,112,126.45,5,1826.37
4068,1839,47,2024-03-10 03:48:00,14,17.73,14,280.07
4069,1391,43,2024-01-05 08:01:00,108,138.29,9,1790.15
4070,1987,5,2024-03-04 05:18:00,61,42.4,14,494.83
4071,1008,35,2024-12-20 00:57:00,45,30.84,0,540.49
4072,637,36,2024-08-06 13:30:00,20,21.39,8,374.55
4073,306,28,2024-03-05 09:19:00,115,167.04,15,1435.36
4074,530,37,2024-10-07 13:30:00,20,14.07,0,250.4
4075,1029,30,2024-08-26 00:14:00,41,30.39,14,479.12
4076,1420,19,2024-12-03 09:14:00,110,140.72,14,1469.5
4077,631,25,2024-12-03 13:49:00,77,85.44,15,1245.09
4078,526,39,2025-02-19 21:03:00,106,84.0,1,891.06
4079,1968,15,2024-09-19 03:51:00,69,68.87,4,730.79
4080,1724,37,2024-03-23 09:29:00,12,10.25,3,92.79
4081,1915,44,2024-04-08 01:05:00,75,73.76,9,770.84
4082,507,6,2025-02-20 08:59:00,55,67.12,11,602.0
4083,1613,8,2024-03-26 14:23:00,86,57.84,15,495.61
4084,504,18,2024-05-03 14:17:00,35,43.96,4,507.34
4085,781,44,2024-08-28 09:01:00,114,149.86,10,1513.56
4086,283,21,2024-02-16 20:42:00,29,22.76,14,369.08
4087,529,7,2024-11-22 02:07:00,85,114.95,0,1655.37
4088,57,25,2024-01-06 15:06:00,41,51.8,6,441.73
4089,68,24,2025-03-22 04:11:00,19,28.12,9,299.42
4090,1325,28,2025-02-05 14:41:00,41,52.21,11,843.87
4091,1148,17,2024-12-08 04:20:00,109,107.04,3,1747.45
4092,223,44,2024-06-09 21:48:00,89,99.13,9,1060.82
4093,291,27,2025-02-09 22:05:00,78,66.12,10,736.96
4094,899,49,2025-01-31 10:34:00,29,27.88,4,423.73
4095,1280,24,2024-01-31 17:06:00,44,60.12,9,1062.61
4096,375,13,2024-03-09 06:22:00,81,75.6,7,1228.86
4097,1047,4,2024-12-21 06:42:00,104,149.72,10,2509.15
4098,352,33,2024-09-22 00:21:00,13,18.63,15,207.94
4099,1788,32,2025-01-01 21:32:00,21,23.67,14,380.68
4100,739,17,2025-02-07 09:58:00,26,23.98,8,360.6
4101,970,32,2024-09-07 15:16:00,46,59.83,8,816.97
4102,542,38,2024-05-05 01:19:00,64,54.66,1,463.96
4103,18,25,2024-10-17 17:55:00,75,107.37,12,1178.55
4104,890,9,2025-05-06 23:42:00,68,63.09,11,1010.91
4105,1018,30,2024-10-30 07:50:00,114,170.75,11,2908.23
4106,1773,19,2024-11-30 12:01:00,84,58.01,3,476.92
4107,1734,17,2024-01-13 14:10:00,120,110.93,11,1698.49
4108,1236,28,2024-01-23 02:48:00,65,42.54,7,400.44
4109,1295,48,2024-05-09 14:01:00,66,73.08,12,1280.51
4110,739,43,2025-04-25 03:45:00,71,61.56,3,914.56
4111,1585,4,2024-04-21 04:23:00,17,20.13,7,311.92
4112,1419,50,2024-10-26 09:15:00,96,112.43,8,1964.98
4113,1921,10,2024-08-23 17:36:00,55,40.69,7,499.42
4114,1611,32,2024-10-29 08:36:00,63,78.96,10,1363.21
4115,628,39,2024-12-23 23:57:00,55,68.21,11,1120.5
4116,1502,33,2025-03-24 03:11:00,67,83.93,3,1085.22
4117,1791,19,2024-12-14 23:55:00,94,124.17,14,1898.99
4118,1084,15,2024-03-08 04:59:00,97,82.63,0,794.41
4119,1229,14,2024-07-20 21:58:00,26,26.73,3,337.24
4120,1881,18,2024-12-29 00:49:00,95,80.66,1,869.65
4121,1891,25,2024-06-21 21:23:00,22,14.8,12,152.65
4122,163,8,2025-05-08 00:22:00,10,14.44,4,192.33
4123,1236,11,2024-01-20 15:49:00,93,80.24,10,1113.46
4124,348,34,2025-05-15 22:08:00,66,85.92,13,1108.68
4125,1628,18,2024-04-03 06:39:00,36,31.91,8,324.53
4126,1541,15,2025-02-23 20:56:00,68,52.64,18,797.73
4127,1066,14,2024-11-07 13:49:00,105,117.67,2,1911.99
4128,706,8,2024-01-22 00:08:00,58,34.87,14,542.78
4129,139,17,2024-04-09 20:40:00,42,61.25,43,726.04
4130,1797,37,2024-12-07 12:50:00,116,105.44,15,915.52
4131,1849,23,2024-08-31 07:07:00,13,11.97,0,162.83
4132,1146,13,2024-02-03 17:29:00,38,23.84,11,203.05
4133,1276,14,2025-03-06 07:29:00,67,91.45,7,828.03
4134,267,40,2024-08-31 06:56:00,45,65.12,9,857.76
4135,106,50,2024-03-22 21:44:00,68,81.79,11,1150.41
4136,1699,45,2024-01-14 16:09:00,62,67.56,0,540.65
4137,121,31,2024-03-18 05:01:00,81,96.36,15,853.16
4138,321,49,2024-03-03 16:37:00,118,150.72,8,1729.01
4139,503,39,2024-11-25 22:20:00,82,79.72,1,742.52
4140,430,5,2025-02-20 10:51:00,89,126.05,14,2200.93
4141,236,30,2024-07-03 14:50:00,89,55.77,5,555.81
4142,1678,36,2024-09-26 17:03:00,111,109.95,0,1853.75
4143,580,5,2024-08-26 10:00:00,31,45.24,8,417.01
4144,453,2,2024-01-25 14:32:00,90,98.25,15,1424.26
4145,1057,45,2025-02-04 15:20:00,53,64.37,10,1126.15
4146,11,38,2024-06-22 18:48:00,22,19.21,12,210.67
4147,1698,29,2024-03-31 07:25:00,62,71.91,12,667.28
4148,365,33,2024-08-07 10:06:00,79,112.19,9,1758.21
4149,276,3,2024-06-06 07:41:00,80,67.47,10,1155.97
4150,1397,45,2024-05-12 12:09:00,23,23.88,12,253.32
4151,397,19,2024-11-05 06:54:00,83,117.35,3,1438.41
4152,1800,46,2025-01-20 12:28:00,42,61.82,14,838.23
4153,1391,36,2024-12-10 22:26:00,82,86.89,11,1158.16
4154,915,18,2024-11-13 02:48:00,21,13.63,13,171.43
4155,310,28,2024-05-28 02:32:00,67,77.88,14,1042.01
4156,1829,21,2024-04-20 14:30:00,16,10.64,5,114.78
4157,436,8,2024-08-08 23:17:00,55,66.45,4,1147.13
4158,530,16,2025-04-24 14:34:00,11,9.28,0,101.4
4159,989,41,2024-10-28 06:24:00,54,35.72,14,419.09
4160,1611,38,2024-04-01 13:57:00,99,139.84,4,2177.1
4161,1708,50,2025-02-02 07:42:00,102,75.8,6,1337.04
4162,1590,32,2024-03-01 04:23:00,59,82.71,5,1479.69
4163,317,16,2024-01-03 00:35:00,109,98.89,11,1570.05
4164,236,24,2024-04-29 04:45:00,49,37.41,12,441.68
4165,15,38,2024-10-03 23:54:00,10,13.88,10,238.3
4166,1662,35,2024-04-18 13:41:00,87,55.82,6,463.77
4167,1848,18,2024-02-07 07:52:00,91,87.82,6,812.34
4168,1056,21,2024-08-10 23:59:00,78,65.54,14,1091.73
4169,1644,29,2025-02-21 00:47:00,73,96.44,13,813.93
4170,1022,18,2025-04-25 12:06:00,116,98.62,7,1033.06
4171,912,3,2024-01-27 08:46:00,85,57.07,15,1022.6
4172,1827,19,2024-04-10 12:35:00,66,44.5,12,462.07
4173,1865,45,2024-08-22 13:11:00,20,28.32,15,427.03
4174,1639,20,2025-03-02 00:47:00,51,42.3,11,690.9
4175,896,28,2024-03-03 16:09:00,47,60.36,15,668.55
4176,562,11,2024-09-07 16:23:00,39,45.43,8,412.88
4177,1504,39,2024-09-14 16:30:00,32,31.25,8,464.39
4178,353,6,2024-11-20 05:08:00,36,44.73,5,412.71
4179,1154,2,2024-01-08 14:44:00,115,81.72,4,1194.6
4180,14,19,2025-01-02 08:32:00,43,61.52,11,750.49
4181,1892,31,2024-02-06 11:53:00,115,138.01,3,2117.2
4182,952,42,2024-12-22 12:24:00,10,8.67,13,116.88
4183,1716,15,2024-10-22 02:57:00,22,21.16,9,247.7
4184,1338,26,2024-09-08 21:28:00,106,141.31,11,2284.17
4185,1474,28,2024-07-16 12:55:00,42,43.37,12,367.29
4186,723,9,2024-01-05 16:42:00,104,149.29,4,2069.33
4187,637,22,2025-03-26 10:59:00,33,21.9,11,188.78
4188,1174,40,2024-10-02 16:31:00,77,55.51,15,997.0
4189,959,24,2024-06-02 23:17:00,28,21.0,13,184.17
4190,1434,36,2024-07-04 22:02:00,63,88.29,5,1231.57
4191,1099,30,2025-02-05 21:14:00,92,98.77,8,824.43
4192,779,31,2024-03-12 09:26:00,120,175.69,6,2431.82
4193,504,11,2025-02-13 02:16:00,41,26.65,2,358.17
4194,389,37,2025-02-24 07:15:00,115,71.05,2,645.49
4195,230,33,2024-05-14 21:01:00,61,56.01,10,640.27
4196,1021,21,2024-07-09 04:44:00,47,43.24,12,391.04
4197,154,18,2024-04-08 13:38:00,68,98.11,11,1231.11
4198,1954,34,2024-04-18 10:04:00,67,97.95,6,1420.44
4199,935,46,2025-04-18 02:42:00,40,35.81,12,628.55
4200,1872,40,2024-08-09 07:42:00,36,47.78,11,721.76
4201,1525,35,2024-08-11 21:16:00,18,18.32,4,206.47
4202,1398,25,2025-04-07 01:44:00,25,28.5,3,448.85
4203,1877,48,2024-08-09 04:16:00,120,117.85,9,1689.76
4204,863,46,2025-04-30 05:37:00,35,33.39,9,312.99
4205,1076,24,2025-03-04 03:31:00,85,86.0,13,1101.99
4206,1489,39,2025-03-29 01:05:00,114,158.45,4,2305.41
4207,1906,32,2025-02-20 02:38:00,107,69.8,10,1155.93
4208,1518,44,2025-03-18 04:53:00,11,8.46,14,81.12
4209,1875,9,2024-03-04 11:40:00,19,21.18,8,359.86
4210,1498,25,2024-03-28 09:52:00,102,86.05,5,817.91
4211,193,26,2024-06-21 13:26:00,37,43.25,7,606.2
4212,1389,23,2024-01-19 16:09:00,46,35.41,4,418.99
4213,662,16,2024-12-10 17:05:00,45,27.59,1,398.18
4214,643,21,2025-04-28 19:48:00,77,104.29,14,1535.74
4215,1831,11,2024-02-01 04:56:00,46,49.51,6,768.9
4216,710,4,2024-09-06 08:23:00,11,14.12,6,217.1
4217,506,12,2024-09-20 01:54:00,84,98.76,14,814.22
4218,543,18,2024-01-03 09:59:00,110,86.02,0,1468.62
4219,25,30,2024-09-04 03:42:00,81,61.28,10,920.8
4220,495,9,2025-01-22 15:30:00,90,106.09,15,1311.45
4221,703,17,2024-08-13 12:04:00,66,47.16,11,601.67
4222,462,22,2024-06-13 09:35:00,23,19.76,3,193.59
4223,798,27,2024-08-07 03:21:00,97,79.77,6,1275.23
4224,1182,48,2025-03-21 04:38:00,44,33.5,1,546.81
4225,1970,5,2024-06-26 01:59:00,92,63.33,8,1032.6
4226,456,41,2024-05-07 18:03:00,65,48.22,44,854.67
4227,1319,22,2024-09-15 05:57:00,46,61.23,15,605.53
4228,1444,37,2024-02-05 04:38:00,120,137.2,1,1400.88
4229,1883,8,2024-12-18 19:07:00,28,41.66,32,583.01
4230,1162,45,2025-02-07 11:20:00,69,82.88,2,1449.52
4231,1643,12,2024-02-13 23:05:00,63,91.12,5,1624.69
4232,69,46,2024-07-19 20:46:00,96,85.7,15,724.9
4233,1469,18,2025-03-03 08:12:00,60,49.56,6,590.9
4234,595,17,2024-04-17 05:47:00,109,120.67,13,1675.19
4235,518,10,2024-03-21 22:48:00,100,60.67,1,766.5
4236,308,11,2025-04-15 14:25:00,101,106.07,10,1015.31
4237,1042,4,2025-03-09 20:32:00,67,95.78,30,1406.68
4238,218,4,2024-11-04 06:12:00,79,100.77,6,845.96
4239,90,38,2024-01-23 01:42:00,64,50.59,4,577.79
4240,1497,28,2024-11-26 15:59:00,67,93.55,9,1124.93
4241,1130,27,2024-03-02 15:10:00,80,95.38,14,1387.04
4242,495,19,2024-05-20 13:40:00,37,29.53,9,478.4
4243,725,42,2025-02-07 21:26:00,119,163.92,9,2849.38
4244,1580,5,2024-06-20 09:47:00,62,78.2,10,720.29
4245,641,32,2024-04-14 10:48:00,18,24.05,11,218.43
4246,1494,32,2024-07-21 18:43:00,59,54.46,33,932.96
4247,837,21,2025-02-08 13:00:00,15,19.61,7,295.2
4248,917,48,2024-06-10 04:11:00,82,111.41,8,1465.97
4249,1306,9,2024-02-15 00:36:00,30,22.97,4,258.66
4250,1500,17,2024-06-22 11:30:00,85,99.49,6,1246.77
4251,268,15,2024-09-05 12:26:00,15,12.69,9,119.78
4252,880,20,2024-04-19 01:11:00,89,121.18,1,1630.02
4253,452,32,2024-03-20 05:37:00,81,59.01,0,837.9
4254,411,24,2024-11-22 04:19:00,95,73.26,4,707.83
4255,1307,24,2024-01-17 02:45:00,96,115.23,9,1576.08
4256,1839,9,2024-10-12 08:01:00,68,90.08,10,899.12
4257,112,35,2024-08-27 17:59:00,37,44.15,9,685.0
4258,826,30,2024-12-17 19:01:00,16,23.29,38,304.12
4259,637,20,2024-07-23 13:25:00,58,66.51,7,819.02
4260,1402,1,2024-12-14 18:40:00,49,38.68,36,504.99
4261,1800,44,2025-01-15 11:57:00,103,63.32,10,718.93
4262,371,22,2025-02-07 20:27:00,31,34.53,21,406.42
4263,1159,49,2025-03-11 04:13:00,113,160.66,4,1811.27
4264,1505,11,2024-09-06 07:40:00,48,59.81,13,1029.82
4265,1680,46,2024-11-06 22:10:00,70,102.54,8,1299.72
4266,395,50,2024-12-10 21:15:00,42,49.32,13,599.82
4267,216,3,2024-06-29 03:59:00,48,54.7,12,485.15
4268,99,25,2025-03-21 16:25:00,31,32.61,12,507.98
4269,1529,34,2024-12-22 16:30:00,88,129.38,8,2292.44
4270,1238,17,2025-03-31 00:48:00,41,49.7,11,439.04
4271,1961,28,2024-11-14 22:20:00,63,83.16,7,1220.14
4272,560,4,2025-03-11 17:34:00,39,47.81,7,797.87
4273,1116,16,2024-10-05 00:07:00,60,67.28,6,718.45
4274,862,38,2024-02-04 04:41:00,116,152.07,6,1967.72
4275,1012,39,2025-05-11 07:40:00,88,96.44,0,859.34
4276,1380,11,2024-03-22 00:04:00,59,46.82,11,459.01
4277,13,41,2024-03-19 07:37:00,22,20.4,6,178.13
4278,400,16,2025-02-20 12:40:00,107,130.24,2,1421.03
4279,10,38,2024-10-10 05:05:00,31,32.13,5,335.57
4280,1125,39,2025-04-13 13:30:00,33,20.84,3,204.84
4281,713,39,2024-01-10 07:06:00,94,121.82,15,1748.85
4282,817,37,2024-12-23 22:00:00,10,12.29,3,178.96
4283,1309,49,2025-01-18 02:29:00,58,80.15,6,1299.09
4284,357,19,2025-03-11 09:33:00,40,33.26,6,526.89
4285,1046,50,2024-09-03 03:23:00,19,16.75,15,184.99
4286,1268,8,2024-02-28 14:40:00,17,23.94,14,194.1
4287,989,10,2024-09-29 05:57:00,14,19.03,1,161.11
4288,487,43,2025-01-10 23:33:00,11,15.12,6,163.75
4289,1462,37,2024-11-24 03:11:00,117,91.78,3,1083.41
4290,1396,1,2024-01-13 11:55:00,86,118.97,6,1163.47
4291,1430,5,2024-10-06 07:08:00,97,122.46,11,1208.56
4292,924,25,2024-03-23 11:09:00,93,128.53,5,1141.68
4293,229,7,2024-08-11 14:36:00,54,67.66,5,899.29
4294,1855,48,2024-04-20 05:56:00,59,61.64,0,555.69
4295,1552,6,2024-07-24 14:32:00,24,16.84,13,300.97
4296,960,48,2024-10-01 13:47:00,27,39.36,0,385.54
4297,197,22,2024-04-06 16:25:00,42,53.7,13,667.18
4298,1597,2,2024-03-28 05:02:00,88,98.21,2,1260.36
4299,1653,22,2024-04-16 20:54:00,12,10.26,10,119.12
4300,405,5,2024-11-07 16:17:00,109,72.68,10,601.4
4301,661,21,2024-01-02 16:16:00,74,65.71,9,796.97
4302,1003,29,2024-02-01 07:50:00,73,76.93,13,963.23
4303,1008,4,2025-01-10 00:35:00,93,116.57,0,1690.74
4304,805,18,2024-12-03 09:53:00,15,13.59,7,152.47
4305,1471,1,2024-02-13 15:57:00,30,29.93,14,431.36
4306,907,16,2025-04-21 23:08:00,80,61.49,0,564.36
4307,1413,36,2025-04-09 07:08:00,11,10.17,2,157.78
4308,130,13,2024-05-10 00:27:00,35,47.77,0,417.03
4309,1266,39,2024-01-21 11:01:00,32,27.92,12,311.25
4310,136,44,2024-08-28 20:45:00,116,98.12,40,1571.85
4311,1473,6,2024-08-23 01:42:00,60,50.66,11,881.06
4312,1757,29,2024-10-17 13:58:00,75,82.54,6,1180.95
4313,184,11,2025-04-02 08:53:00,17,17.05,0,188.9
4314,610,35,2024-12-16 02:15:00,79,117.27,3,1615.45
4315,1872,8,2024-02-21 08:52:00,52,63.9,15,1019.67
4316,824,30,2024-08-12 13:57:00,19,21.39,10,198.77
4317,1157,26,2025-01-12 00:06:00,71,45.09,4,717.0
4318,922,28,2024-06-05 10:04:00,71,98.19,14,1530.18
4319,83,9,2025-03-28 04:42:00,36,39.59,8,595.42
4320,717,15,2024-06-05 14:32:00,30,29.89,4,335.54
4321,389,47,2024-03-17 01:39:00,55,64.49,5,859.08
4322,1074,37,2024-10-11 15:50:00,40,36.99,15,360.52
4323,940,11,2024-11-13 19:56:00,34,26.98,31,404.86
4324,1827,44,2024-11-17 00:10:00,99,139.69,0,2366.74
4325,1255,16,2024-10-21 16:25:00,95,93.23,9,1459.79
4326,587,35,2024-05-26 08:08:00,96,96.9,7,1084.4
4327,1555,26,2025-02-11 21:22:00,26,32.22,2,435.96
4328,1133,27,2024-12-04 14:25:00,31,40.61,4,517.1
4329,683,15,2025-03-01 07:54:00,49,68.87,12,985.37
4330,116,7,2024-07-29 13:12:00,41,34.57,1,316.9
4331,1416,9,2024-02-17 11:25:00,98,76.11,10,743.63
4332,1790,27,2024-04-18 12:10:00,112,154.77,13,1519.76
4333,445,13,2024-07-05 14:02:00,46,39.02,11,453.83
4334,1468,8,2025-01-13 20:19:00,36,30.38,28,526.79
4335,173,5,2024-02-23 14:21:00,43,60.22,8,658.22
4336,1163,22,2024-09-01 20:18:00,31,39.95,15,571.99
4337,1089,46,2024-06-02 05:54:00,90,116.23,12,1206.05
4338,225,24,2024-02-08 05:39:00,24,17.06,13,183.07
4339,1006,42,2024-11-08 05:57:00,42,50.17,9,490.68
4340,1222,33,2024-08-14 05:16:00,66,82.87,10,840.64
4341,1859,40,2024-11-12 16:56:00,73,68.41,3,793.65
4342,1750,1,2024-02-01 14:20:00,113,79.93,11,1424.01
4343,1334,5,2025-02-12 16:14:00,119,101.17,5,1737.49
4344,1839,16,2024-01-25 10:29:00,114,159.58,5,1691.67
4345,1516,13,2024-02-09 00:46:00,74,50.51,8,608.39
4346,615,16,2025-01-15 15:34:00,91,110.34,12,1919.66
4347,632,14,2025-01-16 01:52:00,91,60.42,8,865.16
4348,28,28,2024-08-03 23:47:00,85,80.78,0,951.28
4349,1772,39,2024-11-16 13:15:00,105,105.14,9,1479.46
4350,1805,10,2025-02-13 02:33:00,72,81.93,1,971.49
4351,19,28,2024-02-09 08:28:00,20,18.3,0,165.13
4352,1845,11,2024-06-12 00:08:00,103,153.66,2,1867.45
4353,4,17,2025-01-24 01:11:00,71,53.15,13,844.66
4354,1971,33,2025-05-07 07:40:00,27,18.94,5,162.9
4355,801,6,2024-05-15 23:44:00,88,96.2,4,1127.39
4356,1742,30,2024-11-12 12:48:00,58,67.05,14,875.17
4357,536,11,2024-01-17 01:41:00,18,15.43,8,252.77
4358,280,17,2024-07-19 00:41:00,70,56.04,15,543.35
4359,1445,35,2025-04-14 13:04:00,101,149.66,11,1451.19
4360,1444,21,2025-01-13 19:45:00,120,136.76,39,2427.88
4361,1352,31,2024-12-23 13:13:00,106,149.24,5,2078.96
4362,59,22,2024-06-09 15:30:00,83,84.85,6,1009.67
4363,890,2,2024-08-28 09:46:00,90,62.08,11,860.82
4364,1240,18,2025-01-08 21:34:00,23,20.35,8,329.12
4365,471,37,2024-01-29 07:21:00,113,111.9,0,1873.85
4366,1087,23,2025-01-27 17:40:00,62,71.74,12,879.2
4367,31,40,2024-08-02 06:22:00,49,59.23,12,483.96
4368,996,21,2025-03-08 02:51:00,31,21.03,2,273.48
4369,266,25,2024-03-25 21:08:00,58,51.02,9,874.93
4370,1079,2,2025-03-24 04:54:00,45,40.98,9,352.79
4371,715,39,2024-11-20 07:20:00,61,57.11,10,546.82
4372,567,42,2024-05-05 15:49:00,68,87.54,10,733.64
4373,916,47,2025-04-02 13:58:00,97,139.09,10,1750.79
4374,458,32,2025-03-24 08:35:00,113,144.02,11,2199.79
4375,1536,10,2024-06-18 02:10:00,31,44.91,9,547.59
4376,1625,38,2025-03-08 20:03:00,20,23.87,30,375.44
4377,1746,11,2025-03-12 15:37:00,106,124.13,5,1764.09
4378,1153,44,2025-01-24 13:20:00,30,23.64,12,306.46
4379,1390,38,2025-05-01 18:39:00,16,11.65,24,170.65
4380,696,18,2024-01-20 14:00:00,17,18.77,2,214.45
4381,1464,6,2025-04-26 04:18:00,28,27.25,10,346.02
4382,656,15,2025-03-04 22:34:00,53,35.1,6,517.98
4383,1246,31,2024-07-11 22:15:00,52,38.74,9,471.56
4384,640,9,2025-01-05 13:47:00,31,19.21,1,251.87
4385,289,2,2024-07-22 07:13:00,43,60.06,2,521.89
4386,1227,32,2024-09-26 15:12:00,67,48.88,5,709.11
4387,1848,23,2024-11-04 06:42:00,37,45.23,1,491.58
4388,1458,40,2024-02-03 15:05:00,112,156.34,12,1326.18
4389,503,13,2025-02-28 23:51:00,96,77.59,11,847.19
4390,178,34,2024-11-28 09:15:00,63,74.81,13,639.04
4391,371,44,2024-01-09 20:38:00,35,23.75,40,406.27
4392,1107,4,2025-01-09 05:43:00,18,11.31,7,195.64
4393,995,47,2025-05-14 23:59:00,62,65.03,14,1029.5
4394,932,16,2025-03-12 13:21:00,107,156.08,12,1734.29
4395,714,20,2024-06-18 19:56:00,17,13.38,42,121.87
4396,678,45,2024-05-08 06:22:00,108,136.64,3,1240.53
4397,104,9,2024-07-14 19:13:00,83,73.34,23,759.1
4398,101,35,2024-11-12 23:48:00,27,20.87,7,206.32
4399,1938,6,2024-04-15 11:43:00,105,155.93,9,2765.89
4400,1066,21,2024-06-21 23:50:00,13,13.23,4,155.65
4401,36,28,2024-03-11 13:00:00,59,58.76,3,658.01
4402,253,48,2025-02-26 09:19:00,114,120.42,13,1152.64
4403,1910,27,2025-05-06 09:35:00,41,51.71,8,755.43
4404,929,45,2025-03-25 18:29:00,41,26.61,28,227.16
4405,1161,21,2025-02-26 15:58:00,31,28.22,1,270.26
4406,1517,50,2025-05-05 11:32:00,89,69.92,14,1096.63
4407,330,24,2024-10-06 05:34:00,43,46.34,2,644.93
4408,1824,46,2024-10-28 09:53:00,87,80.25,2,950.23
4409,1486,22,2024-11-15 18:04:00,105,129.8,27,1445.41
4410,1673,26,2024-12-02 09:19:00,65,53.71,10,507.23
4411,1689,38,2024-01-04 00:16:00,19,27.96,5,308.44
4412,320,48,2024-09-26 12:31:00,78,72.46,8,937.42
4413,20,5,2024-09-14 18:30:00,107,111.2,32,1739.72
4414,256,44,2024-06-03 12:28:00,15,19.11,7,233.81
4415,294,49,2024-11-24 10:57:00,15,19.03,0,163.14
4416,1416,20,2024-12-07 02:29:00,71,100.13,1,1630.77
4417,1015,16,2024-05-18 22:54:00,64,40.87,7,370.22
4418,201,15,2024-12-05 09:00:00,105,109.05,4,1746.86
4419,1528,6,2024-07-16 08:22:00,71,63.28,5,814.92
4420,592,42,2024-04-01 22:32:00,101,144.37,6,2409.83
4421,1558,36,2025-01-21 12:31:00,97,136.69,10,2351.65
4422,1965,23,2024-12-14 01:27:00,60,64.14,2,736.02
4423,1522,30,2024-02-26 22:20:00,56,75.73,13,667.14
4424,863,27,2024-10-13 18:57:00,48,71.15,25,868.44
4425,1529,16,2024-07-17 08:26:00,91,55.76,11,620.93
4426,1425,27,2024-02-29 02:14:00,36,40.62,13,724.72
4427,384,9,2024-05-13 11:59:00,19,20.13,11,240.54
4428,828,5,2024-10-30 04:05:00,28,32.96,13,561.49
4429,924,48,2025-04-01 09:35:00,117,150.21,12,2072.5
4430,1134,20,2024-09-26 15:36:00,106,142.52,13,2194.13
4431,175,37,2024-08-05 07:03:00,54,40.27,1,426.81
4432,420,25,2024-10-19 05:11:00,107,97.67,2,1193.48
4433,273,16,2024-01-03 03:08:00,71,60.59,0,551.73
4434,800,14,2025-05-13 03:48:00,87,59.28,13,618.72
4435,1398,42,2024-01-09 16:23:00,95,86.57,12,696.4
4436,1615,10,2024-03-29 06:00:00,62,47.72,13,606.26
4437,1314,48,2024-06-29 15:29:00,57,54.29,9,524.55
4438,1246,34,2024-06-07 02:00:00,112,97.24,0,1592.88
4439,1454,3,2024-04-21 23:10:00,70,54.8,6,850.71
4440,632,50,2024-09-25 05:45:00,66,57.69,12,580.95
4441,1626,21,2024-03-06 21:46:00,39,51.03,13,449.5
4442,1141,33,2024-12-19 04:00:00,41,55.4,0,823.65
4443,880,44,2024-12-26 23:37:00,52,54.86,13,969.15
4444,1355,5,2024-10-14 10:12:00,93,136.8,2,2065.91
4445,193,42,2025-04-21 05:32:00,107,71.77,15,1144.85
4446,62,14,2024-11-22 12:27:00,59,56.28,12,816.58
4447,1923,40,2024-06-04 15:11:00,74,49.3,7,472.47
4448,1949,21,2024-10-24 16:17:00,53,32.29,6,573.85
4449,1007,40,2024-01-26 22:11:00,95,113.77,8,2034.08
4450,64,15,2024-09-08 11:13:00,54,63.16,6,926.11
4451,221,43,2024-04-12 04:45:00,42,53.16,4,874.71
4452,918,45,2024-06-17 13:28:00,116,79.85,10,676.68
4453,1652,47,2024-05-07 01:23:00,61,64.12,1,805.4
4454,138,9,2024-12-24 12:21:00,29,24.81,9,395.84
4455,1237,5,2024-09-13 11:10:00,112,140.1,7,1832.06
4456,1843,11,2025-04-10 00:58:00,101,67.31,3,724.62
4457,957,29,2024-09-11 13:17:00,83,56.47,12,861.67
4458,837,23,2024-08-13 13:53:00,54,39.09,5,687.52
4459,1441,49,2024-07-17 03:53:00,82,97.58,8,1471.93
4460,1155,43,2025-02-21 00:56:00,119,173.89,9,2368.21
4461,540,38,2025-02-02 09:12:00,95,129.89,8,2000.77
4462,656,30,2024-09-02 13:55:00,60,40.15,7,690.0
4463,1098,28,2024-06-24 20:21:00,12,15.59,12,234.95
4464,1194,6,2024-12-23 11:38:00,54,67.4,14,886.69
4465,291,14,2024-10-15 22:41:00,104,135.81,11,2389.27
4466,1550,38,2025-01-22 06:24:00,113,69.35,3,956.46
4467,584,6,2024-03-19 20:29:00,13,12.66,16,172.42
4468,671,43,2024-04-27 13:02:00,100,107.79,1,1935.1
4469,898,9,2024-01-01 21:08:00,13,18.36,7,316.97
4470,1459,14,2024-10-08 17:06:00,18,13.36,13,159.79
4471,977,28,2025-05-15 07:28:00,30,43.49,6,629.24
4472,458,19,2025-01-31 08:32:00,38,56.55,12,656.88
4473,990,1,2024-08-23 20:06:00,84,97.95,10,1123.98
4474,1351,21,2024-09-08 09:53:00,120,163.42,13,2106.68
4475,70,21,2024-05-13 12:52:00,67,52.33,7,458.36
4476,515,47,2024-11-01 00:37:00,105,156.99,8,2806.56
4477,1832,36,2024-11-30 17:31:00,105,154.37,1,2400.54
4478,1060,33,2024-08-07 17:07:00,17,23.2,10,234.86
4479,194,9,2025-05-10 18:51:00,32,31.37,36,291.04
4480,558,32,2025-02-02 16:57:00,16,19.48,10,256.29
4481,627,1,2025-03-10 02:49:00,47,44.53,10,627.16
4482,957,50,2025-01-10 00:02:00,13,8.62,1,152.24
4483,1895,3,2024-08-18 06:33:00,74,106.88,8,1274.53
4484,1880,49,2024-12-29 07:40:00,49,61.53,9,642.38
4485,824,49,2024-10-20 07:52:00,83,97.33,1,1318.31
4486,566,7,2024-04-17 03:36:00,77,68.23,12,885.5
4487,1073,15,2024-03-14 03:12:00,11,10.07,4,174.46
4488,1110,41,2024-05-09 20:50:00,100,75.76,14,684.54
4489,1980,38,2024-12-01 01:12:00,106,97.31,9,1615.17
4490,30,37,2024-05-30 05:42:00,83,70.92,5,789.7
4491,919,40,2024-11-15 23:52:00,85,53.78,7,839.15
4492,286,16,2024-10-12 17:45:00,67,81.17,14,965.26
4493,882,3,2024-11-19 12:53:00,31,42.08,10,713.79
4494,1716,5,2025-04-02 06:49:00,116,101.94,6,1390.64
4495,1676,31,2024-10-08 06:34:00,69,59.21,6,486.32
4496,205,33,2024-04-10 13:15:00,30,36.65,6,525.43
4497,1788,44,2025-02-23 14:45:00,11,8.39,12,87.45
4498,342,1,2024-08-29 03:22:00,49,54.06,10,495.85
4499,458,7,2024-02-09 15:32:00,63,41.0,14,667.98
4500,832,29,2024-09-09 02:37:00,27,40.2,4,628.42
4501,1792,15,2024-01-31 04:33:00,66,58.58,14,626.7
4502,733,33,2024-11-15 05:15:00,96,129.83,6,1580.87
4503,775,29,2024-09-07 16:30:00,24,27.24,5,290.46
4504,1223,31,2024-12-05 05:24:00,51,46.28,14,399.93
4505,1892,26,2024-05-24 18:53:00,63,64.82,26,971.01
4506,195,45,2025-01-16 09:20:00,39,39.29,5,453.97
4507,1473,20,2025-05-12 09:43:00,113,164.33,4,2930.17
4508,662,9,2025-01-03 13:41:00,117,170.04,1,2562.84
4509,1672,34,2024-07-06 03:48:00,23,30.75,10,472.26
4510,976,16,2025-02-07 07:34:00,120,109.19,10,1375.74
4511,588,48,2024-08-03 15:02:00,93,86.62,13,1343.4
4512,1734,35,2024-01-05 19:34:00,35,36.88,23,661.07
4513,1761,38,2024-04-24 08:27:00,51,62.85,5,980.08
4514,656,33,2025-05-02 13:03:00,41,58.61,9,906.44
4515,1844,23,2024-07-11 06:44:00,40,54.75,4,571.7
4516,1278,24,2024-03-11 08:49:00,51,51.35,10,450.41
4517,1769,22,2025-01-04 15:54:00,77,111.24,4,1337.58
4518,1097,35,2024-01-04 20:12:00,112,83.95,27,1507.21
4519,1514,10,2024-08-25 02:24:00,24,28.77,12,452.52
4520,1465,45,2024-09-18 20:24:00,84,121.13,26,1552.16
4521,1482,12,2025-05-02 06:40:00,70,43.55,11,632.11
4522,572,31,2024-10-13 14:48:00,98,75.15,3,1030.15
4523,1778,13,2025-04-15 03:50:00,88,65.08,8,579.39
4524,1627,46,2025-05-08 05:59:00,99,79.26,0,1321.3
4525,1566,26,2024-04-04 11:15:00,97,108.81,3,1862.21
4526,739,18,2024-06-23 11:17:00,18,24.46,5,273.54
4527,1839,34,2025-03-30 07:05:00,43,55.44,1,937.24
4528,711,26,2024-04-25 00:12:00,30,31.64,13,403.36
4529,669,43,2024-06-04 19:00:00,49,72.79,44,1274.72
4530,738,29,2024-02-21 13:53:00,111,116.92,13,1700.3
4531,190,13,2024-03-16 23:50:00,56,36.61,13,356.08
4532,1106,27,2025-04-09 17:20:00,59,50.91,6,559.02
4533,792,4,2024-12-16 21:33:00,115,159.38,5,1611.17
4534,1181,11,2025-03-11 11:34:00,66,50.12,9,598.96
4535,1911,43,2024-04-19 12:13:00,19,18.18,7,148.43
4536,1135,19,2024-07-17 01:06:00,70,51.93,12,917.84
4537,312,33,2025-01-28 00:15:00,36,44.31,12,492.55
4538,101,33,2025-02-26 09:50:00,95,99.72,2,1427.68
4539,888,16,2024-05-10 20:45:00,38,52.16,12,536.59
4540,195,4,2024-12-31 22:06:00,59,57.28,12,705.42
4541,1540,10,2024-09-25 08:23:00,117,103.7,2,1130.44
4542,6,35,2024-11-21 10:29:00,88,125.17,12,1191.95
4543,1834,37,2024-06-29 02:48:00,117,81.16,0,1064.37
4544,1080,28,2024-02-10 01:24:00,103,152.87,13,2365.6
4545,1516,43,2025-02-08 01:11:00,120,114.06,0,1250.32
4546,1211,2,2024-11-22 03:28:00,43,49.5,10,494.63
4547,1699,41,2024-11-15 03:58:00,115,143.42,4,2440.33
4548,569,5,2025-05-08 00:26:00,59,68.67,9,768.73
4549,964,15,2025-03-10 04:58:00,19,18.76,1,314.2
4550,1867,44,2024-05-20 04:57:00,37,47.98,6,550.11
4551,1521,17,2025-03-09 00:29:00,19,25.08,0,372.94
4552,1549,11,2024-11-11 16:23:00,13,9.78,0,175.11
4553,1309,48,2024-01-16 13:27:00,66,45.2,10,467.36
4554,456,43,2024-04-11 03:31:00,107,71.96,14,989.39
4555,649,23,2024-05-10 23:51:00,18,13.57,5,148.28
4556,1554,38,2024-04-01 05:00:00,115,150.04,2,1735.27
4557,1339,12,2024-01-25 16:37:00,120,179.94,11,1689.08
4558,1731,29,2025-03-22 12:35:00,10,7.08,5,86.17
4559,881,11,2024-06-20 01:54:00,51,65.45,15,1005.75
4560,1460,9,2024-05-22 23:58:00,86,56.5,9,586.81
4561,506,45,2025-01-19 05:23:00,15,19.02,5,244.66
4562,1230,26,2025-02-20 04:50:00,40,44.2,9,484.29
4563,1554,44,2025-03-05 07:30:00,92,87.74,8,886.6
4564,1197,38,2024-05-16 04:53:00,103,113.91,11,1751.23
4565,40,13,2024-04-25 00:33:00,62,72.94,3,793.21
4566,843,42,2024-05-05 04:37:00,93,59.72,10,962.77
4567,682,4,2025-01-21 08:59:00,95,100.7,15,1471.02
4568,686,38,2024-01-15 10:07:00,81,57.73,6,731.22
4569,349,7,2024-01-31 19:03:00,71,58.78,26,746.81
4570,1415,15,2024-10-17 03:44:00,19,19.47,15,338.71
4571,1750,46,2024-01-06 00:12:00,100,83.06,12,1102.93
4572,1823,33,2024-12-18 08:58:00,77,73.65,15,1144.75
4573,981,19,2025-02-03 08:38:00,58,55.93,0,694.92
4574,449,26,2024-07-12 23:03:00,108,93.2,15,991.01
4575,304,1,2024-10-12 03:34:00,10,7.74,6,100.7
4576,316,23,2025-03-06 04:50:00,78,94.42,9,759.84
4577,443,38,2024-05-06 11:07:00,61,37.6,12,529.3
4578,1452,22,2024-09-04 14:23:00,26,31.74,13,386.83
4579,594,36,2025-04-23 01:13:00,95,120.32,13,1198.75
4580,963,34,2024-02-05 14:20:00,29,24.23,2,254.05
4581,500,32,2024-07-16 08:10:00,88,118.53,7,1844.17
4582,451,1,2024-04-17 19:48:00,55,44.9,33,420.11
4583,1430,26,2024-01-22 16:41:00,78,115.71,6,1134.93
4584,1651,36,2025-03-04 14:56:00,40,34.45,0,307.64
4585,521,40,2025-02-18 19:31:00,116,144.75,39,2574.05
4586,558,47,2024-09-07 06:43:00,93,93.43,14,781.95
4587,1559,38,2025-05-02 19:02:00,83,123.22,39,1643.77
4588,1236,20,2024-07-05 12:55:00,53,59.23,14,611.85
4589,789,7,2025-02-03 01:42:00,35,45.36,8,372.51
4590,963,14,2025-04-10 12:34:00,118,148.25,3,2553.63
4591,1063,48,2024-01-11 09:51:00,24,29.64,15,523.55
4592,643,28,2024-11-15 20:17:00,37,23.26,20,373.35
4593,1839,44,2024-09-14 21:50:00,74,74.79,14,1198.04
4594,1388,47,2024-08-05 18:37:00,22,20.87,42,263.5
4595,475,27,2024-05-06 09:48:00,18,12.72,8,170.2
4596,680,29,2024-10-11 22:26:00,67,96.46,3,1679.26
4597,789,21,2025-02-18 15:44:00,30,32.83,2,444.26
4598,295,50,2024-10-27 03:10:00,118,122.9,11,2103.8
4599,338,17,2024-10-22 21:37:00,18,20.92,12,172.76
4600,1086,19,2024-02-21 23:44:00,54,65.32,10,1094.55
4601,396,30,2024-12-31 07:03:00,100,131.53,6,1651.67
4602,853,14,2024-03-04 16:20:00,57,63.21,15,519.46
4603,1683,8,2024-08-10 19:53:00,42,34.85,16,373.24
4604,626,1,2024-01-03 01:47:00,103,86.99,14,1017.43
4605,93,10,2024-05-02 03:03:00,103,100.99,1,1256.85
4606,1244,32,2024-03-22 18:26:00,77,97.52,21,1494.96
4607,1031,43,2025-04-04 10:47:00,111,97.12,14,1674.28
4608,1521,18,2024-05-12 18:45:00,72,80.51,19,1365.55
4609,768,8,2025-02-12 20:58:00,86,88.79,22,1431.69
4610,836,41,2025-02-25 10:17:00,67,84.39,11,1104.44
4611,1712,30,2025-03-04 17:44:00,95,139.72,7,2451.74
4612,992,5,2025-04-11 01:53:00,99,88.14,4,1017.67
4613,1463,38,2024-01-29 13:44:00,113,118.2,3,1605.45
4614,400,46,2024-07-24 00:49:00,91,63.35,9,1094.93
4615,1435,2,2024-05-11 01:59:00,30,27.46,1,232.52
4616,248,13,2025-04-05 03:26:00,97,92.84,15,1174.29
4617,303,31,2025-02-01 00:28:00,24,35.8,14,492.48
4618,1448,48,2024-12-18 14:06:00,66,65.14,10,527.16
4619,1789,49,2024-05-31 05:44:00,68,50.43,0,750.17
4620,432,33,2024-10-07 20:06:00,72,102.07,36,1287.98
4621,278,11,2025-03-10 14:02:00,28,35.4,9,370.49
4622,148,26,2024-11-23 07:36:00,18,15.96,9,286.58
4623,559,31,2024-03-05 10:26:00,16,21.5,12,345.48
4624,1826,33,2024-03-21 20:02:00,97,76.02,11,905.23
4625,1860,7,2024-06-12 22:50:00,99,90.67,5,1081.58
4626,133,16,2024-05-11 00:44:00,89,123.15,15,1264.05
4627,1772,9,2024-03-20 21:03:00,114,151.91,13,1798.43
4628,892,26,2025-05-11 10:18:00,93,56.16,7,862.55
4629,367,18,2024-03-21 20:41:00,24,29.34,36,521.62
4630,569,15,2024-06-20 07:44:00,31,44.97,13,770.56
4631,956,36,2024-12-06 00:23:00,80,112.04,7,1989.83
4632,1064,3,2025-05-03 10:28:00,38,29.19,7,343.91
4633,1652,29,2025-03-14 17:48:00,93,102.68,9,1187.9
4634,1705,24,2024-03-09 13:07:00,50,35.36,14,286.82
4635,1506,23,2024-12-06 11:31:00,11,10.21,5,145.28
4636,765,3,2024-10-14 12:34:00,73,102.24,8,1113.69
4637,260,50,2024-04-07 10:59:00,96,108.29,13,1576.49
4638,1911,21,2024-10-14 12:38:00,29,40.22,7,447.91
4639,52,3,2024-07-15 20:11:00,52,62.35,14,727.13
4640,989,49,2025-05-02 18:55:00,106,106.22,33,930.02
4641,1199,13,2024-08-31 16:16:00,85,76.6,2,1252.49
4642,354,30,2025-02-14 06:17:00,107,147.82,10,1965.95
4643,41,43,2024-02-03 19:31:00,64,78.01,17,778.04
4644,551,27,2025-01-25 02:25:00,45,54.67,2,612.22
4645,1923,45,2025-02-15 13:49:00,52,42.82,4,397.16
4646,1383,17,2025-04-07 14:02:00,104,125.72,3,2238.1
4647,5,7,2024-05-18 16:44:00,23,17.27,14,150.65
4648,1144,35,2024-05-19 01:49:00,117,128.7,8,1346.53
4649,1573,20,2024-10-10 21:48:00,120,141.97,3,2285.0
4650,1832,26,2024-09-20 03:31:00,106,151.94,7,1228.11
4651,30,34,2025-03-12 00:20:00,75,81.57,0,921.5
4652,1341,33,2024-01-22 17:07:00,44,27.04,6,292.74
4653,1719,2,2024-06-23 01:35:00,117,148.24,1,1688.61
4654,1944,46,2024-04-23 10:41:00,76,94.89,13,1528.07
4655,1212,38,2024-01-20 20:11:00,23,29.9,14,268.27
4656,1437,27,2024-10-18 09:26:00,12,16.81,2,161.5
4657,1958,19,2025-04-08 13:28:00,116,113.66,8,1073.16
4658,236,10,2024-12-27 21:46:00,103,93.94,6,1124.03
4659,326,4,2024-08-22 08:39:00,75,100.59,8,1392.96
4660,1414,47,2024-06-13 19:04:00,118,89.08,10,1480.49
4661,305,1,2024-05-05 07:05:00,102,138.63,13,1621.2
4662,1984,44,2024-06-30 15:45:00,25,32.08,12,370.34
4663,1743,33,2024-11-19 03:13:00,12,10.28,11,169.55
4664,621,16,2025-04-19 16:36:00,96,122.73,9,1778.66
4665,815,18,2024-06-29 01:33:00,59,43.06,10,426.31
4666,1818,9,2025-01-28 04:54:00,38,23.59,4,423.02
4667,1830,47,2024-10-09 15:24:00,42,28.75,5,348.8
4668,1829,14,2024-12-08 18:23:00,114,154.56,33,1993.84
4669,657,35,2024-07-22 03:32:00,105,64.26,10,1063.66
4670,410,37,2024-05-05 09:56:00,14,14.93,11,159.94
4671,1671,18,2025-03-06 04:43:00,91,93.41,11,1274.67
4672,1901,33,2024-03-04 18:11:00,11,10.89,34,127.73
4673,1256,13,2024-04-01 11:42:00,86,83.7,4,1466.32
4674,893,45,2024-03-24 04:15:00,63,68.35,2,1097.84
4675,963,22,2024-04-28 08:07:00,78,61.25,11,1081.22
4676,1301,31,2025-03-03 17:52:00,105,136.62,1,1312.92
4677,1970,9,2025-04-02 16:01:00,21,28.87,15,254.25
4678,1994,2,2024-08-03 04:36:00,47,43.55,0,406.55
4679,792,43,2025-01-23 18:18:00,44,44.41,33,651.47
4680,569,7,2025-03-26 20:18:00,99,81.38,14,675.98
4681,445,12,2025-05-01 07:47:00,99,70.42,13,1153.46
4682,1533,28,2025-05-09 14:54:00,83,97.39,13,1190.13
4683,997,48,2024-05-11 15:30:00,92,107.76,1,1629.8
4684,200,6,2024-12-04 01:18:00,10,10.96,8,114.74
4685,960,36,2024-03-29 12:01:00,111,75.08,14,952.6
4686,975,40,2025-01-20 11:41:00,38,29.24,9,275.58
4687,665,14,2024-10-29 07:39:00,26,18.73,4,217.28
4688,1566,32,2024-09-01 14:49:00,33,33.34,8,387.45
4689,1382,22,2024-01-25 05:06:00,94,124.46,11,1228.05
4690,205,19,2024-09-26 09:27:00,14,11.26,12,111.43
4691,472,38,2025-02-27 12:45:00,108,116.73,9,1139.69
4692,1606,2,2025-01-23 23:50:00,95,81.4,10,1383.98
4693,1282,45,2025-03-28 18:49:00,81,66.58,42,1059.68
4694,638,29,2025-01-20 15:03:00,59,66.0,7,978.43
4695,364,34,2024-06-23 07:08:00,92,108.11,4,1936.01
4696,1913,21,2024-06-07 13:05:00,119,116.35,15,1619.65
4697,594,27,2025-01-17 14:41:00,67,71.88,2,948.68
4698,1560,37,2024-09-21 13:13:00,101,98.26,2,1644.0
4699,1782,37,2024-06-15 19:45:00,47,61.21,30,1088.4
4700,1200,9,2024-12-26 02:07:00,101,111.53,14,1085.09
4701,1952,41,2024-06-19 20:03:00,21,24.29,39,246.24
4702,999,37,2024-08-04 04:25:00,96,74.6,12,1255.77
4703,724,19,2025-01-27 18:39:00,73,88.41,15,1333.22
4704,1135,41,2024-11-19 04:51:00,120,157.78,0,1331.65
4705,1471,42,2024-03-04 00:50:00,13,8.94,8,87.42
4706,1674,27,2024-12-07 13:38:00,17,16.25,10,143.94
4707,1001,21,2024-10-27 10:06:00,42,57.97,1,791.33
4708,815,29,2024-02-20 20:44:00,110,132.4,10,1938.07
4709,17,1,2024-12-31 08:40:00,55,58.48,15,994.28
4710,559,11,2024-12-03 05:30:00,119,143.52,9,2406.21
4711,1476,45,2024-10-28 12:27:00,54,66.6,4,945.16
4712,1672,34,2024-04-11 01:22:00,24,24.26,14,231.75
4713,680,5,2024-04-02 20:13:00,120,170.29,23,2654.6
4714,482,21,2024-04-28 13:29:00,57,68.85,15,893.47
4715,436,17,2025-04-07 23:50:00,115,82.46,10,1098.39
4716,988,21,2024-01-25 06:42:00,18,10.95,14,153.22
4717,526,1,2024-08-28 15:04:00,90,126.53,5,2109.83
4718,62,27,2024-02-13 21:36:00,86,54.33,8,976.01
4719,805,46,2024-07-30 19:48:00,73,98.5,27,1255.45
4720,1626,48,2024-02-16 14:07:00,106,152.87,9,2397.07
4721,755,25,2024-08-04 16:42:00,113,92.71,1,943.81
4722,714,49,2024-04-10 12:59:00,118,168.2,11,2548.45
4723,1810,24,2024-06-15 17:28:00,103,130.02,12,1676.76
4724,656,47,2024-01-06 15:35:00,107,73.22,1,1069.88
4725,361,34,2024-12-18 07:41:00,86,74.63,14,1224.78
4726,549,47,2024-07-31 23:43:00,19,14.54,12,129.14
4727,1249,45,2024-11-23 19:13:00,94,90.65,25,822.48
4728,1174,26,2024-03-31 14:21:00,60,73.69,8,753.82
4729,1777,49,2024-01-20 18:20:00,18,21.0,31,250.58
4730,822,14,2024-01-09 01:41:00,60,46.85,4,707.91
4731,242,4,2024-07-02 21:04:00,59,49.15,14,644.07
4732,1783,48,2025-05-09 22:54:00,92,59.79,9,980.12
4733,1027,7,2024-02-16 06:47:00,93,86.26,6,1443.69
4734,1409,47,2024-08-31 23:40:00,95,110.95,13,1292.45
4735,328,31,2025-04-17 20:56:00,30,38.67,30,533.93
4736,1115,26,2024-08-13 14:30:00,99,64.85,11,712.18
4737,1214,38,2024-12-31 01:30:00,21,31.23,12,440.03
4738,1232,7,2024-06-15 09:45:00,80,61.18,15,495.23
4739,1346,9,2024-10-20 07:13:00,109,133.62,3,1352.43
4740,264,26,2024-09-17 18:12:00,70,93.37,36,765.36
4741,132,16,2024-08-10 17:54:00,78,66.96,11,870.29
4742,172,45,2024-03-10 23:38:00,18,19.33,5,290.02
4743,1324,24,2024-02-02 23:37:00,55,72.43,2,921.98
4744,1365,24,2024-06-21 17:38:00,30,22.19,11,257.74
4745,266,45,2024-10-06 10:35:00,72,86.5,13,860.64
4746,1606,43,2024-03-18 04:35:00,109,150.72,5,2122.67
4747,457,16,2024-07-01 04:34:00,119,118.4,15,1070.18
4748,1488,13,2024-06-28 19:41:00,62,53.96,20,653.21
4749,1361,20,2025-03-11 23:31:00,44,42.73,11,478.99
4750,932,44,2024-03-18 16:15:00,23,29.49,3,530.44
4751,1944,23,2025-01-06 21:03:00,77,84.06,15,938.19
4752,1516,20,2025-02-23 11:48:00,13,16.54,10,222.12
4753,1333,1,2024-06-12 16:00:00,23,13.83,13,177.92
4754,1008,17,2024-05-09 15:27:00,20,22.59,14,300.76
4755,1581,47,2024-10-07 13:24:00,34,45.8,9,544.41
4756,677,16,2025-04-24 07:14:00,48,64.1,14,690.04
4757,1176,27,2025-05-13 07:12:00,71,79.48,4,760.0
4758,1773,45,2024-08-08 05:32:00,24,27.71,2,317.26
4759,372,14,2024-09-05 09:13:00,80,111.8,15,1168.17
4760,642,4,2024-06-14 05:07:00,86,74.03,10,1264.64
4761,8,17,2024-08-30 04:48:00,63,39.3,15,654.07
4762,1314,37,2024-08-06 05:38:00,19,16.01,15,200.27
4763,2000,27,2024-07-12 00:36:00,78,99.53,10,1374.11
4764,1243,36,2024-02-17 14:48:00,48,49.74,7,591.34
4765,748,14,2024-11-10 14:41:00,77,82.73,14,1328.84
4766,1037,48,2024-10-31 21:43:00,54,76.29,11,955.67
4767,502,8,2025-02-13 20:39:00,78,64.57,26,686.99
4768,1624,47,2024-11-03 12:04:00,65,53.22,10,522.14
4769,981,17,2024-09-01 15:30:00,45,36.6,5,321.85
4770,456,33,2024-05-20 16:29:00,66,61.53,2,975.53
4771,1879,40,2024-02-11 17:48:00,82,110.65,15,1252.68
4772,1010,38,2025-03-21 21:34:00,118,174.18,4,2665.78
4773,1668,39,2024-01-21 20:49:00,13,18.54,30,257.56
4774,655,19,2024-06-28 23:07:00,66,53.27,10,719.43
4775,583,3,2024-06-14 23:36:00,18,20.06,8,221.25
4776,379,19,2024-07-28 04:55:00,94,118.95,15,1074.3
4777,276,13,2024-11-08 07:15:00,17,22.05,13,250.54
4778,415,24,2025-03-25 06:56:00,101,94.09,15,1047.94
4779,1858,38,2024-12-09 17:01:00,83,79.38,5,1034.93
4780,1496,46,2024-03-02 19:25:00,10,10.73,45,138.29
4781,1289,21,2024-11-20 15:32:00,93,127.75,4,2016.24
4782,1612,31,2024-04-07 14:54:00,64,52.66,15,661.23
4783,1190,42,2025-02-20 16:46:00,41,56.62,12,686.19
4784,1166,32,2024-12-02 18:31:00,74,98.37,31,1747.13
4785,1620,49,2024-01-29 21:41:00,47,39.94,11,583.83
4786,909,46,2024-03-12 19:25:00,30,43.52,11,646.82
4787,36,29,2024-11-09 07:45:00,33,40.29,4,485.4
4788,303,29,2024-09-21 05:22:00,47,44.52,0,504.22
4789,624,43,2024-02-10 23:22:00,64,67.19,2,845.8
4790,655,14,2024-10-26 17:53:00,108,157.84,14,1522.51
4791,1642,41,2024-06-10 17:05:00,101,140.53,14,2066.63
4792,1037,43,2024-09-13 09:00:00,73,65.44,10,1024.01
4793,1415,36,2025-02-16 00:23:00,35,44.36,10,629.29
4794,978,10,2024-08-11 16:13:00,89,129.14,1,2026.75
4795,1518,45,2025-05-13 00:22:00,20,26.36,1,318.63
4796,851,29,2024-04-03 02:49:00,26,28.11,10,333.98
4797,497,36,2024-08-18 00:52:00,33,34.16,10,349.93
4798,1166,36,2025-01-29 04:07:00,46,68.11,5,756.14
4799,457,31,2024-02-22 15:15:00,10,13.84,13,206.01
4800,1160,3,2025-02-28 16:23:00,77,61.15,13,831.19
4801,1400,33,2024-04-14 13:49:00,107,113.88,3,1393.19
4802,332,13,2024-10-01 12:27:00,53,63.6,1,1103.02
4803,973,31,2024-07-09 11:36:00,55,55.22,7,847.63
4804,1543,21,2024-05-28 03:51:00,10,8.87,14,113.66
4805,1350,9,2024-06-30 00:18:00,15,11.41,2,94.22
4806,1108,21,2025-02-16 10:33:00,67,49.32,10,633.48
4807,598,49,2024-07-03 15:40:00,29,18.61,0,177.34
4808,1928,8,2024-01-09 09:05:00,57,37.24,14,571.69
4809,1918,49,2024-06-04 18:15:00,24,23.17,10,306.54
4810,244,28,2025-01-27 21:52:00,24,16.26,11,232.47
4811,1985,28,2024-02-15 07:41:00,46,28.29,8,350.92
4812,1341,23,2024-01-24 01:02:00,116,102.16,9,851.93
4813,1313,36,2024-10-27 04:08:00,90,92.68,12,1551.59
4814,1169,40,2024-12-15 01:59:00,93,87.98,9,1252.67
4815,681,28,2024-11-28 11:47:00,99,135.34,1,2328.27
4816,462,42,2024-07-20 06:35:00,37,35.63,15,334.96
4817,338,20,2024-07-04 10:49:00,75,106.85,3,1372.5
4818,1074,47,2024-04-23 07:22:00,18,23.47,9,392.23
4819,1368,12,2024-05-13 08:41:00,91,126.01,13,1513.86
4820,508,43,2024-11-07 01:49:00,15,18.85,8,218.09
4821,1212,46,2024-10-07 00:17:00,99,146.08,13,1892.93
4822,340,21,2024-02-23 09:00:00,97,108.43,3,1668.46
4823,105,37,2024-10-23 16:28:00,36,23.98,0,420.23
4824,1027,8,2025-03-30 12:26:00,78,110.75,3,1132.84
4825,37,15,2025-03-15 20:34:00,47,44.26,16,654.77
4826,1126,7,2024-07-05 01:06:00,58,47.97,8,828.67
4827,789,10,2024-07-08 14:14:00,24,17.74,11,180.78
4828,222,9,2024-08-13 12:37:00,74,74.53,5,1170.33
4829,332,49,2025-04-28 18:22:00,73,95.82,29,1234.43
4830,746,3,2024-10-11 01:40:00,82,96.99,14,892.05
4831,1851,15,2024-11-29 07:05:00,107,96.64,15,864.01
4832,869,3,2025-04-02 08:11:00,58,83.75,2,891.98
4833,1861,50,2024-05-09 14:05:00,63,56.68,8,602.22
4834,215,24,2024-04-04 13:16:00,46,67.7,4,947.53
4835,1622,27,2025-01-13 19:18:00,103,153.2,26,1357.83
4836,1379,37,2025-02-12 03:53:00,38,54.68,14,742.39
4837,521,39,2024-09-16 15:53:00,64,46.18,6,743.77
4838,1655,13,2024-08-15 07:38:00,60,86.27,5,959.72
4839,356,31,2024-12-09 13:00:00,100,132.15,9,1929.25
4840,248,20,2024-08-11 08:54:00,107,150.25,0,2399.13
4841,892,45,2024-03-04 06:22:00,34,29.04,10,334.9
4842,790,6,2024-10-12 06:09:00,114,165.32,4,2696.57
4843,426,35,2024-05-10 03:55:00,98,90.56,2,1487.42
4844,1179,43,2024-06-29 08:59:00,26,35.98,11,565.87
4845,1775,31,2024-06-22 00:23:00,61,86.15,1,1129.04
4846,561,42,2025-03-24 16:59:00,32,39.28,14,375.66
4847,148,10,2024-07-19 06:13:00,49,30.84,5,449.21
4848,434,32,2024-09-28 03:46:00,110,90.57,13,1150.11
4849,925,16,2024-05-04 04:56:00,62,44.2,14,758.42
4850,880,29,2024-05-29 13:56:00,88,79.39,3,1096.09
4851,1730,19,2025-01-25 12:34:00,67,78.8,14,1223.42
4852,1196,44,2024-03-18 18:18:00,44,50.44,22,800.67
4853,413,27,2024-09-07 11:40:00,73,54.11,12,654.12
4854,534,46,2025-02-21 19:56:00,10,14.19,31,146.14
4855,1330,28,2025-04-04 14:41:00,74,58.34,5,485.24
4856,155,26,2024-03-04 22:45:00,109,85.65,3,1099.46
4857,1223,1,2024-06-23 07:19:00,15,21.35,7,211.24
4858,209,42,2024-06-12 21:56:00,103,70.68,0,639.94
4859,825,18,2024-10-03 00:10:00,41,40.22,1,671.16
4860,1785,39,2024-04-23 16:33:00,117,143.19,11,2513.04
4861,148,8,2024-06-30 08:49:00,95,133.45,15,1793.8
4862,194,24,2024-09-05 07:16:00,113,76.61,10,1057.07
4863,173,2,2024-12-10 12:49:00,64,39.11,13,643.76
4864,483,46,2024-07-13 11:03:00,47,45.0,4,544.68
4865,1338,12,2025-02-18 04:19:00,120,174.81,4,1651.27
4866,1892,22,2024-02-23 20:50:00,80,119.51,19,1994.41
4867,1831,28,2025-05-07 20:06:00,111,144.16,31,1215.43
4868,852,9,2024-02-03 01:33:00,47,29.6,10,493.27
4869,1730,40,2025-03-31 18:31:00,93,57.28,18,864.41
4870,1811,34,2024-02-02 01:36:00,88,90.63,11,891.74
4871,1958,28,2024-09-28 12:26:00,57,36.75,6,447.89
4872,191,49,2024-07-19 17:59:00,113,136.31,5,1245.48
4873,86,29,2025-05-03 07:30:00,35,22.7,14,200.39
4874,575,49,2024-04-11 18:01:00,34,39.35,19,325.1
4875,107,22,2025-03-08 23:42:00,60,45.56,1,584.25
4876,1296,12,2024-11-29 09:31:00,46,48.87,10,827.28
4877,920,40,2024-09-24 22:34:00,117,125.97,5,1087.26
4878,345,30,2024-04-26 17:07:00,52,75.16,4,1049.27
4879,1693,14,2024-03-29 04:36:00,68,81.84,5,1443.72
4880,672,17,2024-01-20 03:18:00,85,102.31,7,1381.87
4881,1948,19,2024-09-07 11:18:00,40,47.07,12,747.19
4882,740,39,2024-05-17 14:34:00,16,10.43,5,160.25
4883,553,49,2024-08-07 06:25:00,62,92.27,7,1179.25
4884,718,24,2025-05-15 20:41:00,56,66.28,27,1081.41
4885,689,35,2024-05-04 17:31:00,56,35.55,15,550.2
4886,1986,3,2024-11-11 18:03:00,103,79.25,38,1259.71
4887,195,41,2025-03-25 02:50:00,39,50.28,0,544.41
4888,430,16,2024-02-26 11:43:00,63,70.72,8,578.76
4889,100,6,2024-06-08 12:01:00,21,29.36,6,525.25
4890,1882,14,2024-06-16 05:00:00,118,170.2,5,3040.14
4891,1658,25,2024-01-28 21:36:00,36,24.1,12,371.92
4892,268,49,2024-07-16 12:53:00,39,31.51,12,281.85
4893,108,36,2025-05-03 04:12:00,23,13.96,15,123.65
4894,920,8,2024-11-04 18:18:00,50,50.93,26,430.97
4895,1562,8,2024-11-05 21:40:00,83,76.84,2,1074.24
4896,1454,1,2024-01-03 10:26:00,108,107.66,7,1547.81
4897,323,27,2024-04-25 11:38:00,57,38.66,13,401.53
4898,373,17,2024-02-26 07:41:00,13,9.56,5,153.56
4899,1992,34,2025-02-05 12:30:00,22,14.28,13,160.87
4900,868,2,2024-03-27 09:37:00,31,45.58,11,767.39
4901,902,29,2024-05-27 02:42:00,48,53.85,11,684.34
4902,1021,22,2024-04-08 04:08:00,101,105.69,15,1579.11
4903,1388,50,2024-06-27 05:25:00,25,22.11,14,385.57
4904,1071,40,2024-12-26 16:38:00,113,140.43,12,2268.89
4905,1135,16,2024-02-20 15:06:00,50,68.96,3,616.24
4906,529,11,2025-01-05 08:07:00,30,25.9,9,464.65
4907,1817,20,2025-05-09 13:28:00,37,24.68,6,306.94
4908,1891,48,2024-08-28 22:16:00,21,23.44,0,347.47
4909,824,39,2024-06-13 09:57:00,50,59.46,11,758.46
4910,1668,1,2024-04-08 08:00:00,25,29.61,2,513.18
4911,826,6,2024-08-24 00:24:00,23,18.07,1,165.04
4912,1377,9,2024-08-19 06:34:00,38,52.11,2,654.02
4913,61,16,2025-05-08 10:30:00,85,80.12,13,848.89
4914,63,5,2024-10-18 02:42:00,109,148.99,10,1625.14
4915,266,50,2024-07-23 23:03:00,100,140.49,14,1900.77
4916,1965,10,2025-03-12 09:04:00,25,24.48,8,246.21
4917,1562,45,2024-03-29 09:42:00,100,148.81,2,2434.85
4918,520,31,2024-06-11 09:42:00,60,86.9,4,933.96
4919,1542,34,2024-03-15 04:14:00,117,76.78,13,1301.08
4920,1807,19,2024-03-05 23:04:00,111,74.52,8,894.49
4921,460,34,2025-02-17 19:51:00,54,37.15,31,525.07
4922,488,18,2025-04-15 22:27:00,60,53.2,2,875.41
4923,1015,19,2024-08-05 08:20:00,34,43.69,7,392.58
4924,888,49,2025-03-19 08:37:00,111,98.02,13,817.22
4925,663,42,2025-02-24 09:06:00,22,26.88,6,342.94
4926,1902,42,2024-02-23 07:41:00,96,82.71,13,1276.07
4927,1618,16,2024-11-19 03:48:00,97,59.24,15,795.78
4928,1737,44,2024-01-24 20:30:00,78,76.86,30,962.96
4929,770,4,2024-02-27 17:51:00,108,116.01,0,1246.28
4930,1425,44,2024-06-14 20:54:00,45,52.87,41,584.98
4931,1021,16,2024-05-01 08:44:00,38,35.49,15,372.15
4932,1555,39,2024-09-01 01:06:00,95,93.47,11,893.79
4933,1948,24,2025-03-04 07:04:00,95,126.14,15,2014.48
4934,655,4,2024-05-10 00:50:00,82,65.01,0,573.78
4935,1532,8,2024-09-22 10:39:00,60,66.08,14,706.17
4936,37,48,2024-11-13 11:10:00,82,50.77,11,422.66
4937,718,31,2025-04-16 18:09:00,74,48.89,27,609.62
4938,314,25,2024-07-22 16:03:00,60,87.1,5,947.67
4939,873,41,2024-02-18 02:38:00,54,74.29,1,1197.92
4940,1477,47,2025-04-17 20:53:00,111,104.68,41,1374.24
4941,1827,40,2024-01-14 16:34:00,104,132.14,1,1577.42
4942,1637,13,2024-02-15 03:09:00,95,127.25,14,2209.76
4943,681,39,2024-03-12 17:09:00,109,146.43,5,1478.46
4944,1958,6,2024-04-04 10:24:00,72,75.49,11,605.66
4945,1414,46,2025-03-02 06:33:00,118,107.34,13,991.06
4946,359,45,2024-08-23 22:07:00,43,29.36,8,467.16
4947,1018,42,2024-12-28 15:12:00,28,21.88,15,225.92
4948,1004,17,2024-04-02 03:43:00,49,61.26,0,863.28
4949,380,3,2024-08-12 19:15:00,71,59.27,33,859.11
4950,933,5,2024-11-12 22:39:00,46,33.54,1,596.19
4951,1357,22,2024-10-17 04:42:00,118,155.08,7,2717.5
4952,1852,42,2025-02-17 00:55:00,108,120.66,11,1796.73
4953,1514,44,2024-10-07 15:31:00,87,114.9,7,1373.49
4954,1376,12,2024-09-07 06:29:00,84,76.73,4,784.58
4955,1478,41,2024-02-20 13:43:00,110,155.54,4,2151.11
4956,175,16,2024-06-13 03:06:00,94,131.54,2,1367.2
4957,425,4,2024-02-24 00:30:00,52,39.99,1,391.15
4958,533,26,2025-05-13 18:17:00,77,103.88,28,1570.11
4959,1796,7,2024-03-28 06:08:00,115,144.48,5,1485.47
4960,349,3,2024-10-12 15:50:00,41,43.93,10,740.87
4961,1762,31,2024-01-31 23:36:00,48,37.75,3,395.83
4962,25,34,2025-05-14 11:35:00,66,96.55,6,1235.57
4963,348,8,2024-04-25 03:27:00,114,165.49,5,1556.53
4964,1331,4,2024-09-21 00:39:00,113,128.42,14,1114.18
4965,219,40,2024-04-28 02:59:00,67,91.0,9,973.66
4966,1226,35,2024-10-13 07:34:00,10,7.78,8,138.84
4967,897,48,2025-02-15 07:34:00,25,17.15,6,213.58
4968,1375,17,2024-10-21 08:25:00,31,27.14,11,302.11
4969,64,29,2025-03-14 15:56:00,11,6.75,7,115.98
4970,660,42,2025-04-27 16:33:00,26,35.58,8,480.96
4971,208,43,2024-03-04 16:01:00,95,104.49,5,1425.92
4972,1528,15,2024-09-21 10:03:00,113,162.43,8,2098.85
4973,1212,36,2025-01-26 05:21:00,75,77.83,11,793.23
4974,144,24,2024-08-06 09:06:00,51,71.19,7,723.55
4975,69,29,2025-01-30 00:24:00,62,60.42,15,520.13
4976,1824,43,2024-12-23 12:13:00,107,151.39,2,1362.31
4977,1616,5,2025-01-02 13:44:00,21,31.48,10,357.91
4978,452,2,2024-10-31 07:31:00,36,45.14,6,476.51
4979,117,15,2024-09-06 15:39:00,19,28.03,0,441.18
4980,441,32,2024-10-19 20:41:00,37,23.12,16,372.41
4981,1190,9,2025-03-26 01:57:00,11,9.44,11,124.36
4982,93,31,2024-03-14 03:25:00,33,44.4,14,787.56
4983,612,9,2024-06-01 13:35:00,44,63.29,7,599.63
4984,1801,21,2024-02-01 13:21:00,116,83.63,0,949.44
4985,1825,15,2024-07-15 14:39:00,91,64.4,0,1039.7
4986,326,48,2025-01-07 01:39:00,54,55.57,0,915.3
4987,643,45,2025-05-14 22:20:00,11,15.71,3,214.97
4988,1544,27,2024-10-03 23:16:00,45,40.03,10,701.11
4989,915,48,2024-12-22 23:34:00,109,73.19,14,778.4
4990,380,3,2025-05-11 10:16:00,17,24.38,11,415.48
4991,1995,24,2025-04-17 22:42:00,51,49.87,8,403.76
4992,1612,12,2024-01-25 03:46:00,60,70.88,10,993.33
4993,1223,44,2024-05-04 01:59:00,13,8.64,8,143.78
4994,161,20,2025-03-23 01:22:00,104,121.29,1,1440.44
4995,981,2,2024-10-19 02:53:00,42,54.81,8,961.06
4996,736,20,2024-09-22 08:00:00,16,9.8,9,82.07
4997,600,46,2024-07-30 08:54:00,55,45.47,14,538.84
4998,1622,14,2024-05-31 23:34:00,113,112.62,5,1307.84
4999,39,19,2025-04-03 17:37:00,87,63.32,9,757.51
5000,276,21,2024-08-15 13:03:00,20,29.39,1,439.87
5001,1234,22,2025-01-13 02:05:00,74,51.87,3,826.09
5002,787,23,2024-03-31 21:42:00,57,37.27,3,435.36
5003,676,39,2024-01-12 09:15:00,23,20.8,0,257.75
5004,1717,5,2025-02-01 15:16:00,19,22.21,8,284.52
5005,1647,31,2025-03-14 23:42:00,59,82.03,3,1169.62
5006,1415,15,2025-02-01 05:44:00,41,29.09,14,349.66
5007,119,11,2024-07-04 09:24:00,22,21.38,8,367.87
5008,570,25,2024-10-30 13:18:00,56,71.96,5,756.51
5009,632,6,2025-04-27 21:34:00,39,29.9,2,498.38
5010,1754,16,2025-03-18 14:40:00,26,21.96,8,344.21
5011,1912,46,2024-10-31 22:10:00,109,122.13,10,2172.86
5012,190,46,2025-03-15 08:58:00,116,100.85,9,826.99
5013,11,37,2024-12-04 09:24:00,53,72.38,8,1228.32
5014,481,38,2024-03-20 20:47:00,47,51.9,42,671.76
5015,38,42,2025-05-05 15:48:00,41,42.25,15,514.63
5016,522,37,2024-08-28 06:28:00,77,49.34,7,530.0
5017,304,23,2024-02-27 18:06:00,119,129.02,17,1578.5
5018,1735,35,2024-10-19 14:19:00,66,65.45,14,806.69
5019,1422,26,2025-01-20 01:44:00,88,59.26,3,830.46
5020,1832,24,2024-03-24 12:53:00,42,29.97,6,273.69
5021,892,38,2024-09-11 00:33:00,111,102.07,14,1141.71
5022,240,2,2024-11-17 11:54:00,93,92.3,6,1473.57
5023,1503,38,2024-11-29 21:52:00,63,65.3,9,1081.19
5024,1608,29,2024-09-01 15:58:00,115,171.92,8,1433.9
5025,1649,29,2025-03-09 14:59:00,17,12.26,11,220.19
5026,1536,2,2024-12-22 02:23:00,57,83.59,8,1185.06
5027,74,41,2025-03-01 19:44:00,89,123.73,30,1556.88
5028,664,9,2024-07-08 12:40:00,37,38.54,8,668.2
5029,1126,18,2024-07-01 10:46:00,53,65.64,15,781.36
5030,1707,49,2024-12-10 13:13:00,40,53.81,8,953.28
5031,7,46,2025-04-08 10:01:00,82,115.51,6,1825.46
5032,1405,29,2024-03-23 15:59:00,103,105.38,4,1343.39
5033,1172,21,2024-12-10 16:56:00,81,84.9,8,1393.63
5034,1769,11,2025-01-11 20:27:00,114,109.76,25,1327.82
5035,868,40,2024-10-03 00:50:00,91,69.95,14,864.01
5036,1793,20,2024-05-15 17:11:00,92,130.09,9,1296.41
5037,739,3,2024-01-29 15:38:00,116,111.16,3,1369.88
5038,459,31,2024-09-10 14:43:00,77,63.94,8,825.45
5039,861,19,2024-10-15 02:37:00,24,22.82,13,315.36
5040,45,44,2024-08-29 05:21:00,87,65.98,1,593.23
5041,1242,5,2024-06-27 13:39:00,70,75.4,15,1074.36
5042,291,14,2024-01-28 15:42:00,15,9.29,2,92.59
5043,1545,48,2024-06-06 23:37:00,12,8.73,15,96.0
5044,365,28,2024-10-20 22:11:00,107,139.32,9,1250.63
5045,8,6,2024-12-22 12:43:00,83,97.51,3,895.13
5046,1422,12,2024-10-20 09:26:00,43,27.33,2,489.46
5047,1111,10,2024-10-10 14:38:00,22,18.41,11,255.92
5048,197,6,2024-11-30 04:01:00,113,86.98,7,1185.44
5049,1856,48,2024-01-31 11:38:00,59,87.64,13,1267.54
5050,520,10,2024-04-21 18:59:00,47,63.19,45,932.47
5051,1477,31,2024-07-01 21:47:00,46,64.31,9,762.01
5052,971,47,2024-09-02 07:19:00,90,98.54,10,841.25
5053,499,1,2025-02-21 23:11:00,67,68.84,4,1021.44
5054,163,30,2024-10-21 06:52:00,19,18.26,11,154.59
5055,1724,22,2024-06-29 06:10:00,64,63.95,4,689.33
5056,1725,42,2024-11-20 09:43:00,109,134.36,7,2003.27
5057,295,26,2025-05-03 17:45:00,69,88.74,15,1232.76
5058,493,47,2024-09-18 21:33:00,82,110.61,2,1771.24
5059,1752,34,2025-05-10 13:28:00,31,32.73,15,345.99
5060,1615,35,2024-07-15 19:05:00,16,13.84,38,163.23
5061,1786,11,2024-11-01 12:55:00,89,130.07,12,1448.32
5062,1710,48,2024-05-24 03:47:00,50,51.87,2,760.27
5063,103,10,2024-01-10 09:01:00,43,28.8,0,362.94
5064,210,37,2024-02-05 04:38:00,109,144.32,7,2289.94
5065,509,30,2024-01-29 05:27:00,56,55.67,3,607.42
5066,811,15,2025-02-13 11:20:00,13,8.72,6,102.03
5067,1849,5,2024-12-04 02:01:00,24,29.94,9,350.11
5068,908,15,2025-05-03 02:52:00,38,39.12,1,596.15
5069,1467,5,2024-12-06 22:29:00,45,49.97,2,852.08
5070,924,24,2024-07-31 00:51:00,73,109.43,0,1077.76
5071,213,46,2025-04-22 22:54:00,66,52.26,6,541.44
5072,1220,31,2025-02-19 20:42:00,15,10.13,10,90.94
5073,1805,19,2024-10-16 05:26:00,30,20.07,5,345.07
5074,327,47,2024-12-12 08:00:00,10,9.74,6,128.98
5075,686,18,2025-03-09 22:37:00,64,91.77,1,891.15
5076,1332,21,2025-03-13 02:17:00,41,37.2,1,608.05
5077,1698,31,2024-02-12 02:53:00,81,100.45,0,1801.97
5078,67,20,2024-06-22 01:05:00,50,63.59,2,958.77
5079,1172,21,2024-11-08 20:26:00,17,22.91,19,293.69
5080,1230,50,2024-04-07 22:55:00,45,59.27,15,1064.9
5081,1244,28,2024-08-01 01:54:00,51,42.38,10,498.4
5082,649,31,2024-06-28 00:53:00,44,33.1,9,397.44
5083,535,49,2024-01-30 12:37:00,43,51.46,13,801.17
5084,1599,47,2025-01-24 15:21:00,119,99.02,3,1523.65
5085,327,32,2025-02-01 15:06:00,111,78.17,3,924.5
5086,756,36,2024-01-11 02:36:00,73,87.9,10,1014.47
5087,1004,3,2024-10-12 05:25:00,72,91.02,12,1502.08
5088,668,3,2024-05-14 08:46:00,47,32.07,9,547.16
5089,572,48,2024-03-11 19:59:00,43,55.43,35,717.09
5090,1289,2,2024-09-28 17:03:00,99,90.28,1,780.74
5091,1678,8,2024-04-26 14:42:00,75,89.41,5,1082.49
5092,517,40,2025-04-30 14:02:00,47,34.25,2,414.76
5093,1154,43,2024-09-15 03:18:00,29,40.21,0,500.73
5094,783,43,2024-10-02 02:28:00,93,56.69,13,756.74
5095,1847,17,2024-04-22 13:23:00,83,85.09,7,1187.83
5096,1333,30,2024-07-19 13:47:00,23,27.94,10,293.81
5097,1773,30,2025-02-05 02:20:00,14,8.77,15,108.08
5098,165,45,2025-03-01 14:22:00,106,155.33,0,1251.1
5099,920,31,2024-10-10 08:11:00,74,63.31,11,736.04
5100,895,7,2024-09-28 20:27:00,71,73.41,12,905.49
5101,1000,9,2024-12-18 02:38:00,102,75.83,5,1026.16
5102,477,20,2024-10-27 03:16:00,36,21.95,4,199.91
5103,325,29,2025-05-02 05:47:00,56,64.96,7,647.18
5104,1954,30,2025-04-11 08:50:00,98,63.6,3,617.29
5105,1578,3,2024-06-25 18:37:00,113,95.02,28,1413.97
5106,1287,50,2024-07-19 18:47:00,118,127.45,44,1056.89
5107,362,43,2025-01-31 05:21:00,106,102.24,4,880.11
5108,443,27,2024-02-19 23:00:00,120,132.41,1,1256.2
5109,1006,43,2024-01-20 02:54:00,61,84.64,5,1284.57
5110,1506,42,2024-07-22 22:15:00,68,44.61,11,770.45
5111,1268,23,2025-03-29 19:06:00,50,35.55,38,604.0
5112,1543,5,2024-08-11 22:26:00,29,43.04,12,721.33
5113,1984,23,2024-10-04 12:59:00,105,81.23,1,757.68
5114,737,16,2025-03-17 12:32:00,72,55.38,4,891.28
5115,1268,10,2024-04-01 10:55:00,45,41.56,0,493.4
5116,550,2,2024-11-09 14:35:00,112,161.09,6,2613.45
5117,1856,42,2025-03-17 17:31:00,22,29.38,6,421.9
5118,589,8,2025-01-21 01:03:00,91,54.97,12,617.1
5119,600,33,2024-05-27 07:54:00,101,129.25,7,2267.89
5120,1550,1,2024-05-21 13:03:00,38,46.79,10,765.74
5121,1464,27,2024-01-01 22:34:00,87,106.72,15,1800.99
5122,787,18,2024-10-16 21:15:00,70,65.5,0,710.43
5123,958,40,2025-05-15 01:40:00,116,168.49,7,1445.11
5124,963,1,2024-03-05 15:41:00,77,86.18,5,1420.9
5125,872,17,2024-07-07 03:12:00,10,12.17,1,136.38
5126,1292,4,2025-04-04 03:57:00,89,97.09,10,1665.63
5127,673,20,2024-09-03 06:57:00,79,83.51,0,1120.65
5128,369,32,2024-06-06 00:24:00,30,31.78,10,503.41
5129,911,11,2024-06-25 10:14:00,33,20.19,4,355.76
5130,739,5,2024-06-12 11:57:00,17,11.99,10,114.74
5131,959,6,2024-02-17 14:35:00,75,76.99,11,626.28
5132,741,8,2024-04-16 19:47:00,98,69.42,43,996.25
5133,180,33,2024-01-13 11:47:00,21,28.13,3,260.81
5134,1983,46,2025-04-24 00:31:00,43,50.26,1,893.39
5135,1506,24,2024-02-04 10:27:00,84,96.04,6,976.03
5136,1581,10,2024-08-30 13:44:00,89,65.05,12,885.82
5137,1830,38,2024-05-15 14:14:00,75,76.42,6,643.49
5138,1917,10,2024-12-11 11:11:00,118,92.43,1,1086.49
5139,105,24,2024-07-30 06:26:00,113,72.41,2,686.96
5140,1699,8,2024-04-14 15:13:00,88,119.75,2,1121.94
5141,641,35,2025-02-20 02:36:00,38,53.36,12,735.62
5142,1782,13,2024-08-08 09:13:00,64,58.56,6,517.69
5143,628,48,2025-05-10 10:44:00,86,127.06,8,1490.2
5144,862,36,2025-01-24 03:23:00,14,17.9,10,320.81
5145,1877,19,2024-07-14 22:14:00,111,131.84,3,1758.89
5146,1265,36,2024-10-23 15:56:00,62,80.78,7,1434.44
5147,1556,3,2024-03-06 06:00:00,45,33.3,6,346.55
5148,455,45,2024-09-22 16:40:00,107,87.25,12,701.55
5149,298,21,2024-01-14 19:46:00,101,120.5,41,983.47
5150,12,2,2025-02-02 09:15:00,109,147.32,13,2546.98
5151,879,33,2024-06-04 14:02:00,113,118.61,4,1409.92
5152,1512,11,2024-08-25 10:30:00,103,108.73,13,1905.35
5153,415,27,2024-09-14 00:22:00,36,53.06,15,527.17
5154,119,36,2025-01-31 16:09:00,35,26.98,1,368.07
5155,61,6,2024-11-07 18:34:00,31,26.82,41,228.07
5156,1408,30,2024-07-04 03:33:00,98,140.14,4,1267.3
5157,1154,33,2024-12-04 20:56:00,111,132.15,36,2166.59
5158,827,30,2024-09-27 21:11:00,74,87.62,2,1471.45
5159,1116,37,2024-07-17 00:00:00,58,75.26,12,1244.44
5160,1033,44,2025-04-09 16:04:00,30,31.13,1,346.03
5161,1773,11,2024-07-08 05:34:00,96,80.6,10,1050.69
5162,48,28,2024-10-06 02:43:00,67,76.19,5,1090.5
5163,207,43,2024-11-08 19:50:00,68,101.6,38,821.32
5164,253,3,2024-10-12 01:33:00,37,31.0,0,439.52
5165,1873,23,2025-03-29 23:16:00,42,59.53,14,804.24
5166,92,18,2025-04-04 17:15:00,34,28.2,10,377.65
5167,1880,45,2024-08-22 23:40:00,27,25.6,5,230.39
5168,144,43,2024-09-15 22:01:00,64,78.91,13,866.15
5169,656,41,2024-11-06 18:30:00,91,110.6,24,1593.02
5170,1088,32,2025-01-06 17:00:00,117,144.2,14,1909.26
5171,1889,42,2025-02-01 10:45:00,117,95.6,3,885.95
5172,1506,34,2024-09-27 15:01:00,46,68.71,2,778.92
5173,1956,21,2024-09-06 17:40:00,22,17.85,14,178.55
5174,160,19,2025-02-23 05:07:00,117,120.54,10,1431.65
5175,282,18,2024-09-03 19:38:00,45,66.1,26,691.57
5176,1711,8,2024-09-11 17:10:00,67,53.83,1,620.04
5177,1770,40,2024-09-01 13:27:00,27,16.98,9,275.91
5178,1888,29,2024-09-23 08:45:00,61,50.49,0,789.65
5179,681,29,2024-08-17 09:26:00,59,42.78,15,560.84
5180,649,28,2024-06-24 20:08:00,50,70.63,29,670.77
5181,685,36,2025-02-07 13:25:00,68,51.48,5,706.59
5182,113,30,2024-03-23 04:45:00,63,64.57,8,544.76
5183,1365,2,2024-02-20 10:49:00,43,29.83,5,369.38
5184,1893,15,2024-10-12 13:42:00,78,83.7,7,1185.32
5185,1646,13,2025-03-03 17:42:00,106,121.4,12,1138.52
5186,734,42,2025-03-27 08:27:00,93,97.73,13,964.32
5187,845,28,2024-02-14 01:14:00,56,53.83,15,575.27
5188,1136,4,2024-10-13 09:12:00,72,85.44,2,1286.75
5189,1705,50,2024-10-23 05:26:00,28,28.92,11,232.54
5190,817,3,2024-01-27 23:04:00,29,38.85,13,645.6
5191,1752,25,2024-11-21 01:37:00,112,110.94,9,1558.56
5192,75,37,2025-04-09 02:00:00,16,18.2,13,216.99
5193,1710,43,2024-10-30 10:19:00,53,76.77,7,643.9
5194,197,31,2025-03-29 16:55:00,44,60.23,4,876.06
5195,1781,32,2025-01-07 09:55:00,107,126.87,5,2035.5
5196,9,42,2024-06-10 05:52:00,101,72.47,14,1077.28
5197,1689,13,2024-01-29 15:49:00,35,25.97,13,465.34
5198,765,50,2025-04-06 12:36:00,23,14.75,14,126.72
5199,1090,44,2024-12-07 12:48:00,18,24.81,15,221.6
5200,1371,17,2024-01-01 20:09:00,55,34.66,11,418.4
5201,361,10,2024-08-22 13:58:00,110,91.47,9,1492.83
5202,1324,20,2025-01-25 21:26:00,53,38.49,13,567.23
5203,1873,23,2024-02-01 10:12:00,46,48.26,15,710.34
5204,540,6,2024-02-11 13:00:00,30,31.73,11,314.84
5205,1718,36,2024-10-02 23:31:00,53,48.93,15,843.08
5206,1155,48,2024-04-05 01:16:00,102,67.6,11,1136.76
5207,336,34,2025-01-12 05:48:00,39,25.15,3,301.64
5208,1929,18,2025-01-08 07:01:00,94,77.22,4,1083.47
5209,1014,30,2024-12-26 08:18:00,92,119.33,7,1226.59
5210,1470,10,2024-10-30 22:19:00,54,65.4,13,1143.65
5211,1875,32,2024-12-20 20:46:00,46,63.96,13,700.32
5212,1755,31,2025-04-27 14:08:00,43,50.42,12,766.07
5213,1871,40,2024-09-03 04:50:00,111,140.4,6,2051.94
5214,606,7,2024-10-15 00:26:00,67,78.06,2,641.48
5215,1222,37,2024-08-14 17:18:00,47,69.84,5,963.05
5216,508,5,2024-07-13 20:16:00,26,18.43,42,170.78
5217,729,33,2024-06-27 19:30:00,109,70.34,21,762.62
5218,1213,5,2024-01-01 10:41:00,56,57.27,2,665.28
5219,1738,34,2025-01-15 08:14:00,43,52.06,11,880.98
5220,718,8,2024-11-29 04:49:00,38,32.61,8,350.63
5221,1468,30,2024-12-20 00:32:00,108,66.75,6,581.47
5222,1503,16,2024-10-29 10:39:00,93,80.28,10,1391.22
5223,1106,48,2025-02-05 20:58:00,44,60.33,11,930.55
5224,429,45,2025-01-07 03:09:00,76,56.79,3,905.32
5225,374,26,2024-06-06 20:09:00,22,32.45,42,285.15
5226,525,17,2025-01-28 15:35:00,74,83.27,14,1195.46
5227,934,4,2024-09-06 01:23:00,119,74.43,0,1058.18
5228,1940,42,2025-01-04 00:40:00,61,87.8,12,1289.55
5229,380,29,2024-07-26 05:59:00,42,52.18,6,485.27
5230,686,29,2024-03-19 00:49:00,73,83.64,1,882.68
5231,1006,3,2024-09-03 16:39:00,111,140.78,7,1746.98
5232,1894,34,2024-09-12 15:42:00,52,38.83,6,551.51
5233,1274,28,2025-03-03 06:24:00,82,108.65,9,1262.46
5234,549,7,2025-03-19 21:51:00,85,92.72,7,1652.09
5235,1873,24,2024-08-19 22:56:00,82,60.54,5,726.34
5236,301,48,2024-11-05 00:06:00,63,83.35,11,754.03
5237,1236,47,2024-10-22 10:10:00,71,101.93,14,1684.15
5238,1113,48,2024-09-09 03:23:00,92,82.65,7,820.77
5239,420,5,2025-05-14 20:28:00,83,120.08,24,1046.18
5240,1363,14,2024-11-24 09:52:00,73,65.45,12,1099.47
5241,1263,28,2025-01-18 03:54:00,69,64.96,1,612.25
5242,1644,2,2025-02-14 00:50:00,15,11.32,13,125.39
5243,1251,50,2024-10-15 11:56:00,114,152.7,14,1307.72
5244,11,23,2024-03-02 20:08:00,51,41.03,13,687.08
5245,1609,27,2024-04-08 03:39:00,99,59.65,6,1006.37
5246,1710,25,2024-11-02 06:10:00,103,113.37,5,1710.66
5247,1896,32,2024-05-26 21:53:00,111,105.04,5,1028.33
5248,1866,33,2024-12-12 19:30:00,50,38.75,14,599.41
5249,713,11,2024-12-08 08:48:00,111,87.22,15,814.63
5250,1345,2,2024-08-15 10:28:00,87,67.3,3,747.35
5251,1334,20,2024-05-08 20:38:00,44,58.44,17,814.49
5252,1157,25,2024-12-03 08:20:00,96,107.25,12,1046.56
5253,539,43,2024-04-13 17:17:00,10,14.69,4,230.18
5254,915,43,2024-02-08 11:28:00,119,170.3,13,2261.49
5255,12,42,2024-08-15 01:20:00,96,67.09,4,771.25
5256,1324,8,2025-02-08 00:12:00,21,24.94,13,312.48
5257,39,31,2024-06-30 18:06:00,45,38.25,33,464.45
5258,1949,5,2024-11-13 13:51:00,61,76.58,12,1222.37
5259,1984,6,2025-01-03 10:03:00,101,85.17,8,1528.64
5260,1575,6,2024-01-01 05:25:00,93,86.94,14,1024.58
5261,623,30,2024-07-08 13:54:00,92,125.25,12,1456.35
5262,938,13,2025-01-06 04:37:00,92,94.66,9,836.41
5263,121,22,2024-01-02 13:33:00,51,58.8,4,612.29
5264,112,40,2025-02-05 09:57:00,64,82.22,5,754.19
5265,1440,32,2024-11-21 00:55:00,63,85.31,12,1493.58
5266,685,15,2025-03-11 14:14:00,117,158.16,0,1774.52
5267,1590,19,2024-03-25 17:38:00,10,14.56,2,208.93
5268,1705,27,2024-03-17 18:12:00,17,24.5,34,223.3
5269,1777,4,2024-09-02 03:54:00,117,75.52,12,696.11
5270,1237,4,2024-04-22 13:54:00,68,44.33,1,473.97
5271,245,30,2024-12-02 18:40:00,119,144.34,38,2033.44
5272,1382,13,2024-02-23 19:36:00,46,44.67,12,610.96
5273,1274,25,2024-12-10 01:35:00,69,58.24,13,947.8
5274,1768,10,2024-03-17 19:55:00,75,59.78,42,878.49
5275,1004,35,2024-09-21 09:45:00,70,70.5,4,744.46
5276,444,30,2024-06-27 19:25:00,77,97.54,44,1449.99
5277,363,29,2024-05-09 16:11:00,99,80.28,1,1099.74
5278,902,5,2025-04-05 10:16:00,72,95.97,11,783.07
5279,1664,13,2025-03-12 06:24:00,67,91.93,2,795.78
5280,671,25,2024-08-16 23:33:00,18,15.29,5,260.89
5281,374,19,2025-01-20 12:19:00,87,102.51,3,1476.87
5282,921,6,2024-08-03 10:03:00,82,69.76,5,1021.22
5283,1603,14,2024-12-04 03:23:00,82,79.33,7,1006.84
5284,1104,6,2025-02-11 07:07:00,93,125.24,2,1458.52
5285,1050,47,2024-02-08 22:15:00,58,76.93,0,635.7
5286,1849,29,2024-10-31 01:19:00,65,81.92,9,1145.59
5287,123,50,2024-06-26 21:51:00,79,52.02,3,730.8
5288,457,40,2024-05-10 04:31:00,81,89.76,2,1615.37
5289,1441,41,2025-05-15 02:39:00,97,72.21,1,592.92
5290,1026,28,2025-05-05 21:03:00,91,89.22,2,1510.08
5291,1706,19,2024-06-06 02:27:00,91,89.54,12,802.29
5292,977,49,2024-08-26 21:09:00,116,133.21,5,2358.28
5293,839,31,2024-01-26 17:01:00,53,67.12,11,909.05
5294,574,44,2024-01-06 08:39:00,92,94.91,10,1425.23
5295,362,19,2024-01-04 01:14:00,17,13.22,11,114.29
5296,1611,34,2025-03-18 13:05:00,67,61.16,13,598.19
5297,312,44,2024-06-07 19:19:00,91,130.76,36,1391.25
5298,1966,7,2024-11-08 08:37:00,117,106.66,6,1046.49
5299,744,5,2024-11-02 18:02:00,20,12.18,35,125.75
5300,538,40,2025-03-03 04:09:00,66,94.21,15,1410.66
5301,970,4,2024-09-29 10:36:00,49,66.9,5,817.95
5302,353,16,2024-11-11 21:47:00,56,70.97,8,708.64
5303,570,17,2024-10-02 05:05:00,40,42.81,0,392.65
5304,642,42,2025-03-15 10:30:00,61,69.65,3,1025.39
5305,760,7,2024-04-17 19:34:00,107,150.19,33,2412.03
5306,509,11,2025-04-08 06:30:00,56,34.3,6,483.56
5307,497,8,2024-08-24 10:57:00,31,41.36,4,612.72
5308,1470,15,2024-03-16 08:15:00,42,51.61,3,794.16
5309,1166,23,2025-02-12 23:30:00,111,124.15,13,1397.8
5310,896,11,2024-10-09 00:31:00,35,48.92,11,400.66
5311,861,46,2024-05-12 22:20:00,108,96.49,1,1735.87
5312,625,34,2024-03-28 19:57:00,47,29.96,44,287.39
5313,777,12,2024-07-06 23:22:00,76,75.74,5,1042.59
5314,1777,47,2025-01-18 14:01:00,108,106.38,5,1521.27
5315,740,33,2025-05-02 14:46:00,37,34.87,1,407.0
5316,1103,9,2025-02-27 21:08:00,63,45.94,6,798.01
5317,1361,6,2025-05-12 13:29:00,57,77.76,2,687.68
5318,406,9,2024-11-21 14:47:00,13,19.36,6,316.64
5319,1571,7,2025-02-28 09:59:00,66,67.92,10,1057.6
5320,1744,45,2024-10-05 16:44:00,96,94.01,15,836.45
5321,901,38,2024-10-27 17:30:00,11,11.8,10,123.68
5322,378,35,2025-04-23 18:35:00,104,155.65,21,2341.68
5323,1341,50,2024-04-24 21:55:00,88,83.72,10,1048.93
5324,1532,24,2025-03-08 06:48:00,92,95.5,12,1021.69
5325,591,22,2024-02-28 05:40:00,51,73.14,4,1272.15
5326,314,1,2024-10-04 21:13:00,110,93.78,13,1529.67
5327,1386,18,2025-02-13 04:37:00,82,99.92,12,921.29
5328,1061,4,2024-08-17 02:35:00,96,133.84,12,1130.1
5329,1493,28,2024-10-18 18:51:00,93,72.74,26,829.14
5330,76,25,2024-12-02 16:12:00,76,94.88,4,826.03
5331,299,38,2024-09-21 23:24:00,11,9.63,5,123.72
5332,765,45,2024-09-10 03:48:00,17,13.96,6,200.18
5333,738,25,2024-11-02 10:41:00,93,119.04,5,1328.46
5334,71,44,2024-10-24 12:39:00,48,31.97,6,357.78
5335,1121,34,2024-10-06 19:37:00,96,126.17,10,1863.99
5336,1932,36,2025-03-31 16:48:00,107,114.18,12,1784.09
5337,1076,5,2024-02-16 00:29:00,22,18.79,5,322.08
5338,419,46,2024-07-23 00:15:00,109,160.87,0,2103.53
5339,684,36,2024-12-05 16:18:00,43,56.07,8,565.98
5340,1706,32,2024-03-09 03:53:00,35,26.47,15,474.76
5341,1749,27,2024-04-18 17:50:00,38,49.33,2,747.4
5342,156,44,2025-04-17 16:03:00,112,97.89,9,1466.81
5343,96,50,2024-10-29 15:36:00,72,64.55,12,847.29
5344,1612,17,2024-03-31 03:35:00,25,27.51,1,238.16
5345,1077,48,2024-08-29 08:29:00,31,35.29,7,319.3
5346,327,25,2024-07-01 19:44:00,66,57.96,10,589.57
5347,269,44,2024-04-18 03:08:00,19,19.77,3,246.68
5348,1539,2,2024-06-06 05:45:00,41,56.65,15,938.13
5349,1078,35,2024-10-09 02:55:00,20,21.6,5,178.02
5350,448,2,2025-03-14 08:07:00,58,52.76,14,510.43
5351,812,6,2024-10-10 18:06:00,11,12.29,24,110.22
5352,88,2,2025-05-13 02:29:00,87,103.78,5,1616.62
5353,132,15,2024-07-22 20:10:00,29,22.49,11,196.82
5354,1357,29,2025-05-03 01:11:00,13,17.75,2,289.77
5355,639,1,2024-02-08 08:24:00,88,83.49,7,1349.17
5356,74,30,2024-09-10 04:57:00,72,53.36,9,621.36
5357,1426,46,2024-10-19 17:00:00,65,82.05,6,1222.46
5358,1818,23,2024-04-27 07:13:00,56,34.97,12,528.14
5359,863,9,2024-06-15 02:02:00,49,66.58,8,784.22
5360,245,32,2024-05-05 01:56:00,56,67.14,10,604.59
5361,454,43,2024-03-05 00:37:00,60,59.93,1,997.8
5362,1914,38,2025-03-03 04:18:00,10,10.3,2,148.09
5363,413,22,2024-10-17 20:43:00,63,61.32,25,635.58
5364,103,15,2025-02-11 12:14:00,94,139.33,11,1784.14
5365,411,15,2024-11-05 03:37:00,50,69.31,0,1041.43
5366,57,36,2024-06-01 03:25:00,28,33.98,15,394.37
5367,190,46,2024-06-07 13:33:00,40,47.34,8,563.97
5368,12,2,2024-04-25 18:16:00,108,126.34,33,2106.4
5369,739,33,2025-01-01 21:46:00,101,147.01,12,2440.88
5370,589,42,2024-03-23 01:06:00,74,51.43,0,483.67
5371,347,1,2024-02-18 12:22:00,23,26.22,0,316.2
5372,33,39,2024-02-27 15:49:00,54,33.97,10,312.52
5373,1522,38,2025-04-18 05:24:00,114,161.11,15,2310.31
5374,1644,2,2024-05-23 12:06:00,60,70.97,4,1045.84
5375,1859,33,2024-11-17 09:12:00,103,117.8,13,1349.72
5376,1102,48,2025-03-21 20:35:00,116,148.8,41,2357.86
5377,338,1,2024-03-13 00:16:00,118,173.8,15,1530.02
5378,62,15,2024-07-15 21:21:00,39,33.38,12,518.08
5379,182,17,2024-05-29 04:46:00,100,137.44,15,1257.57
5380,1858,38,2025-04-24 14:18:00,53,42.19,9,490.81
5381,755,23,2024-01-08 17:03:00,16,11.69,0,208.09
5382,1473,38,2024-06-28 09:30:00,35,51.68,13,884.38
5383,521,9,2025-02-19 14:44:00,27,30.62,6,371.37
5384,191,3,2025-05-03 19:01:00,82,87.63,20,929.82
5385,117,42,2024-09-24 03:16:00,100,98.75,9,1226.43
5386,309,13,2024-08-02 00:28:00,47,32.95,1,522.04
5387,27,11,2024-03-29 11:10:00,52,46.32,6,676.62
5388,165,13,2024-05-10 23:05:00,67,65.6,5,882.97
5389,1859,37,2024-06-26 09:59:00,18,18.77,8,277.6
5390,198,25,2024-05-06 14:39:00,14,12.82,8,173.64
5391,1134,8,2024-08-16 06:39:00,36,28.45,12,403.55
5392,1851,7,2024-01-14 17:10:00,112,126.17,11,1557.02
5393,224,9,2025-02-19 01:50:00,117,169.45,9,2010.46
5394,1477,27,2025-03-04 15:24:00,43,43.74,11,517.19
5395,678,4,2024-10-11 08:58:00,55,35.87,2,519.67
5396,1814,20,2024-05-06 18:37:00,82,60.66,39,1020.78
5397,1804,38,2024-10-23 05:32:00,65,46.01,4,607.78
5398,1288,22,2025-01-26 03:16:00,40,43.03,4,482.94
5399,684,10,2024-01-06 07:11:00,96,132.68,13,1509.03
5400,1156,8,2024-10-01 03:55:00,117,129.46,1,2044.11
5401,381,34,2025-03-14 06:51:00,87,112.6,1,1858.13
5402,694,13,2024-01-08 13:31:00,38,53.22,7,857.83
5403,465,36,2025-04-06 16:18:00,12,8.33,13,119.73
5404,951,26,2024-10-30 04:44:00,98,135.62,3,2081.03
5405,673,1,2025-03-08 15:56:00,22,24.66,1,345.7
5406,994,19,2025-05-12 09:22:00,100,84.96,13,1181.88
5407,239,20,2024-05-06 16:29:00,112,110.95,6,1500.38
5408,626,16,2024-02-29 22:59:00,91,80.6,11,977.8
5409,870,39,2024-06-10 19:58:00,69,80.21,34,786.1
5410,838,15,2024-03-25 22:30:00,37,27.77,8,485.36
5411,1002,49,2024-01-22 06:43:00,120,140.55,2,1926.91
5412,83,21,2024-07-28 12:48:00,51,61.96,3,1068.14
5413,544,5,2024-12-16 07:19:00,34,21.04,14,251.89
5414,1336,15,2024-03-17 18:49:00,74,73.97,45,655.26
5415,1297,48,2024-08-08 01:59:00,55,73.11,2,1011.12
5416,965,1,2024-03-22 21:17:00,33,45.51,13,705.11
5417,905,17,2025-01-08 21:13:00,69,56.89,1,493.45
5418,1987,5,2024-09-26 08:12:00,46,30.71,11,509.63
5419,987,46,2024-03-02 13:47:00,81,59.02,3,510.75
5420,1517,19,2024-08-24 12:59:00,31,19.3,6,203.68
5421,1104,31,2025-03-29 07:46:00,54,47.56,8,772.76
5422,663,23,2025-02-10 13:55:00,49,49.34,6,426.4
5423,201,50,2024-07-21 16:34:00,51,57.79,12,694.88
5424,970,41,2025-01-06 00:00:00,79,109.13,8,1117.05
5425,399,3,2024-03-04 09:35:00,95,88.29,3,1063.54
5426,1848,28,2024-01-06 16:33:00,16,22.42,8,380.48
5427,1041,44,2024-11-13 01:48:00,95,68.1,9,1190.39
5428,1652,46,2024-04-04 17:33:00,110,82.88,2,1050.33
5429,538,45,2024-07-12 01:59:00,113,123.24,6,1927.6
5430,889,13,2024-02-10 08:36:00,34,41.5,2,410.84
5431,1866,9,2025-01-25 04:37:00,104,81.25,0,898.24
5432,14,42,2024-04-27 00:49:00,92,98.64,7,1062.53
5433,230,42,2024-02-11 12:18:00,72,69.92,5,1066.53
5434,405,36,2024-12-19 13:35:00,113,77.54,7,1338.22
5435,973,42,2024-03-08 22:10:00,91,94.52,3,1283.83
5436,746,23,2025-04-04 06:42:00,84,64.42,7,537.38
5437,359,6,2024-04-12 12:31:00,18,17.41,7,181.82
5438,637,5,2025-04-12 23:30:00,107,114.38,12,930.3
5439,1047,32,2024-06-07 19:00:00,70,52.07,26,692.92
5440,146,1,2024-06-22 22:01:00,41,46.28,13,592.74
5441,153,12,2024-09-28 16:42:00,41,40.99,7,574.57
5442,1107,22,2025-04-08 20:36:00,38,55.01,13,867.56
5443,1829,10,2025-05-09 05:50:00,67,79.17,3,850.2
5444,1172,23,2024-05-07 18:20:00,41,55.14,36,766.48
5445,1494,10,2024-05-04 05:02:00,66,49.54,9,799.68
5446,849,7,2025-03-16 21:05:00,53,52.4,5,540.35
5447,107,45,2024-07-18 15:35:00,13,8.55,8,101.38
5448,77,6,2024-05-21 22:04:00,118,86.77,0,915.7
5449,897,7,2025-03-30 05:02:00,81,63.29,13,587.43
5450,1124,29,2024-06-06 16:21:00,61,46.8,14,629.24
5451,1998,36,2024-08-05 22:04:00,71,101.81,4,1626.68
5452,941,27,2024-01-13 22:26:00,107,82.33,10,1186.06
5453,1446,16,2024-07-27 17:36:00,120,134.87,13,1564.13
5454,972,19,2024-02-08 22:26:00,85,92.98,7,1634.63
5455,851,26,2025-04-21 22:15:00,96,78.91,11,959.93
5456,176,33,2024-05-19 11:14:00,53,54.78,15,829.63
5457,1822,34,2024-07-04 18:08:00,98,112.55,31,1468.89
5458,848,5,2024-10-01 21:59:00,112,118.92,6,1474.38
5459,640,35,2025-03-24 18:57:00,31,23.9,34,200.17
5460,268,18,2024-05-16 10:00:00,33,30.24,12,392.07
5461,128,10,2024-03-02 15:51:00,76,57.44,10,913.0
5462,1204,36,2024-10-06 02:58:00,60,76.99,0,1356.98
5463,898,47,2024-07-29 06:48:00,30,33.91,0,346.83
5464,1623,33,2025-02-23 23:01:00,48,38.04,8,338.57
5465,322,28,2024-11-08 17:00:00,75,94.35,10,1055.8
5466,247,1,2024-09-25 13:49:00,119,82.29,14,1413.69
5467,7,32,2025-03-10 23:47:00,74,58.18,6,860.14
5468,482,9,2024-11-14 09:02:00,31,37.47,11,520.1
5469,372,23,2025-04-06 01:04:00,61,57.1,11,665.15
5470,973,20,2024-09-23 12:13:00,91,66.76,2,1183.35
5471,1404,43,2024-09-10 21:47:00,106,63.9,10,763.15
5472,1785,22,2024-06-10 15:13:00,76,94.65,9,866.8
5473,1172,26,2024-01-04 00:47:00,65,93.29,3,1126.96
5474,1995,44,2025-03-17 02:42:00,53,41.04,2,509.1
5475,832,2,2025-02-15 22:10:00,47,40.55,11,477.11
5476,949,45,2024-10-29 02:32:00,20,17.28,7,269.42
5477,1836,25,2025-03-19 19:28:00,52,52.64,33,559.49
5478,1609,2,2024-07-15 17:12:00,44,57.08,5,695.19
5479,764,13,2024-04-30 16:34:00,30,39.95,9,562.5
5480,1206,28,2024-10-28 12:24:00,102,65.81,3,864.67
5481,1552,21,2024-09-21 17:02:00,46,32.07,0,318.44
5482,457,20,2024-09-26 14:16:00,52,36.13,12,332.74
5483,1155,16,2025-03-19 14:39:00,17,23.45,5,341.19
5484,1831,39,2024-04-16 00:38:00,92,112.15,9,1138.83
5485,1925,5,2024-12-17 05:05:00,111,86.31,10,975.61
5486,901,39,2024-11-08 19:01:00,15,15.42,31,185.21
5487,1601,49,2024-10-12 15:08:00,41,26.72,6,465.24
5488,714,29,2025-03-18 16:12:00,66,81.05,11,736.87
5489,1613,4,2024-05-25 03:15:00,61,63.26,15,1109.83
5490,997,39,2024-07-03 18:42:00,98,115.58,18,1756.25
5491,272,18,2025-03-21 19:24:00,71,56.54,15,785.54
5492,966,21,2024-06-17 14:37:00,25,33.2,0,543.65
5493,627,22,2024-05-15 21:01:00,30,32.53,8,553.71
5494,417,36,2025-04-18 23:33:00,27,25.36,14,305.25
5495,572,8,2024-04-30 21:24:00,59,61.25,13,1005.22
5496,1238,38,2024-07-19 19:55:00,11,11.74,40,154.76
5497,476,37,2025-04-12 02:19:00,25,27.13,7,304.82
5498,79,48,2025-01-06 19:18:00,88,56.99,28,906.11
5499,534,30,2024-05-22 05:29:00,16,16.12,11,177.35
5500,704,47,2024-03-18 15:35:00,62,40.76,10,429.02
5501,1695,42,2024-03-24 17:30:00,45,63.65,14,711.36
5502,186,40,2024-05-05 19:07:00,42,39.63,10,411.85
5503,1119,11,2024-10-13 00:14:00,50,48.63,3,717.76
5504,39,36,2024-11-29 20:23:00,78,81.54,39,652.67
5505,1474,31,2024-07-02 00:06:00,34,38.02,6,622.78
5506,1231,41,2024-03-29 10:25:00,67,90.7,15,1352.89
5507,624,50,2024-12-12 12:52:00,41,27.99,15,441.6
5508,138,34,2024-07-25 05:26:00,62,78.0,13,678.6
5509,1848,15,2025-02-11 07:48:00,81,77.2,3,804.26
5510,1922,13,2024-03-13 23:51:00,62,44.44,13,490.24
5511,1250,17,2024-07-25 12:23:00,113,151.71,15,1900.18
5512,1593,21,2024-04-25 12:19:00,44,64.57,7,1044.18
5513,1978,37,2024-11-28 10:18:00,23,16.53,14,195.1
5514,100,35,2024-11-29 01:54:00,19,23.38,7,396.7
5515,1880,33,2024-03-24 17:00:00,13,17.04,5,276.53
5516,728,16,2025-03-15 12:20:00,13,11.18,11,134.09
5517,874,40,2024-08-02 19:02:00,14,20.09,20,336.82
5518,386,6,2025-02-06 10:08:00,113,98.36,8,1664.59
5519,252,21,2024-11-22 14:20:00,75,91.54,4,1155.39
5520,1060,27,2025-05-14 02:41:00,113,85.55,14,1380.92
5521,1492,37,2025-01-15 06:51:00,40,32.14,10,397.21
5522,1724,40,2024-06-08 04:01:00,21,23.02,8,367.52
5523,917,26,2025-05-08 12:05:00,63,87.06,5,1466.29
5524,1723,46,2025-01-29 11:03:00,103,100.22,2,815.68
5525,160,35,2024-06-06 02:40:00,93,134.3,15,2266.64
5526,1369,12,2024-11-22 13:23:00,115,83.55,8,1198.56
5527,877,24,2024-12-24 11:18:00,64,81.47,4,1318.35
5528,1639,4,2024-04-22 17:17:00,104,154.02,14,2272.44
5529,893,17,2024-06-03 21:03:00,19,26.32,5,396.21
5530,1045,39,2024-02-28 09:43:00,36,48.41,6,551.7
5531,1670,41,2024-05-14 05:21:00,90,111.92,13,1035.68
5532,1092,43,2025-03-18 13:51:00,105,124.1,15,1853.51
5533,1047,6,2025-03-03 07:50:00,74,63.3,14,1009.69
5534,1735,5,2024-05-05 23:48:00,42,54.48,14,802.31
5535,1267,6,2024-09-14 23:20:00,12,11.24,4,165.21
5536,107,49,2024-06-26 21:59:00,50,64.6,13,977.02
5537,160,9,2024-01-31 12:39:00,12,14.35,13,130.39
5538,1279,47,2024-06-27 18:29:00,37,43.48,19,490.54
5539,1620,1,2024-04-28 03:20:00,78,65.96,9,678.0
5540,1565,39,2025-02-04 08:17:00,116,148.78,0,2213.78
5541,521,44,2024-01-09 01:37:00,31,40.35,6,366.16
5542,727,4,2025-05-04 15:35:00,73,59.76,10,887.16
5543,1192,2,2025-03-10 01:15:00,107,90.35,6,1577.14
5544,1528,40,2024-03-22 12:09:00,13,18.26,11,286.49
5545,754,46,2024-06-26 23:24:00,114,83.55,9,1175.55
5546,761,25,2025-02-11 11:46:00,66,72.05,7,1177.51
5547,1660,15,2024-10-31 07:38:00,84,108.83,6,948.61
5548,1185,44,2024-06-28 02:34:00,74,78.26,14,1054.12
5549,1087,12,2025-02-06 16:54:00,11,13.32,10,170.8
5550,1487,33,2024-05-04 19:28:00,76,59.18,14,805.35
5551,1152,28,2025-02-20 11:40:00,92,103.93,9,1251.54
5552,1626,41,2024-12-20 23:01:00,116,116.67,9,1331.76
5553,860,11,2024-12-08 10:43:00,105,98.64,14,792.62
5554,429,11,2024-08-17 03:34:00,113,132.77,14,1535.73
5555,926,22,2024-01-28 18:35:00,14,16.77,12,215.6
5556,1815,43,2025-04-09 04:02:00,42,40.33,1,680.23
5557,589,14,2024-10-24 00:40:00,61,81.94,8,1048.84
5558,1014,13,2024-11-10 05:02:00,29,25.17,8,408.94
5559,1596,18,2024-01-07 21:30:00,40,46.88,15,412.88
5560,1109,42,2024-11-15 23:43:00,10,7.09,5,60.83
5561,402,49,2024-07-22 15:58:00,33,37.93,2,582.22
5562,1267,41,2024-05-09 04:57:00,65,43.83,12,532.58
5563,861,18,2024-09-04 02:01:00,72,88.2,7,1011.27
5564,908,22,2024-08-03 11:08:00,99,122.42,7,1109.61
5565,1403,49,2025-01-19 06:00:00,93,56.23,12,494.85
5566,1774,34,2024-04-23 05:05:00,52,38.61,1,331.82
5567,1956,32,2024-05-31 02:51:00,104,98.27,12,1485.2
5568,549,14,2025-05-01 01:35:00,58,36.06,9,341.98
5569,1756,43,2024-04-30 03:25:00,72,52.29,4,863.47
5570,616,25,2025-03-04 23:16:00,45,46.2,1,545.52
5571,1620,26,2024-02-01 13:29:00,92,74.82,14,993.88
5572,1814,40,2024-03-25 02:16:00,25,27.23,1,234.17
5573,330,39,2024-01-14 16:42:00,42,43.0,1,656.36
5574,1343,7,2024-08-21 01:47:00,54,69.7,8,881.67
5575,1782,44,2024-08-07 23:21:00,79,92.18,14,1434.64
5576,922,38,2024-01-11 07:51:00,103,82.65,14,1380.82
5577,656,41,2024-10-28 23:58:00,45,58.11,2,949.2
5578,43,38,2025-01-24 19:45:00,89,100.18,23,1545.06
5579,1929,31,2024-09-27 09:34:00,101,138.15,10,1329.33
5580,1579,3,2024-10-02 00:18:00,50,67.77,6,721.46
5581,435,2,2024-05-15 19:52:00,79,59.78,39,985.57
5582,5,2,2024-03-19 12:49:00,69,63.1,8,786.65
5583,415,46,2025-02-01 19:27:00,113,97.36,15,1702.32
5584,432,34,2024-03-12 10:05:00,23,23.55,4,381.56
5585,1300,13,2024-01-27 06:53:00,113,103.29,5,919.0
5586,1642,12,2024-07-17 07:43:00,41,56.54,1,894.9
5587,1534,17,2024-10-10 20:40:00,11,11.9,42,180.1
5588,1804,45,2024-02-10 03:10:00,108,100.5,0,1108.1
5589,1438,15,2024-01-31 12:20:00,97,130.57,14,2249.19
5590,260,6,2024-02-21 04:28:00,23,28.34,3,226.94
5591,1088,7,2025-05-08 21:55:00,68,101.95,13,1808.77
5592,1870,24,2024-03-06 02:21:00,29,41.73,15,418.12
5593,1339,29,2024-02-28 02:00:00,67,86.32,12,1151.62
5594,1078,42,2024-08-09 08:26:00,104,140.23,3,1529.66
5595,1816,16,2024-06-28 19:53:00,49,48.26,31,478.46
5596,956,19,2025-05-15 05:21:00,32,28.34,14,488.97
5597,1103,38,2025-03-03 18:40:00,98,102.13,40,1645.56
5598,453,44,2025-02-28 18:23:00,21,19.93,34,166.22
5599,1486,11,2025-05-13 21:41:00,41,48.83,0,439.4
5600,1386,47,2024-01-09 19:22:00,101,119.37,13,1765.35
5601,1631,42,2025-02-19 02:22:00,92,137.64,3,1955.84
5602,1938,25,2025-01-07 21:40:00,104,83.23,7,714.08
5603,629,32,2025-04-11 15:09:00,53,66.04,13,578.05
5604,188,24,2024-11-22 20:38:00,100,91.01,24,937.5
5605,1593,33,2025-01-31 09:05:00,60,42.79,0,528.2
5606,1122,48,2025-01-26 16:05:00,51,63.63,13,762.04
5607,1356,13,2024-01-14 18:34:00,17,15.58,15,224.18
5608,442,17,2025-04-21 06:17:00,114,126.62,13,1329.1
5609,892,34,2024-02-01 22:59:00,76,79.72,7,864.46
5610,297,19,2025-04-06 22:16:00,22,27.14,14,322.33
5611,194,35,2024-09-08 23:18:00,40,24.74,13,268.69
5612,618,9,2024-11-04 20:12:00,27,25.7,25,393.05
5613,1071,31,2024-01-13 19:46:00,91,68.71,31,621.31
5614,1377,11,2024-10-13 22:37:00,15,16.51,11,175.8
5615,1618,10,2024-07-12 04:28:00,71,100.48,7,906.41
5616,1894,12,2024-06-21 16:06:00,26,31.29,14,373.4
5617,825,15,2024-05-16 00:16:00,112,77.71,14,1379.14
5618,1521,17,2024-05-13 14:27:00,53,65.91,4,727.22
5619,1731,40,2024-07-24 16:51:00,52,75.2,3,911.59
5620,365,5,2024-09-01 11:04:00,69,47.88,11,712.3
5621,295,41,2024-10-10 09:20:00,43,50.66,0,765.82
5622,1709,21,2024-01-04 20:01:00,55,72.88,38,772.39
5623,682,46,2024-09-26 01:31:00,63,61.59,14,811.54
5624,236,15,2024-10-06 21:15:00,25,19.02,13,161.0
5625,1098,50,2024-04-30 06:22:00,87,74.61,5,1072.3
5626,1790,9,2025-04-16 08:23:00,26,22.31,3,264.8
5627,32,43,2024-04-06 11:51:00,41,36.01,15,440.73
5628,1700,23,2024-06-08 13:06:00,113,94.45,3,1364.55
5629,1186,42,2024-02-25 01:41:00,22,19.0,14,316.23
5630,1164,42,2024-12-04 21:56:00,20,23.33,7,406.09
5631,642,34,2024-05-08 09:35:00,100,60.74,3,567.72
5632,973,5,2024-03-10 14:31:00,99,68.77,10,815.05
5633,1028,22,2024-04-09 19:00:00,116,131.26,38,1419.95
5634,999,37,2025-04-10 08:00:00,77,46.34,6,384.06
5635,1643,49,2024-10-02 19:46:00,30,22.5,12,374.0
5636,536,7,2024-11-05 19:48:00,59,52.7,28,438.96
5637,1423,37,2024-05-05 14:26:00,42,37.37,13,538.11
5638,1137,29,2025-05-09 04:33:00,11,15.8,7,213.32
5639,789,21,2024-08-02 05:26:00,15,22.33,0,260.16
5640,1114,2,2024-12-08 03:55:00,77,99.45,0,802.49
5641,507,1,2024-01-01 10:59:00,34,34.36,4,462.54
5642,814,34,2025-01-11 15:40:00,30,39.22,4,333.81
5643,1548,13,2024-01-06 14:04:00,17,25.27,2,429.5
5644,869,37,2025-01-12 05:10:00,36,49.89,14,587.93
5645,1327,26,2024-03-26 03:23:00,44,29.14,2,517.39
5646,1150,4,2024-08-16 00:53:00,109,132.01,4,1655.86
5647,275,40,2024-12-05 05:53:00,115,140.88,9,2322.95
5648,1910,10,2024-12-05 17:26:00,37,33.26,7,367.97
5649,344,46,2025-03-27 12:12:00,81,91.07,15,1315.84
5650,552,40,2024-06-14 11:38:00,21,13.6,4,213.69
5651,1529,15,2025-04-26 07:23:00,56,76.4,11,959.23
5652,1980,10,2025-04-01 16:41:00,38,31.78,6,460.06
5653,1672,39,2024-02-19 13:05:00,94,107.15,11,1201.34
5654,1865,36,2024-09-06 11:13:00,12,14.74,4,204.45
5655,177,18,2025-01-03 18:38:00,95,121.81,29,1053.03
5656,959,37,2024-06-16 20:42:00,30,35.61,21,450.18
5657,1599,33,2024-11-10 21:46:00,98,67.26,10,1110.33
5658,1889,35,2024-02-11 02:35:00,88,128.71,15,1835.83
5659,1052,18,2024-06-21 16:19:00,78,98.66,8,1368.32
5660,88,3,2024-10-22 05:26:00,33,36.21,12,415.18
5661,1107,2,2025-03-29 15:42:00,33,49.12,1,666.78
5662,1356,2,2024-07-01 14:51:00,12,8.07,15,87.58
5663,431,49,2024-12-02 21:20:00,67,59.59,4,868.58
5664,1264,9,2024-06-18 11:52:00,99,127.06,13,1652.06
5665,1439,45,2024-10-07 08:27:00,114,129.94,0,1041.39
5666,696,45,2024-11-30 17:07:00,26,33.86,12,561.12
5667,560,46,2024-04-05 09:39:00,92,136.45,9,2162.35
5668,1390,3,2024-01-03 04:58:00,54,38.04,1,453.87
5669,1333,29,2025-04-07 04:19:00,98,82.55,13,702.18
5670,1923,24,2025-02-18 15:44:00,72,101.36,9,1350.78
5671,993,19,2024-08-22 12:15:00,16,23.19,6,262.81
5672,271,43,2024-10-01 19:01:00,89,60.97,13,510.29
5673,1415,27,2024-05-07 08:41:00,68,59.61,2,777.84
5674,1680,17,2025-03-31 04:02:00,96,70.9,6,578.13
5675,1600,37,2024-09-01 11:29:00,41,32.53,13,583.15
5676,1587,42,2025-01-19 05:59:00,74,100.94,12,1154.98
5677,921,24,2025-01-07 11:22:00,27,24.26,13,329.32
5678,1927,25,2025-03-24 17:23:00,13,16.28,13,254.33
5679,548,33,2024-09-01 16:10:00,94,90.31,15,823.24
5680,93,4,2024-01-28 05:21:00,55,45.93,8,523.86
5681,511,16,2024-05-26 14:39:00,75,68.57,8,984.28
5682,1999,33,2024-05-26 09:29:00,10,8.58,3,127.79
5683,638,24,2024-01-19 10:42:00,105,99.44,6,1275.2
5684,876,39,2025-04-10 10:41:00,23,31.45,3,437.32
5685,1328,8,2024-04-11 17:41:00,66,90.42,11,1315.57
5686,714,21,2024-10-15 08:10:00,32,35.76,3,523.95
5687,505,42,2024-03-18 09:04:00,88,105.68,14,1740.7
5688,1824,30,2025-01-03 02:05:00,76,46.0,3,696.36
5689,773,29,2024-12-22 14:18:00,114,88.27,1,1438.64
5690,1118,40,2025-05-12 00:55:00,85,90.76,4,1124.05
5691,529,15,2024-12-16 13:36:00,108,91.17,8,1639.98
5692,421,41,2024-06-05 15:24:00,99,143.91,6,2180.71
5693,856,6,2024-07-19 20:47:00,21,25.84,43,378.63
5694,1649,30,2024-07-15 09:46:00,50,53.56,1,717.53
5695,388,6,2025-02-08 19:26:00,91,80.65,14,1375.23
5696,916,37,2025-01-11 01:40:00,110,68.74,10,683.08
5697,133,9,2024-08-02 00:23:00,50,61.36,15,674.46
5698,287,41,2025-02-13 17:48:00,48,68.82,11,920.64
5699,1984,29,2024-08-04 18:20:00,57,63.2,16,910.32
5700,852,34,2024-02-16 07:02:00,73,77.86,14,1297.79
5701,224,34,2024-12-21 22:15:00,54,60.66,9,551.47
5702,1509,16,2025-01-26 23:16:00,51,57.36,5,574.64
5703,1661,24,2024-12-20 16:03:00,105,80.12,11,896.75
5704,1024,5,2025-04-14 03:49:00,59,88.17,14,943.41
5705,426,22,2024-02-22 09:38:00,26,27.64,13,276.72
5706,1016,45,2024-01-29 04:13:00,22,22.4,1,208.26
5707,1523,5,2024-01-23 12:00:00,109,127.33,15,1512.52
5708,1701,19,2024-05-20 06:13:00,45,54.53,0,535.19
5709,1980,48,2024-07-11 06:15:00,102,94.86,8,828.92
5710,827,41,2024-04-01 18:51:00,80,95.81,41,802.63
5711,351,22,2024-03-18 03:23:00,102,127.48,2,1362.74
5712,1311,47,2024-04-26 11:54:00,22,22.6,6,331.89
5713,1891,33,2024-07-06 01:16:00,103,130.81,9,1747.6
5714,348,25,2024-01-27 20:56:00,106,77.12,25,874.39
5715,1342,31,2024-03-19 05:16:00,14,19.63,11,314.62
5716,1837,16,2024-01-24 12:57:00,19,27.84,7,393.33
5717,9,18,2024-07-06 20:33:00,87,62.79,33,1033.3
5718,339,13,2024-05-17 01:32:00,72,45.52,11,554.81
5719,1628,43,2024-04-25 07:21:00,56,81.48,12,847.28
5720,760,38,2024-10-11 02:33:00,108,79.75,8,1342.16
5721,1255,37,2025-02-02 14:19:00,77,100.96,1,851.9
5722,708,46,2024-07-03 15:45:00,36,48.35,6,825.55
5723,7,30,2024-11-15 23:08:00,61,71.17,0,980.73
5724,592,1,2024-06-04 08:29:00,57,35.55,14,571.4
5725,32,22,2024-07-30 21:53:00,60,54.74,10,720.28
5726,1568,40,2024-11-20 23:02:00,92,88.13,12,1469.58
5727,1018,48,2024-12-30 22:08:00,30,23.45,9,230.2
5728,517,16,2024-01-10 01:25:00,40,48.85,3,814.53
5729,1693,28,2025-03-12 18:30:00,117,159.26,25,1882.14
5730,496,22,2024-10-29 02:48:00,95,125.14,2,2058.72
5731,1472,10,2025-03-02 01:53:00,29,31.69,3,295.85
5732,296,14,2024-03-21 17:26:00,96,131.58,3,1407.34
5733,1466,50,2024-03-08 20:18:00,52,45.14,19,479.05
5734,1218,10,2024-03-28 09:15:00,12,8.81,4,138.67
5735,115,1,2024-01-14 03:12:00,26,26.07,5,350.53
5736,1377,11,2024-05-15 21:15:00,52,34.07,15,465.8
5737,1463,15,2024-06-20 07:48:00,30,34.31,12,314.48
5738,1928,32,2024-07-29 05:37:00,45,63.22,8,763.63
5739,1000,25,2024-05-26 01:57:00,108,117.03,14,1472.67
5740,1913,24,2024-04-20 12:04:00,45,27.14,6,217.19
5741,953,3,2024-11-01 01:25:00,41,57.67,7,678.61
5742,264,32,2025-04-30 06:58:00,25,31.23,10,381.97
5743,1720,47,2024-03-24 13:04:00,72,91.53,6,1125.2
5744,1204,10,2024-05-29 10:51:00,86,103.34,15,1558.05
5745,1772,30,2024-04-10 17:46:00,104,79.46,9,790.03
5746,1030,10,2024-02-02 08:27:00,31,35.17,5,346.8
5747,329,34,2025-03-13 07:12:00,76,94.9,2,946.01
5748,1923,21,2024-03-31 23:10:00,37,33.45,0,396.31
5749,994,44,2024-01-15 18:55:00,100,86.21,12,1446.13
5750,1408,7,2024-05-22 09:04:00,31,27.29,5,268.95
5751,318,17,2025-02-19 11:24:00,66,79.72,7,1096.37
5752,465,45,2024-11-25 11:02:00,45,43.81,5,654.58
5753,1257,45,2024-04-06 06:41:00,68,57.83,11,996.49
5754,1760,22,2024-10-10 23:56:00,120,97.3,14,1273.14
5755,1932,38,2024-07-05 19:05:00,103,145.75,11,1662.05
5756,1562,3,2024-10-23 20:47:00,44,39.87,40,463.05
5757,708,4,2024-09-17 22:11:00,54,71.7,15,666.17
5758,373,48,2024-12-23 21:12:00,11,6.66,0,90.55
5759,1790,5,2024-10-12 13:38:00,114,99.54,9,1188.32
5760,935,19,2024-08-26 23:40:00,106,97.0,3,1036.81
5761,512,48,2024-07-06 20:24:00,56,35.68,34,489.31
5762,1362,9,2024-08-22 21:00:00,105,79.32,4,1171.94
5763,756,41,2024-12-08 22:16:00,90,62.37,3,964.24
5764,128,49,2025-03-23 11:22:00,104,100.82,9,1793.04
5765,293,28,2024-12-03 13:28:00,63,88.62,0,1405.47
5766,1913,37,2025-02-27 08:03:00,104,91.7,12,1010.73
5767,73,16,2024-04-12 13:52:00,44,33.15,9,544.45
5768,666,49,2024-04-11 22:09:00,13,12.83,8,211.74
5769,1501,15,2024-03-12 13:40:00,18,15.58,7,171.13
5770,121,45,2024-12-06 06:30:00,19,17.3,8,171.28
5771,246,3,2024-11-07 02:21:00,96,130.46,13,1739.68
5772,1333,2,2024-11-12 23:23:00,40,50.16,2,776.2
5773,382,11,2024-07-05 05:47:00,120,155.3,8,2153.18
5774,577,29,2024-10-08 14:03:00,65,64.64,12,704.88
5775,335,33,2024-07-30 20:59:00,39,24.7,11,311.27
5776,163,48,2024-01-21 23:04:00,103,65.2,4,713.5
5777,1719,19,2024-09-25 00:23:00,60,68.72,9,1197.41
5778,215,8,2025-01-13 16:30:00,49,61.0,0,503.57
5779,525,38,2024-02-05 01:42:00,109,136.34,14,1321.88
5780,394,45,2024-02-06 23:53:00,113,97.64,5,1756.73
5781,581,37,2024-11-03 06:01:00,101,147.65,9,1264.77
5782,543,6,2024-03-07 02:03:00,68,43.25,8,642.29
5783,424,5,2024-01-15 11:23:00,110,66.92,2,779.24
5784,1070,33,2024-08-21 17:20:00,14,13.28,0,208.6
5785,912,23,2024-11-27 03:17:00,24,20.12,7,230.49
5786,148,22,2024-07-25 00:36:00,54,38.25,4,662.23
5787,972,4,2024-12-16 04:04:00,53,68.93,12,630.61
5788,1976,22,2024-03-03 03:05:00,100,99.1,15,1631.25
5789,525,14,2025-01-19 11:39:00,34,28.46,1,339.5
5790,1326,27,2025-05-08 10:00:00,90,74.64,15,736.53
5791,651,23,2024-04-20 03:54:00,99,62.61,6,813.47
5792,153,12,2024-03-15 00:28:00,28,24.91,1,335.22
5793,628,21,2025-02-20 23:47:00,32,27.86,0,375.77
5794,895,47,2025-02-09 01:47:00,88,86.74,4,969.41
5795,1936,15,2025-02-20 07:26:00,14,9.65,0,166.25
5796,1193,48,2024-12-01 19:36:00,40,52.16,16,909.63
5797,1445,18,2025-01-30 01:01:00,113,128.32,3,1237.96
5798,1473,40,2024-08-19 22:07:00,111,125.26,5,1648.86
5799,917,20,2025-01-10 02:21:00,100,113.2,8,1610.41
5800,1640,23,2024-05-15 20:12:00,48,59.37,12,563.21
5801,874,17,2024-11-26 05:30:00,41,44.25,13,630.72
5802,1750,26,2025-03-06 13:57:00,45,49.22,2,412.23
5803,144,50,2024-03-28 18:40:00,103,74.38,39,705.43
5804,556,13,2024-01-10 23:27:00,73,74.73,7,1093.47
5805,933,30,2024-09-16 02:00:00,73,44.0,4,462.64
5806,111,33,2024-11-08 07:40:00,55,37.12,7,367.86
5807,1561,7,2024-06-30 14:36:00,32,20.78,5,305.85
5808,1621,28,2024-07-16 02:53:00,100,94.86,5,774.2
5809,914,10,2024-10-28 10:46:00,24,29.07,12,419.89
5810,1790,26,2024-01-30 21:35:00,120,117.2,13,1846.94
5811,180,2,2024-10-10 08:00:00,96,78.28,0,1207.3
5812,370,43,2024-12-01 21:30:00,60,84.5,6,1316.01
5813,43,50,2024-09-27 13:14:00,112,88.04,11,743.1
5814,801,45,2024-07-26 20:31:00,64,38.89,31,448.88
5815,1078,42,2024-01-14 20:02:00,53,71.46,13,1056.73
5816,110,36,2024-04-21 01:26:00,90,104.37,11,885.01
5817,1454,38,2025-01-24 16:53:00,14,12.83,11,216.97
5818,1901,19,2024-06-08 02:37:00,83,105.74,2,1738.6
5819,536,14,2024-08-01 02:25:00,16,14.95,5,208.74
5820,1540,38,2024-11-08 01:28:00,61,41.66,3,650.86
5821,1034,8,2025-01-14 09:39:00,78,61.58,15,814.01
5822,1250,1,2024-05-01 04:53:00,21,21.1,8,287.7
5823,1958,45,2024-02-17 03:49:00,71,70.43,10,824.98
5824,1985,45,2024-12-07 01:17:00,34,45.67,10,658.42
5825,408,48,2025-03-23 03:21:00,114,114.14,4,1932.54
5826,1272,21,2024-01-27 22:34:00,41,54.98,12,459.51
5827,406,38,2024-01-31 06:27:00,73,62.93,13,781.66
5828,738,26,2024-08-29 11:54:00,36,46.61,10,812.18
5829,1820,21,2024-05-07 08:42:00,99,146.81,15,1592.09
5830,1226,9,2024-09-11 00:33:00,23,17.34,14,233.34
5831,1562,46,2024-01-14 06:31:00,79,53.73,0,491.99
5832,511,41,2024-03-14 00:32:00,29,39.51,8,674.29
5833,1665,50,2024-07-26 00:38:00,97,111.85,14,1283.47
5834,1443,34,2024-09-30 11:07:00,61,58.48,0,759.47
5835,812,17,2024-06-08 08:57:00,86,55.31,7,876.15
5836,592,48,2024-12-09 22:57:00,61,75.99,13,1336.37
5837,290,9,2024-12-19 05:29:00,98,132.89,14,1238.85
5838,215,2,2024-06-23 08:49:00,92,120.75,1,1170.52
5839,782,2,2025-01-16 05:33:00,93,81.1,13,937.27
5840,679,38,2024-03-13 02:45:00,77,86.93,12,1165.67
5841,1656,26,2025-04-07 08:55:00,89,99.55,6,1642.39
5842,1370,38,2024-08-18 08:22:00,34,47.23,2,629.22
5843,361,15,2024-10-04 09:35:00,66,63.99,9,706.23
5844,459,47,2025-01-01 07:42:00,96,123.98,7,1460.17
5845,1320,42,2024-01-19 19:54:00,17,18.03,38,205.44
5846,1594,48,2024-08-27 19:19:00,66,62.91,23,569.14
5847,1465,14,2024-11-30 08:11:00,100,111.52,0,1068.86
5848,1910,38,2024-03-25 20:31:00,78,112.57,31,1077.37
5849,416,19,2024-07-23 23:42:00,20,17.71,5,161.4
5850,1668,28,2024-09-08 12:47:00,10,13.39,13,113.04
5851,41,25,2025-04-29 13:55:00,50,52.76,14,686.95
5852,328,46,2024-06-07 04:47:00,57,77.68,11,1050.52
5853,1548,37,2024-04-21 17:52:00,52,42.93,1,613.02
5854,616,47,2024-05-30 20:21:00,12,14.65,45,175.71
5855,1080,13,2025-01-17 08:24:00,59,67.4,0,891.82
5856,528,19,2024-11-06 16:25:00,15,10.86,12,173.07
5857,462,12,2024-12-17 17:45:00,38,52.41,11,766.65
5858,413,2,2024-09-02 00:29:00,86,113.36,3,1607.41
5859,1631,19,2024-12-27 16:44:00,73,77.73,0,680.68
5860,128,33,2024-12-29 20:51:00,38,53.99,25,933.97
5861,568,21,2024-02-06 05:38:00,77,56.52,8,648.32
5862,1544,6,2024-09-17 06:12:00,109,114.07,3,1259.7
5863,1007,49,2025-04-08 22:19:00,28,39.07,0,491.44
5864,1874,20,2024-04-23 16:54:00,27,17.31,6,241.45
5865,1692,44,2024-01-31 20:45:00,112,72.79,42,893.72
5866,915,22,2024-06-20 00:02:00,109,96.88,10,1244.1
5867,1860,41,2024-11-19 12:45:00,17,20.18,12,334.71
5868,428,14,2024-07-18 02:17:00,33,48.67,15,526.05
5869,730,49,2025-02-28 02:53:00,65,81.97,4,1160.55
5870,895,27,2024-12-28 02:41:00,45,47.59,5,837.94
5871,542,42,2024-05-03 13:19:00,79,71.72,14,952.08
5872,1425,29,2024-12-14 11:47:00,73,74.95,1,1171.07
5873,140,17,2025-03-21 12:01:00,20,20.87,8,326.8
5874,1220,25,2024-06-05 00:57:00,102,66.73,4,752.32
5875,1386,33,2025-02-08 06:57:00,118,142.68,13,2324.24
5876,914,34,2024-05-07 20:51:00,81,83.14,40,983.07
5877,534,1,2024-03-09 07:19:00,70,90.0,9,1030.1
5878,1815,13,2024-08-19 08:42:00,10,13.02,5,158.6
5879,730,42,2025-01-30 13:21:00,33,36.73,12,469.66
5880,796,12,2024-08-20 11:48:00,42,38.09,8,310.01
5881,1596,20,2024-10-26 20:32:00,106,157.79,25,2217.04
5882,740,40,2024-07-02 10:15:00,61,72.65,5,712.84
5883,101,38,2024-05-14 14:02:00,52,43.23,8,559.77
5884,815,23,2024-09-15 22:44:00,35,40.23,0,349.22
5885,1152,47,2024-12-01 14:24:00,108,131.99,5,2157.8
5886,128,18,2025-03-15 07:32:00,79,70.95,4,1182.13
5887,1064,29,2024-02-02 11:49:00,98,104.46,8,1516.17
5888,1329,50,2024-05-16 07:01:00,26,34.86,14,592.13
5889,492,36,2024-06-11 09:17:00,118,89.57,8,770.92
5890,1261,50,2024-05-12 17:48:00,10,8.71,13,114.59
5891,789,45,2025-01-05 20:39:00,101,147.66,12,1977.56
5892,925,26,2024-04-12 08:42:00,32,33.24,9,411.91
5893,954,7,2024-02-27 11:28:00,80,80.84,15,1278.93
5894,1100,6,2024-06-23 13:07:00,117,163.2,5,1411.64
5895,1002,14,2024-07-12 15:54:00,20,16.22,15,161.79
5896,598,2,2024-12-23 20:13:00,19,21.13,17,253.1
5897,851,50,2025-01-02 03:27:00,31,27.27,12,386.51
5898,1118,34,2025-01-05 18:41:00,103,101.81,35,989.89
5899,1509,5,2024-09-14 04:11:00,49,49.88,5,461.87
5900,1012,26,2024-11-29 17:27:00,66,42.12,14,380.13
5901,1725,29,2024-02-17 20:17:00,76,91.13,32,1148.47
5902,289,22,2024-08-21 17:23:00,98,74.02,10,1329.83
5903,1224,33,2024-01-29 00:50:00,89,68.55,2,701.06
5904,905,16,2024-05-08 10:17:00,26,38.9,15,634.97
5905,1676,49,2024-02-19 02:22:00,50,53.31,5,883.61
5906,1943,5,2024-10-12 03:52:00,82,73.79,14,658.27
5907,1237,1,2024-08-18 00:27:00,68,69.7,13,1237.27
5908,1241,13,2025-02-27 03:13:00,22,28.91,12,491.97
5909,610,21,2024-05-04 17:12:00,34,32.65,9,313.88
5910,661,1,2025-03-13 07:23:00,41,33.57,5,542.27
5911,182,3,2024-02-21 05:21:00,48,58.96,14,664.78
5912,1753,39,2024-02-05 09:37:00,85,102.14,11,1684.37
5913,1563,49,2024-08-17 15:02:00,39,26.74,15,214.42
5914,878,35,2024-12-02 23:08:00,57,62.51,5,525.78
5915,1842,18,2025-02-14 06:21:00,49,45.76,6,725.57
5916,1792,31,2024-11-11 16:32:00,97,128.35,7,1587.62
5917,888,16,2024-08-02 20:54:00,116,100.95,29,1533.79
5918,1839,38,2024-09-16 03:01:00,94,90.56,6,1405.12
5919,1606,27,2025-03-16 14:48:00,34,37.67,0,443.38
5920,1454,2,2024-05-20 04:55:00,84,72.67,4,1131.0
5921,184,40,2025-02-28 05:17:00,67,56.04,6,808.26
5922,1622,41,2024-06-23 01:27:00,87,104.17,5,895.61
5923,1186,48,2024-04-16 16:30:00,27,37.46,3,351.53
5924,38,14,2024-09-18 04:46:00,85,98.06,6,1360.61
5925,1681,39,2025-03-26 01:06:00,57,79.79,11,1134.36
5926,1926,20,2024-09-07 13:05:00,65,71.69,1,1091.92
5927,796,33,2024-01-18 07:02:00,49,61.48,0,495.61
5928,1992,21,2024-12-15 22:17:00,63,67.33,2,1079.87
5929,1575,13,2024-03-01 08:13:00,40,38.99,11,504.37
5930,402,12,2024-02-22 23:56:00,23,16.28,11,173.56
5931,681,40,2024-11-19 23:41:00,92,106.81,2,1664.72
5932,971,39,2025-01-11 03:38:00,58,78.78,1,1104.71
5933,137,16,2024-07-13 09:04:00,72,84.9,10,1489.37
5934,1166,9,2024-01-10 11:36:00,48,52.22,6,828.3
5935,52,37,2024-01-14 02:26:00,115,122.8,3,1911.16
5936,697,43,2024-04-20 23:26:00,12,13.94,9,140.82
5937,614,24,2024-11-19 06:41:00,44,61.84,15,623.08
5938,121,1,2025-03-11 18:26:00,14,20.32,33,202.48
5939,413,41,2025-05-13 00:22:00,38,28.92,11,510.51
5940,1526,12,2025-04-19 09:43:00,81,88.46,0,1472.11
5941,616,39,2024-09-10 01:16:00,62,52.62,10,590.77
5942,200,44,2024-07-26 18:46:00,36,26.88,28,223.53
5943,682,49,2024-11-22 14:48:00,111,133.75,9,1203.41
5944,1868,41,2024-10-16 06:23:00,35,38.85,0,401.88
5945,1319,50,2024-10-23 02:44:00,60,79.97,12,1037.7
5946,1408,2,2024-11-15 21:23:00,29,19.29,10,284.81
5947,1742,25,2024-09-28 22:02:00,43,52.7,6,741.02
5948,296,38,2024-01-08 01:50:00,75,90.69,4,1021.68
5949,1868,35,2025-02-28 20:20:00,71,75.44,22,1062.75
5950,1678,35,2024-01-24 06:30:00,13,10.31,15,103.73
5951,170,10,2024-01-27 11:35:00,111,122.04,9,1610.15
5952,421,45,2024-02-01 14:16:00,76,76.98,2,1234.59
5953,525,2,2025-01-05 18:22:00,98,116.47,27,948.37
5954,118,48,2024-02-06 17:06:00,41,50.81,12,444.57
5955,1800,3,2024-01-02 01:17:00,75,100.33,9,1533.2
5956,224,47,2025-03-11 23:08:00,97,74.99,8,979.62
5957,213,1,2025-03-23 23:37:00,46,55.69,5,622.8
5958,1811,16,2024-12-24 18:24:00,28,24.94,33,307.1
5959,557,18,2024-02-21 04:42:00,101,129.97,14,1119.36
5960,1867,4,2024-11-09 06:42:00,26,18.44,4,256.1
5961,221,32,2025-02-16 13:07:00,24,16.48,9,216.73
5962,480,11,2024-05-08 22:02:00,86,83.04,10,1435.0
5963,278,44,2024-07-29 02:08:00,25,23.73,13,426.25
5964,1155,20,2024-09-21 02:58:00,99,134.72,1,1080.25
5965,132,11,2024-12-29 06:14:00,99,61.44,13,770.92
5966,1691,25,2024-06-21 11:40:00,59,69.94,7,690.14
5967,1124,47,2024-11-27 06:24:00,74,64.87,9,675.2
5968,577,26,2025-04-01 05:11:00,112,118.13,15,1256.71
5969,1235,42,2024-01-29 10:12:00,75,90.49,0,1034.06
5970,1257,24,2024-01-04 19:48:00,103,151.73,20,2009.98
5971,141,28,2024-10-05 07:25:00,29,26.05,14,336.52
5972,176,2,2024-12-24 16:31:00,33,33.67,3,590.38
5973,1706,24,2024-10-25 02:58:00,54,68.42,2,802.65
5974,689,6,2024-10-09 09:37:00,55,68.55,11,663.2
5975,869,17,2024-05-06 20:20:00,27,19.55,40,195.16
5976,1130,20,2024-03-13 08:49:00,77,79.43,5,1085.43
5977,123,43,2024-03-23 00:57:00,29,33.51,14,599.49
5978,787,21,2025-01-31 03:41:00,92,75.4,8,712.99
5979,640,41,2024-06-20 15:33:00,106,74.21,7,672.85
5980,744,49,2025-03-18 12:08:00,102,95.43,1,972.13
5981,1810,9,2024-05-23 02:14:00,12,7.36,3,74.4
5982,577,28,2024-06-03 09:11:00,20,17.08,14,246.33
5983,1029,44,2025-03-23 21:01:00,118,110.23,4,1696.42
5984,1826,31,2025-05-09 15:01:00,94,67.13,1,1034.13
5985,1154,30,2024-07-23 19:59:00,93,95.39,43,1656.48
5986,1426,12,2024-06-28 12:42:00,85,84.36,9,740.56
5987,434,23,2024-01-08 14:44:00,65,85.0,12,1063.95
5988,1435,29,2024-12-27 12:12:00,37,41.01,0,715.86
5989,908,8,2025-04-11 03:39:00,120,102.53,10,869.17
5990,1944,50,2024-07-01 20:11:00,26,16.66,14,157.28
5991,1728,31,2025-02-21 00:46:00,46,33.49,11,580.03
5992,1485,15,2024-04-30 20:45:00,27,21.31,45,188.75
5993,624,15,2024-04-18 03:26:00,19,18.78,12,288.96
5994,1273,43,2024-08-29 09:43:00,49,69.58,13,961.75
5995,82,32,2024-02-28 03:38:00,77,102.13,10,1733.68
5996,1622,8,2024-03-01 11:31:00,79,111.58,4,1160.29
5997,123,13,2024-09-10 03:20:00,92,85.75,12,694.97
5998,824,20,2024-03-07 06:25:00,32,40.05,9,456.14
5999,1044,35,2025-01-04 09:45:00,58,73.47,6,915.42
6000,1664,18,2024-08-24 20:35:00,73,66.56,11,878.03
6001,48,23,2024-11-26 22:29:00,90,59.3,15,787.87
6002,1295,20,2024-05-22 01:03:00,29,36.54,8,575.09
6003,1234,17,2024-03-28 08:19:00,39,38.9,6,469.14
6004,877,4,2024-05-26 09:34:00,106,101.5,14,930.48
6005,1103,34,2024-02-08 13:04:00,77,57.9,15,878.25
6006,1321,15,2024-05-31 14:29:00,46,51.95,14,920.75
6007,1518,19,2024-07-10 22:08:00,69,97.04,7,1399.53
6008,1311,7,2024-11-23 16:53:00,112,158.28,3,1769.01
6009,1015,21,2025-03-13 09:07:00,114,90.32,10,973.0
6010,1572,41,2024-06-29 10:42:00,66,75.07,0,1143.98
6011,1232,47,2024-02-01 15:57:00,66,77.73,9,1112.25
6012,765,22,2025-05-10 06:01:00,12,7.97,6,72.04
6013,1901,17,2024-02-23 04:30:00,32,46.89,5,425.97
6014,376,37,2024-11-16 17:22:00,58,58.18,4,615.74
6015,752,24,2024-06-24 20:58:00,90,67.17,16,871.91
6016,592,41,2024-09-29 11:27:00,51,37.76,12,418.39
6017,319,49,2025-03-26 23:17:00,37,36.78,4,480.08
6018,277,10,2024-01-13 05:08:00,16,13.56,0,165.21
6019,1853,37,2024-07-26 01:29:00,30,28.15,5,426.21
6020,1954,44,2024-02-24 23:17:00,75,76.14,1,1083.4
6021,925,15,2024-08-12 05:23:00,14,9.09,7,162.83
6022,1996,8,2025-01-11 18:21:00,59,73.67,22,1170.78
6023,122,24,2025-01-10 00:27:00,103,94.0,12,1591.97
6024,796,41,2024-02-28 21:46:00,108,160.15,8,1717.66
6025,720,9,2024-04-21 12:16:00,84,118.97,2,1074.87
6026,1522,2,2025-02-13 01:50:00,96,72.34,12,934.4
6027,1530,3,2024-06-01 01:50:00,62,45.22,5,405.44
6028,743,8,2024-12-22 14:20:00,25,28.55,15,396.91
6029,367,37,2024-07-27 00:21:00,76,75.04,7,660.81
6030,555,44,2025-02-11 06:17:00,32,24.37,15,396.45
6031,1848,19,2024-04-21 02:50:00,97,62.15,14,781.48
6032,340,10,2024-10-14 14:16:00,89,127.99,10,2191.87
6033,1161,13,2025-01-10 12:31:00,47,35.15,12,292.79
6034,996,50,2024-07-19 22:41:00,70,84.06,14,1475.61
6035,1855,33,2025-01-25 16:03:00,25,17.34,6,144.46
6036,717,12,2024-12-17 18:09:00,36,38.76,33,668.16
6037,337,10,2024-04-17 14:31:00,52,33.27,9,530.88
6038,1643,2,2024-07-22 20:15:00,90,69.16,27,933.84
6039,1249,26,2024-10-08 08:26:00,14,11.91,3,205.6
6040,1461,11,2024-08-02 03:25:00,102,129.46,10,1852.57
6041,266,30,2024-10-26 07:12:00,94,106.14,15,908.23
6042,248,20,2024-12-09 12:04:00,104,98.49,1,1095.08
6043,1371,25,2024-02-07 01:09:00,88,120.7,11,1283.69
6044,170,38,2025-01-18 01:48:00,111,93.09,15,1177.51
6045,68,11,2024-11-12 21:26:00,68,97.39,1,1100.65
6046,422,21,2024-07-30 05:15:00,67,89.5,8,1071.31
6047,550,50,2024-06-15 12:00:00,47,50.93,11,851.71
6048,175,38,2024-10-30 01:58:00,61,54.18,12,830.06
6049,361,12,2024-12-10 12:31:00,87,57.78,3,506.69
6050,1007,33,2024-06-21 03:11:00,54,61.7,5,914.13
6051,366,38,2024-02-09 12:38:00,47,68.14,4,634.21
6052,1737,39,2024-03-13 11:15:00,79,65.69,14,742.53
6053,1764,31,2025-05-09 12:05:00,72,69.46,15,668.06
6054,1372,17,2025-03-17 11:53:00,76,107.03,7,1322.89
6055,29,32,2024-10-26 17:13:00,40,59.89,9,507.66
6056,412,47,2025-02-20 06:30:00,75,59.72,3,687.78
6057,1300,37,2024-04-03 12:26:00,76,73.36,0,984.56
6058,46,31,2024-10-28 11:26:00,52,42.37,0,359.92
6059,1663,10,2024-09-05 11:00:00,88,68.78,13,1003.51
6060,33,18,2024-08-28 00:39:00,29,32.02,7,542.67
6061,927,6,2024-05-15 04:43:00,24,19.06,15,207.5
6062,1688,12,2024-09-12 18:14:00,84,63.66,19,945.5
6063,1483,46,2024-09-14 19:17:00,83,74.28,20,964.71
6064,854,48,2025-03-24 04:39:00,41,51.5,7,896.04
6065,1498,37,2025-03-22 16:13:00,28,35.75,0,528.76
6066,357,33,2024-02-13 19:53:00,54,62.13,16,888.85
6067,1367,27,2025-04-16 02:42:00,74,46.1,0,645.31
6068,1150,47,2024-02-01 08:01:00,89,70.05,12,1066.99
6069,897,10,2024-05-17 09:21:00,116,82.86,15,960.67
6070,531,9,2024-07-18 15:14:00,112,80.69,15,790.32
6071,1835,10,2024-02-22 10:22:00,40,29.26,1,461.47
6072,804,40,2025-03-18 18:12:00,109,151.12,38,1592.2
6073,198,6,2024-12-26 21:25:00,53,70.67,2,863.65
6074,1120,26,2024-03-29 09:53:00,85,110.92,3,1136.64
6075,1191,28,2024-08-06 23:00:00,104,151.35,14,1700.73
6076,306,42,2024-10-21 12:25:00,105,91.81,15,794.8
6077,1394,6,2024-09-19 02:13:00,27,32.2,14,307.52
6078,1510,37,2024-03-01 18:45:00,21,22.76,35,257.1
6079,748,4,2025-01-31 13:59:00,37,36.61,10,657.84
6080,1614,5,2025-05-11 12:29:00,104,143.84,11,1661.63
6081,1268,49,2024-10-24 02:38:00,58,86.91,13,1203.97
6082,832,4,2025-01-14 05:08:00,35,32.91,9,451.56
6083,1175,23,2024-12-17 03:54:00,47,38.12,0,586.27
6084,404,44,2024-05-08 04:18:00,87,60.31,13,576.16
6085,405,8,2024-09-11 14:30:00,107,90.35,8,856.44
6086,298,7,2025-03-15 05:43:00,48,34.47,3,555.0
6087,1627,38,2025-03-06 15:12:00,75,51.25,0,879.84
6088,528,29,2024-04-14 03:29:00,51,35.23,5,490.02
6089,749,35,2024-05-01 23:35:00,51,31.28,6,323.79
6090,971,7,2024-01-13 09:20:00,36,45.45,10,403.4
6091,446,21,2024-11-28 13:46:00,35,52.02,9,934.4
6092,135,45,2024-08-13 02:38:00,96,140.86,2,2385.92
6093,780,15,2025-04-21 06:48:00,54,45.09,2,677.06
6094,1786,17,2025-03-19 06:15:00,91,106.5,5,1196.68
6095,221,32,2025-02-14 13:34:00,83,121.8,4,1014.11
6096,1891,35,2024-03-09 18:41:00,85,120.03,26,1369.53
6097,1129,45,2024-01-22 05:59:00,75,107.86,11,1359.97
6098,1381,36,2024-08-01 18:43:00,22,28.18,42,499.31
6099,875,48,2024-03-31 11:18:00,86,98.43,3,1693.27
6100,660,16,2025-01-08 13:21:00,22,17.17,13,156.42
6101,457,27,2024-08-26 22:18:00,118,111.8,13,1006.72
6102,1692,1,2024-06-12 08:15:00,38,38.28,0,491.55
6103,1369,45,2025-03-01 07:24:00,70,46.93,15,704.32
6104,991,1,2024-08-01 19:48:00,119,111.55,25,1789.92
6105,357,7,2024-08-20 16:52:00,108,122.62,0,1793.99
6106,795,40,2025-01-29 14:08:00,86,84.59,4,1399.16
6107,559,6,2024-10-10 13:10:00,88,68.27,3,986.41
6108,1821,29,2024-10-09 20:28:00,50,63.45,45,751.96
6109,529,32,2025-05-08 08:00:00,109,152.07,4,2187.05
6110,706,16,2025-03-25 03:28:00,52,46.47,0,492.81
6111,1717,7,2024-08-10 03:18:00,100,81.06,8,688.09
6112,1235,30,2024-03-05 12:30:00,53,45.22,14,550.85
6113,1207,41,2024-01-30 18:18:00,21,17.48,32,303.06
6114,1541,4,2024-11-11 11:25:00,35,33.87,1,344.82
6115,677,42,2024-06-13 05:32:00,106,113.48,6,1039.35
6116,431,10,2024-11-12 19:27:00,72,76.36,29,765.64
6117,736,35,2024-12-24 21:42:00,56,64.73,3,1081.93
6118,949,50,2024-08-26 13:15:00,75,69.43,12,1043.96
6119,1347,37,2024-03-16 04:21:00,101,119.43,8,1226.05
6120,1418,27,2024-04-10 13:25:00,32,33.67,3,295.23
6121,1664,8,2025-05-09 13:23:00,120,94.92,10,1326.0
6122,682,23,2025-05-15 06:38:00,44,63.04,1,772.23
6123,1164,34,2024-11-11 10:32:00,109,129.88,8,1737.95
6124,483,4,2024-11-06 18:46:00,69,85.11,43,964.74
6125,1423,41,2024-05-21 03:28:00,84,65.85,9,1127.6
6126,175,20,2025-04-04 18:45:00,25,20.92,14,241.88
6127,635,47,2025-03-23 01:37:00,61,62.0,12,587.16
6128,1864,10,2024-10-08 11:31:00,43,27.08,0,473.49
6129,758,11,2025-01-16 21:44:00,72,84.45,14,1513.19
6130,1619,2,2024-04-12 11:16:00,69,68.17,7,579.44
6131,928,43,2025-03-27 14:36:00,113,129.6,10,1136.49
6132,1321,1,2024-10-25 00:25:00,100,119.0,3,1691.54
6133,580,2,2024-09-06 05:52:00,112,164.6,8,2881.51
6134,836,7,2024-07-04 23:02:00,44,31.09,2,403.87
6135,1052,10,2024-10-15 04:08:00,16,18.06,10,160.38
6136,1434,14,2024-11-12 00:00:00,32,36.05,11,304.54
6137,1604,48,2024-02-17 09:28:00,42,59.33,14,579.35
6138,1172,4,2024-12-28 11:23:00,51,36.41,15,474.79
6139,1422,40,2024-01-15 08:39:00,73,66.46,9,739.9
6140,1902,35,2024-05-24 09:08:00,115,108.56,6,1097.26
6141,1933,16,2025-02-01 20:35:00,79,110.79,36,1265.94
6142,1169,3,2024-04-16 22:18:00,81,63.17,1,858.58
6143,604,6,2024-04-16 01:07:00,64,84.17,12,1230.42
6144,1618,17,2024-12-04 23:16:00,112,125.83,6,1467.35
6145,1525,37,2024-05-04 09:59:00,25,36.72,15,565.23
6146,1281,13,2024-04-14 09:45:00,97,115.07,1,2021.91
6147,1441,30,2024-02-26 17:46:00,114,83.98,3,1197.18
6148,1089,11,2024-02-17 12:42:00,12,16.75,6,229.3
6149,1970,15,2024-02-04 16:59:00,58,58.88,3,868.58
6150,1355,2,2024-10-05 01:09:00,40,57.06,7,962.79
6151,1183,44,2024-09-02 00:49:00,96,69.73,11,871.44
6152,1808,21,2024-05-02 11:27:00,49,41.33,2,704.06
6153,1241,42,2024-12-14 06:22:00,47,66.69,14,996.32
6154,1072,26,2024-05-07 18:36:00,99,94.34,29,1516.28
6155,1359,11,2024-04-28 16:44:00,43,63.26,4,542.51
6156,145,31,2024-11-20 11:39:00,19,15.87,0,223.32
6157,1232,42,2024-01-13 20:12:00,89,107.46,40,1008.45
6158,1833,25,2024-11-11 07:39:00,53,43.04,2,354.89
6159,1742,46,2024-09-03 07:14:00,37,52.83,5,657.55
6160,1987,21,2025-02-23 06:48:00,47,51.05,1,846.97
6161,1418,20,2024-10-22 12:25:00,76,87.72,5,908.31
6162,1142,24,2024-10-07 11:46:00,52,65.79,0,574.63
6163,1393,8,2024-11-20 22:57:00,98,140.36,11,2075.3
6164,621,50,2024-06-06 17:54:00,49,51.07,4,410.56
6165,556,4,2024-07-06 03:51:00,103,138.15,14,1124.43
6166,387,44,2024-03-09 05:06:00,102,121.03,14,1365.47
6167,1254,4,2024-03-09 11:49:00,42,53.48,7,734.91
6168,54,14,2024-03-31 00:44:00,45,31.29,1,322.15
6169,997,9,2024-09-17 02:03:00,29,41.13,14,399.92
6170,700,29,2024-06-16 11:56:00,24,17.76,6,224.36
6171,1319,4,2024-09-09 19:27:00,108,154.9,23,1561.16
6172,48,12,2024-03-22 11:06:00,69,65.44,13,1070.39
6173,1276,40,2024-03-30 03:57:00,31,32.25,13,309.72
6174,1748,14,2024-04-19 09:23:00,83,116.32,11,1583.95
6175,1309,40,2025-04-29 11:25:00,54,51.73,2,713.9
6176,351,39,2025-04-23 23:20:00,118,134.34,9,2249.94
6177,154,49,2024-06-01 15:23:00,36,46.26,13,761.43
6178,1547,29,2025-01-24 17:58:00,100,148.12,5,1701.68
6179,855,19,2025-01-29 16:22:00,79,77.86,9,1397.7
6180,895,27,2024-10-25 11:57:00,94,83.75,15,1077.11
6181,10,21,2024-03-01 17:26:00,120,111.46,1,1333.41
6182,1227,47,2025-01-31 18:26:00,45,62.0,14,557.65
6183,1200,42,2024-01-03 10:39:00,27,37.43,10,453.96
6184,935,1,2024-06-07 05:27:00,43,40.42,15,572.88
6185,95,47,2024-10-06 01:50:00,109,94.77,12,1144.09
6186,14,45,2025-05-02 20:24:00,38,40.15,21,523.77
6187,65,46,2024-05-31 03:26:00,28,36.03,10,288.26
6188,1636,41,2024-11-23 05:01:00,91,104.93,5,1190.57
6189,226,12,2025-01-27 07:35:00,11,8.33,9,88.75
6190,1680,25,2025-03-25 04:57:00,73,68.64,10,1205.55
6191,197,19,2024-09-18 14:16:00,85,116.25,2,1296.32
6192,200,9,2024-12-10 19:21:00,45,41.97,45,586.86
6193,1496,35,2024-06-09 07:57:00,90,134.18,7,1518.24
6194,1769,43,2024-05-30 18:38:00,90,121.71,14,1501.0
6195,712,15,2025-04-28 11:59:00,107,126.33,10,1191.48
6196,1127,46,2024-08-30 20:43:00,51,34.23,10,469.41
6197,91,5,2024-10-07 02:31:00,95,82.81,14,869.03
6198,130,8,2024-02-10 09:57:00,87,85.34,6,1044.25
6199,53,37,2024-10-04 19:45:00,22,31.6,13,352.18
6200,6,19,2024-12-10 10:38:00,106,100.76,3,1429.23
6201,927,42,2025-05-07 08:03:00,13,17.71,11,250.95
6202,752,50,2024-09-23 06:16:00,96,143.31,11,2006.96
6203,559,11,2024-02-15 00:45:00,48,35.84,9,578.33
6204,1795,33,2024-04-05 17:40:00,62,55.09,1,899.71
6205,1121,29,2024-03-30 10:21:00,14,17.3,9,159.06
6206,1817,8,2024-11-06 01:36:00,36,36.44,14,568.15
6207,5,29,2025-02-28 18:24:00,94,132.77,35,1185.21
6208,1374,28,2024-10-27 08:07:00,37,47.52,3,461.82
6209,1110,17,2025-02-07 17:13:00,58,79.06,10,1405.9
6210,1608,24,2024-10-28 11:34:00,30,31.08,1,464.08
6211,1195,40,2025-03-09 04:56:00,27,26.31,3,426.39
6212,796,37,2024-12-10 21:57:00,42,47.81,13,806.28
6213,1743,34,2024-11-26 05:31:00,64,45.57,0,441.9
6214,462,23,2025-02-20 02:42:00,27,16.86,8,196.49
6215,1201,46,2025-02-02 12:37:00,24,21.62,15,217.39
6216,535,39,2024-05-13 06:35:00,54,77.47,13,775.04
6217,977,23,2024-10-17 16:44:00,102,85.85,2,895.19
6218,1108,48,2024-08-30 22:33:00,73,101.01,3,1374.91
6219,182,41,2025-02-05 21:44:00,119,146.91,2,1351.55
6220,473,15,2025-02-11 15:39:00,51,70.87,5,714.7
6221,193,18,2024-04-30 05:17:00,20,23.33,14,189.55
6222,953,49,2025-01-25 03:09:00,72,75.81,13,788.42
6223,1528,33,2024-09-05 19:41:00,15,20.36,14,201.97
6224,1941,12,2024-03-29 23:03:00,116,122.58,4,1202.57
6225,111,20,2024-05-24 16:18:00,94,125.27,7,2081.39
6226,230,39,2024-09-08 16:49:00,109,120.51,13,2025.42
6227,1201,23,2024-08-31 03:51:00,107,67.51,9,1196.54
6228,1370,22,2024-11-14 18:01:00,11,13.56,21,177.8
6229,337,9,2024-05-20 03:31:00,15,18.54,7,306.25
6230,1609,7,2024-05-02 15:31:00,96,81.43,8,679.87
6231,1823,4,2025-03-05 10:47:00,95,97.44,5,1103.11
6232,1653,41,2024-02-16 15:14:00,38,31.21,11,412.15
6233,477,27,2024-09-13 05:48:00,30,19.27,10,319.24
6234,1256,45,2024-09-06 19:26:00,80,74.5,28,897.01
6235,167,6,2024-07-16 14:00:00,91,58.99,5,497.61
6236,281,7,2025-02-25 04:17:00,11,11.12,12,137.08
6237,1473,41,2024-11-21 10:42:00,114,90.26,4,1469.55
6238,262,8,2025-01-22 22:15:00,102,91.74,3,830.13
6239,555,17,2025-04-18 19:24:00,79,112.75,30,932.51
6240,272,37,2024-02-12 16:18:00,75,108.48,8,1254.0
6241,1370,47,2024-10-25 08:47:00,86,85.59,11,936.99
6242,1726,10,2024-12-03 01:18:00,72,59.45,9,1065.12
6243,1391,7,2024-08-17 11:26:00,39,43.37,0,755.21
6244,1666,25,2024-06-15 03:55:00,46,40.06,9,488.99
6245,1641,24,2024-09-05 09:33:00,18,23.73,10,227.82
6246,276,46,2025-03-30 16:48:00,75,81.05,12,889.92
6247,652,2,2025-03-29 17:39:00,39,54.82,8,569.16
6248,169,31,2025-04-20 17:18:00,29,19.4,3,198.62
6249,895,45,2024-11-07 19:31:00,53,44.23,24,625.96
6250,999,32,2024-09-04 04:47:00,109,163.16,3,2934.66
6251,515,10,2024-03-24 08:07:00,31,46.38,0,703.39
6252,1745,34,2024-12-12 06:17:00,106,72.94,9,929.84
6253,370,15,2025-05-14 14:58:00,28,17.9,9,306.81
6254,1228,31,2024-06-25 06:52:00,71,45.75,1,757.57
6255,484,11,2024-04-30 19:58:00,87,95.82,45,1631.49
6256,1922,30,2024-04-17 07:23:00,30,20.62,0,274.45
6257,1877,34,2024-04-06 20:29:00,56,51.56,44,872.68
6258,1609,12,2025-05-11 13:14:00,30,43.58,8,697.32
6259,1579,50,2024-07-08 03:46:00,17,18.72,11,293.01
6260,1155,46,2024-12-18 18:33:00,100,120.12,43,1108.07
6261,205,39,2024-11-13 08:11:00,81,57.36,7,622.53
6262,1598,42,2024-01-02 13:16:00,34,26.53,10,302.28
6263,1661,20,2024-04-10 06:18:00,82,99.18,3,1555.79
6264,911,9,2024-11-16 00:17:00,16,21.53,6,212.12
6265,304,18,2025-01-31 06:52:00,90,132.66,1,2209.99
6266,1256,42,2024-02-11 21:47:00,107,108.45,3,1275.57
6267,454,9,2024-05-30 20:14:00,10,11.92,41,186.54
6268,350,20,2024-05-10 15:32:00,40,54.2,0,933.75
6269,244,9,2024-02-12 05:23:00,73,84.5,13,1465.69
6270,160,4,2024-03-16 09:54:00,24,26.69,5,339.17
6271,334,18,2024-05-28 20:39:00,56,42.49,12,527.15
6272,1169,38,2024-11-17 02:22:00,28,37.37,6,330.82
6273,1913,50,2024-10-16 14:31:00,74,82.78,3,1015.07
6274,734,4,2025-04-21 03:56:00,78,50.19,11,540.07
6275,1994,2,2025-01-19 04:29:00,66,62.76,3,919.67
6276,259,15,2024-02-19 12:08:00,53,72.04,11,642.68
6277,69,2,2024-04-20 12:55:00,62,79.07,11,1005.36
6278,640,16,2024-10-26 15:41:00,40,43.75,14,775.05
6279,1674,6,2025-01-16 22:34:00,44,58.16,11,757.78
6280,1774,25,2024-04-26 01:59:00,32,22.29,2,297.78
6281,394,27,2024-04-09 15:08:00,52,69.83,2,655.95
6282,1360,34,2025-04-23 01:47:00,36,52.54,2,448.02
6283,780,10,2024-04-29 14:01:00,56,35.47,14,522.61
6284,1141,47,2025-04-22 05:43:00,54,40.18,4,552.78
6285,668,19,2025-03-10 12:21:00,114,145.91,8,1888.53
6286,456,5,2024-08-09 19:05:00,48,44.81,13,450.92
6287,693,15,2024-06-30 23:59:00,119,166.65,5,2721.41
6288,418,29,2024-03-22 08:27:00,64,64.43,12,995.67
6289,258,11,2024-07-28 22:30:00,59,39.32,9,567.79
6290,1205,1,2024-05-22 11:48:00,52,75.18,4,822.65
6291,1550,11,2024-12-20 01:23:00,86,112.11,8,1984.45
6292,302,24,2024-05-27 19:28:00,78,50.49,27,519.75
6293,171,40,2025-03-07 20:59:00,60,38.16,22,415.96
6294,1538,33,2024-11-14 15:58:00,38,25.16,13,212.95
6295,713,25,2025-03-09 10:15:00,82,93.7,5,1618.18
6296,197,50,2025-01-14 20:46:00,97,85.96,21,906.94
6297,192,23,2024-01-12 21:47:00,43,34.07,14,480.75
6298,1616,4,2024-12-26 16:26:00,117,127.91,7,1456.13
6299,1472,48,2024-07-08 11:32:00,92,133.64,7,1639.97
6300,657,17,2024-11-20 17:28:00,57,73.47,14,1009.82
6301,1581,49,2024-12-30 15:16:00,27,24.69,9,425.16
6302,1295,38,2024-11-27 01:46:00,108,147.24,6,1744.19
6303,344,31,2024-06-16 12:32:00,42,47.32,15,797.91
6304,1082,21,2024-02-01 22:56:00,67,71.71,13,1224.38
6305,986,12,2025-01-25 10:14:00,17,21.82,3,247.34
6306,12,35,2025-03-15 12:28:00,76,91.75,8,1076.35
6307,221,39,2025-04-07 07:43:00,119,88.4,9,1072.05
6308,146,42,2024-12-31 20:36:00,88,99.8,39,1133.93
6309,444,29,2025-04-05 03:01:00,11,13.77,11,229.75
6310,1313,25,2024-04-07 10:04:00,112,144.45,15,1662.42
6311,114,24,2024-04-14 05:02:00,82,102.21,12,895.67
6312,1401,41,2024-01-11 02:18:00,49,64.99,8,1033.59
6313,222,40,2025-05-05 15:10:00,100,110.8,9,965.05
6314,118,14,2024-08-06 15:20:00,77,112.24,12,1535.77
6315,1475,15,2024-03-19 22:46:00,108,139.95,8,1175.3
6316,1967,6,2024-08-21 02:53:00,34,47.47,7,830.54
6317,993,2,2024-11-12 14:06:00,77,64.53,14,897.65
6318,1131,30,2024-08-31 22:14:00,70,55.62,3,987.09
6319,1643,37,2025-02-10 04:28:00,54,62.03,15,688.24
6320,1898,4,2024-02-13 01:01:00,61,71.59,14,909.66
6321,106,1,2024-10-31 22:29:00,17,11.16,6,104.04
6322,1290,44,2024-12-18 12:24:00,105,144.89,0,1706.7
6323,7,34,2025-04-11 10:50:00,41,54.52,1,439.69
6324,128,2,2024-02-21 00:58:00,29,36.98,4,563.91
6325,347,45,2024-07-21 17:53:00,37,51.3,1,573.86
6326,1731,48,2024-01-19 03:59:00,116,77.6,2,1190.34
6327,1160,13,2025-02-08 08:46:00,85,59.56,12,1021.99
6328,894,40,2024-09-22 15:53:00,18,11.44,3,123.74
6329,625,6,2024-02-11 13:14:00,117,89.1,4,1375.42
6330,744,8,2024-10-17 12:16:00,108,77.93,10,1018.44
6331,791,8,2024-08-09 14:09:00,23,15.1,15,123.78
6332,1604,10,2025-02-20 10:16:00,119,103.68,12,1157.22
6333,74,11,2024-12-27 08:59:00,104,77.07,2,1267.41
6334,1359,10,2025-04-13 10:53:00,112,93.75,1,1060.63
6335,956,23,2024-11-12 10:00:00,31,26.81,8,388.97
6336,284,27,2024-04-20 07:23:00,32,25.74,14,367.92
6337,589,33,2024-08-14 15:07:00,118,143.68,6,1370.18
6338,317,2,2024-07-24 02:44:00,36,41.55,4,338.36
6339,217,50,2024-09-25 13:28:00,64,86.31,14,932.21
6340,1061,11,2024-04-01 16:47:00,72,79.14,15,1354.89
6341,1260,4,2024-01-23 09:39:00,65,52.48,12,638.9
6342,1776,29,2025-01-22 13:11:00,82,77.12,5,1347.53
6343,1453,39,2025-03-10 13:41:00,49,66.64,2,1137.5
6344,1306,3,2024-05-11 22:31:00,25,37.14,9,602.31
6345,1220,21,2025-03-18 08:53:00,51,59.88,8,917.91
6346,1863,27,2024-06-25 14:29:00,101,146.64,7,2181.81
6347,1844,41,2024-08-18 03:22:00,35,29.02,14,377.84
6348,1192,14,2024-11-21 05:33:00,118,120.1,6,1136.17
6349,1604,50,2024-03-29 14:49:00,58,57.05,10,603.05
6350,1503,35,2024-11-19 09:08:00,73,100.38,9,1787.55
6351,1411,20,2024-06-24 20:17:00,92,60.05,11,912.81
6352,319,42,2024-02-21 09:14:00,59,57.47,9,666.14
6353,1875,13,2024-10-10 17:11:00,37,26.74,7,295.65
6354,1959,22,2025-01-05 07:13:00,54,51.24,5,915.07
6355,1586,49,2024-09-25 19:46:00,107,104.2,33,1636.32
6356,1374,24,2024-06-04 19:57:00,91,66.78,10,1184.14
6357,453,45,2024-11-10 17:00:00,24,18.76,14,269.92
6358,150,40,2024-02-09 11:43:00,68,70.29,0,632.12
6359,637,6,2024-02-28 02:22:00,105,135.96,3,1953.35
6360,1716,10,2024-04-18 02:22:00,41,47.09,5,635.16
6361,232,23,2024-10-06 14:56:00,102,145.61,10,1221.74
6362,1589,5,2024-07-11 06:57:00,86,86.31,11,710.06
6363,1817,29,2025-02-23 23:38:00,106,138.54,4,1275.63
6364,1644,24,2024-02-02 01:41:00,87,95.79,2,825.83
6365,1320,38,2025-03-13 08:18:00,38,23.32,4,293.7
6366,462,9,2025-01-19 00:43:00,58,52.33,9,495.06
6367,1318,27,2024-11-17 06:35:00,11,14.86,5,175.74
6368,405,11,2025-03-22 12:51:00,66,64.38,7,962.47
6369,206,6,2024-06-07 07:05:00,105,68.8,10,707.73
6370,1223,33,2025-03-18 15:05:00,45,31.41,5,386.93
6371,1834,19,2024-03-09 18:14:00,13,17.09,26,261.57
6372,1820,8,2024-05-24 06:32:00,103,80.5,2,976.49
6373,616,46,2025-01-05 04:44:00,79,99.04,10,1691.88
6374,1787,4,2024-07-01 17:18:00,94,96.55,7,1310.81
6375,1196,19,2024-09-07 10:08:00,111,117.38,15,1879.4
6376,332,42,2024-06-05 10:52:00,87,88.08,5,869.47
6377,1634,19,2024-06-23 11:44:00,47,29.32,8,278.94
6378,44,1,2024-02-27 09:40:00,85,97.75,3,889.05
6379,1700,31,2024-08-16 16:20:00,112,95.4,6,1303.04
6380,1713,42,2024-01-17 23:22:00,66,81.39,12,963.93
6381,263,48,2024-08-08 19:11:00,118,154.16,25,2106.62
6382,1641,16,2025-04-19 23:53:00,11,6.92,4,100.64
6383,1512,23,2025-04-27 06:38:00,52,71.48,5,1191.11
6384,757,26,2024-12-20 06:29:00,117,156.79,6,1419.75
6385,1674,23,2024-03-21 09:23:00,77,96.05,15,1543.24
6386,252,15,2024-02-18 23:52:00,24,15.75,11,145.2
6387,487,43,2024-04-15 11:35:00,35,33.95,9,554.17
6388,1295,12,2024-03-04 10:05:00,53,52.25,9,580.74
6389,1133,32,2025-03-29 17:30:00,18,18.21,2,187.74
6390,1948,44,2025-03-28 19:13:00,54,75.95,42,1124.71
6391,172,4,2025-04-12 11:50:00,115,97.84,5,1106.37
6392,326,47,2025-04-10 15:13:00,88,86.42,8,863.43
6393,1595,13,2025-03-14 03:27:00,20,25.81,0,372.73
6394,1263,10,2025-04-22 17:26:00,94,101.54,15,1379.27
6395,314,43,2024-12-21 15:30:00,52,36.02,7,431.17
6396,901,9,2024-01-25 22:37:00,66,90.76,11,758.87
6397,787,25,2024-11-11 18:06:00,97,139.67,18,2509.61
6398,1120,21,2025-05-09 23:25:00,76,68.15,8,743.73
6399,861,19,2025-02-24 18:15:00,36,24.82,15,220.19
6400,782,49,2024-11-22 22:34:00,50,44.05,0,427.35
6401,1533,9,2024-02-20 16:02:00,60,74.69,0,1132.13
6402,1537,27,2024-05-07 05:14:00,97,90.44,3,1220.82
6403,1776,11,2024-03-15 19:42:00,21,20.68,32,247.95
6404,409,45,2025-04-03 01:53:00,66,83.24,7,1331.43
6405,1056,29,2024-02-10 20:42:00,47,49.82,30,873.46
6406,631,13,2024-01-16 00:29:00,92,79.4,10,1282.21
6407,1564,29,2025-01-12 15:30:00,47,33.32,9,566.01
6408,1684,48,2025-02-26 11:55:00,22,23.13,3,277.88
6409,411,49,2024-03-30 11:14:00,119,155.5,7,2341.5
6410,404,3,2024-06-19 14:47:00,55,55.93,12,673.32
6411,115,30,2024-01-30 05:52:00,120,108.35,14,1645.91
6412,782,28,2024-08-06 01:59:00,59,65.96,11,540.4
6413,1918,24,2024-12-30 04:27:00,20,29.07,13,381.66
6414,840,24,2024-06-26 23:13:00,27,25.57,8,331.5
6415,1773,7,2024-11-28 22:16:00,18,13.73,8,111.76
6416,1542,17,2024-04-10 18:27:00,76,64.99,23,726.82
6417,1613,50,2024-07-17 01:00:00,10,13.94,4,112.6
6418,1052,32,2024-02-24 12:40:00,37,39.89,3,555.44
6419,1456,44,2024-10-24 20:41:00,28,28.81,16,376.25
6420,1180,15,2024-10-13 03:39:00,78,80.35,4,720.2
6421,681,1,2024-02-19 16:04:00,69,87.17,14,1064.33
6422,17,7,2024-09-18 01:33:00,65,80.7,10,1250.37
6423,259,27,2024-03-08 09:38:00,110,74.56,4,1108.05
6424,1259,15,2024-03-27 16:06:00,111,165.2,12,2762.64
6425,691,48,2024-02-11 15:31:00,35,23.45,2,385.93
6426,1573,30,2025-04-06 09:36:00,41,28.87,10,270.69
6427,1990,48,2024-09-07 21:27:00,112,85.58,11,977.91
6428,506,32,2024-08-04 21:23:00,18,12.3,4,137.82
6429,1544,28,2024-11-16 10:07:00,59,46.79,3,587.57
6430,961,7,2025-01-27 10:16:00,78,95.46,13,928.02
6431,191,48,2025-04-28 06:18:00,25,20.27,10,166.92
6432,414,19,2024-07-24 00:45:00,70,61.6,13,1013.66
6433,1969,33,2024-08-13 10:28:00,48,56.7,9,696.22
6434,646,20,2024-12-28 08:34:00,28,19.7,15,200.48
6435,1143,43,2024-03-31 03:48:00,26,36.53,10,478.58
6436,1924,32,2025-05-05 15:17:00,115,73.14,11,627.6
6437,1576,5,2024-06-23 02:13:00,49,63.1,12,740.43
6438,1118,46,2024-12-05 13:20:00,98,95.68,13,1425.38
6439,449,35,2024-09-08 08:18:00,71,99.13,2,1019.52
6440,178,11,2024-06-22 23:15:00,92,121.58,7,1293.15
6441,1703,6,2024-01-14 13:23:00,109,110.4,4,1557.61
6442,1485,40,2025-04-28 14:26:00,117,110.47,13,1728.23
6443,1945,46,2025-01-30 01:56:00,63,84.18,1,1403.29
6444,1827,39,2024-04-29 06:24:00,66,90.38,15,1133.5
6445,638,7,2024-01-18 23:57:00,97,106.97,6,1481.97
6446,1848,8,2025-01-18 03:33:00,33,49.09,1,835.56
6447,447,43,2025-04-14 08:02:00,89,112.33,10,1726.58
6448,1047,12,2024-09-01 23:43:00,24,34.26,15,341.95
6449,1495,9,2025-02-21 01:13:00,20,23.96,13,286.89
6450,577,28,2024-12-25 11:06:00,117,169.83,8,2165.15
6451,1620,33,2024-09-12 22:57:00,92,106.72,9,1226.91
6452,1026,41,2024-12-26 23:31:00,89,112.07,11,1417.96
6453,1190,31,2024-02-13 03:18:00,86,58.3,9,709.36
6454,1326,40,2024-01-28 12:37:00,100,141.71,5,2267.24
6455,1308,46,2024-10-19 11:06:00,12,13.02,6,227.62
6456,1561,32,2024-12-09 16:25:00,60,64.09,13,860.09
6457,1353,39,2024-10-19 16:19:00,28,17.25,7,170.31
6458,790,22,2024-01-31 20:14:00,16,22.25,18,236.19
6459,198,18,2025-01-21 05:02:00,103,102.86,13,1207.49
6460,195,15,2024-04-20 10:11:00,117,129.47,11,1652.54
6461,109,16,2024-12-30 20:48:00,82,80.02,14,1435.42
6462,1106,18,2025-02-06 20:43:00,82,61.35,40,523.77
6463,1583,21,2024-04-15 16:27:00,79,78.98,2,745.16
6464,1539,37,2024-08-17 13:31:00,58,42.75,6,485.33
6465,1293,21,2024-07-25 02:17:00,102,82.01,3,938.56
6466,405,43,2025-04-14 16:40:00,34,41.33,9,561.46
6467,1710,42,2024-10-22 18:45:00,120,111.17,14,1087.52
6468,1869,4,2024-01-17 16:49:00,52,58.2,1,647.07
6469,1992,50,2024-01-16 05:17:00,23,34.03,14,283.13
6470,829,46,2024-05-08 05:56:00,41,54.05,7,550.08
6471,419,20,2025-02-22 20:09:00,49,32.16,38,297.13
6472,1050,37,2025-04-05 15:55:00,115,109.73,2,1711.4
6473,1605,31,2024-11-06 21:52:00,103,129.21,9,1973.78
6474,1970,42,2024-11-08 05:06:00,14,18.68,15,174.8
6475,1828,18,2024-10-04 04:05:00,100,90.66,2,1543.87
6476,1571,22,2024-01-11 23:59:00,72,87.51,13,906.55
6477,461,10,2024-05-20 21:03:00,94,129.69,8,1798.52
6478,1673,6,2024-11-14 13:44:00,92,135.83,10,1211.69
6479,812,26,2024-03-28 15:05:00,45,41.21,1,737.28
6480,649,45,2024-09-29 22:27:00,109,115.18,5,1884.22
6481,1891,14,2024-08-14 16:23:00,99,126.29,14,1132.23
6482,1811,30,2024-03-03 05:04:00,83,93.93,6,1553.86
6483,1343,39,2025-02-07 02:31:00,58,72.45,15,580.35
6484,1767,49,2024-09-07 20:00:00,10,7.14,38,98.35
6485,869,50,2024-03-23 23:17:00,49,44.25,14,577.8
6486,1737,19,2025-04-30 06:00:00,99,145.77,7,2050.16
6487,1018,33,2024-11-22 01:26:00,110,161.74,13,2746.48
6488,698,37,2024-06-06 23:38:00,21,25.05,13,336.37
6489,1501,20,2024-11-03 20:32:00,72,88.36,22,1324.32
6490,16,14,2025-01-04 18:09:00,31,29.15,35,379.3
6491,53,42,2024-12-16 06:30:00,56,52.36,15,697.07
6492,1610,19,2024-06-16 15:45:00,98,137.92,10,1399.01
6493,1188,10,2024-05-13 23:26:00,46,36.09,3,369.02
6494,308,12,2024-06-26 14:23:00,12,9.99,4,96.27
6495,806,20,2025-01-20 07:44:00,112,104.84,0,1438.4
6496,1717,21,2024-07-08 23:41:00,92,91.92,3,998.68
6497,1168,10,2024-12-03 13:27:00,32,23.39,8,302.04
6498,878,1,2024-04-13 17:09:00,113,136.99,1,1755.23
6499,144,4,2024-01-26 04:16:00,50,53.65,13,575.58
6500,1289,30,2024-12-01 18:15:00,86,98.27,34,1388.17
6501,1236,16,2024-12-02 20:14:00,106,139.49,22,1458.75
6502,401,47,2024-04-10 16:28:00,114,112.47,6,1520.26
6503,1632,26,2024-09-24 18:50:00,77,56.57,42,522.01
6504,917,14,2024-10-12 23:27:00,78,54.0,12,620.24
6505,1522,10,2024-05-07 10:02:00,72,95.58,7,1223.35
6506,1997,32,2024-04-29 23:40:00,56,40.31,0,474.41
6507,1058,17,2025-04-17 19:25:00,13,15.6,23,269.75
6508,362,39,2025-04-10 19:46:00,54,35.2,35,444.82
6509,1474,10,2024-07-28 21:40:00,65,49.83,2,846.24
6510,921,26,2024-08-13 14:47:00,66,87.51,13,1541.78
6511,1374,46,2024-04-27 22:38:00,71,47.41,2,845.46
6512,93,23,2024-11-29 18:28:00,43,60.92,42,1065.87
6513,1176,37,2024-04-26 06:02:00,56,44.46,15,480.45
6514,1370,28,2024-03-21 08:08:00,59,41.63,7,433.62
6515,573,36,2024-12-20 15:31:00,34,32.32,3,429.26
6516,561,50,2024-11-06 03:39:00,78,104.63,12,921.86
6517,290,38,2024-06-03 00:25:00,40,58.0,15,569.84
6518,957,26,2025-03-10 06:38:00,80,73.07,4,1174.97
6519,1353,45,2024-09-24 10:02:00,11,11.2,9,184.07
6520,1041,42,2024-12-30 22:22:00,77,99.89,0,826.11
6521,1274,38,2025-04-12 16:27:00,65,91.61,5,1451.22
6522,1999,18,2024-11-26 10:44:00,12,17.24,2,288.12
6523,1263,2,2024-06-07 16:48:00,69,87.83,11,1335.75
6524,999,24,2024-05-19 07:53:00,46,66.98,10,693.14
6525,782,19,2024-11-12 18:25:00,22,27.37,41,355.66
6526,1881,37,2024-11-05 20:28:00,68,49.52,20,466.17
6527,880,20,2025-03-21 12:46:00,96,64.91,10,1125.75
6528,486,3,2024-01-06 04:31:00,11,7.94,11,122.45
6529,1754,31,2025-03-07 13:51:00,88,90.05,13,1345.16
6530,499,35,2024-12-20 01:57:00,50,34.87,11,362.76
6531,1135,25,2024-11-28 19:43:00,11,7.76,37,102.1
6532,1788,5,2024-03-20 01:31:00,53,73.41,1,605.85
6533,1254,50,2025-04-08 19:43:00,20,29.12,33,387.22
6534,1900,23,2025-04-20 18:14:00,120,135.23,20,2251.51
6535,1775,17,2024-05-11 10:22:00,65,58.82,6,577.32
6536,197,20,2025-01-15 17:39:00,49,41.73,2,412.93
6537,1642,50,2024-10-19 18:23:00,93,62.95,38,756.68
6538,1229,13,2024-04-16 01:15:00,80,53.7,13,743.1
6539,1203,3,2024-09-03 00:22:00,104,124.11,13,1734.73
6540,1451,5,2024-01-07 13:52:00,114,89.81,3,1302.95
6541,131,9,2024-09-22 15:18:00,15,18.52,3,159.98
6542,1695,13,2024-01-13 21:24:00,83,109.17,7,1782.55
6543,298,5,2024-05-21 10:08:00,79,78.74,12,736.18
6544,1181,16,2024-01-04 20:11:00,80,68.66,33,648.5
6545,1030,23,2024-01-25 10:24:00,120,77.64,6,1198.8
6546,1170,7,2024-03-17 20:26:00,16,13.38,44,154.39
6547,1082,37,2024-08-03 10:16:00,88,126.91,2,1710.66
6548,557,18,2025-05-07 00:38:00,40,43.57,13,502.45
6549,631,30,2024-02-05 19:49:00,33,46.66,13,693.99
6550,764,17,2024-09-18 14:19:00,77,78.9,10,946.1
6551,314,15,2024-01-15 23:03:00,116,108.39,0,1500.56
6552,633,18,2024-11-16 12:55:00,23,21.27,3,199.62
6553,1822,50,2024-12-10 23:14:00,52,33.66,12,480.79
6554,1761,25,2024-08-09 01:54:00,116,107.19,11,1519.5
6555,1709,33,2025-03-12 11:41:00,57,69.92,13,789.98
6556,1102,37,2024-04-18 15:36:00,99,145.59,3,2513.97
6557,632,32,2024-05-16 07:29:00,29,40.27,1,606.04
6558,667,10,2024-02-12 22:50:00,108,140.23,12,2254.94
6559,38,38,2024-03-04 00:08:00,68,66.66,8,864.64
6560,1863,49,2025-01-28 09:11:00,42,50.74,7,491.33
6561,207,5,2025-02-20 20:37:00,16,11.48,36,179.31
6562,274,16,2024-09-05 14:12:00,90,129.48,3,2049.39
6563,1943,16,2024-01-04 19:57:00,78,63.88,26,747.39
6564,333,16,2024-09-08 17:58:00,108,142.1,6,1575.45
6565,445,13,2025-01-12 05:32:00,66,55.3,4,886.53
6566,854,21,2024-07-25 17:25:00,62,79.63,1,1232.61
6567,1963,22,2025-04-16 17:02:00,14,9.03,11,154.18
6568,1180,43,2024-06-28 22:48:00,37,40.33,10,511.84
6569,763,4,2025-04-12 02:54:00,50,42.13,10,528.33
6570,219,36,2024-11-21 01:30:00,68,78.8,8,1118.35
6571,1483,7,2025-02-13 09:56:00,77,114.11,3,1309.47
6572,1552,41,2025-02-06 03:18:00,44,43.34,2,731.84
6573,1348,39,2024-06-23 08:07:00,68,46.5,0,775.47
6574,833,24,2024-07-31 04:58:00,60,57.11,11,622.78
6575,1606,21,2024-12-07 10:15:00,109,151.12,12,1541.17
6576,1908,32,2024-08-05 13:23:00,87,100.8,11,1429.63
6577,94,11,2024-12-05 07:17:00,46,65.8,4,679.71
6578,1643,36,2024-02-22 13:11:00,33,31.12,8,407.79
6579,635,40,2024-11-26 03:33:00,92,87.66,9,1038.71
6580,329,36,2024-09-21 07:25:00,37,45.92,1,670.07
6581,1540,14,2024-04-12 02:42:00,56,37.74,6,331.07
6582,404,23,2024-08-08 03:52:00,23,33.39,0,321.83
6583,1038,19,2024-08-31 06:19:00,49,49.52,6,616.83
6584,1533,12,2024-04-26 19:56:00,113,143.79,40,2248.38
6585,156,40,2024-12-23 13:35:00,30,41.79,11,552.56
6586,699,43,2025-04-29 16:59:00,114,96.45,6,887.46
6587,1300,46,2025-01-19 10:44:00,97,117.63,9,958.81
6588,917,20,2024-08-16 08:01:00,120,120.78,15,1149.2
6589,1288,27,2024-02-23 23:31:00,54,52.2,14,670.82
6590,1171,4,2024-07-16 03:32:00,41,51.93,8,492.99
6591,255,6,2024-09-16 01:38:00,50,41.73,10,366.36
6592,1839,43,2024-03-05 09:06:00,57,81.49,13,844.96
6593,1121,17,2024-01-04 02:27:00,118,152.93,14,1296.78
6594,1704,42,2024-12-07 12:16:00,87,123.46,9,1365.39
6595,435,16,2024-09-09 22:22:00,117,89.07,3,1442.04
6596,781,40,2024-02-18 08:27:00,96,67.03,9,1202.34
6597,719,31,2024-04-26 06:30:00,64,89.98,8,726.32
6598,1268,6,2024-04-13 08:04:00,90,93.8,2,765.03
6599,12,32,2024-02-26 18:23:00,71,83.65,29,1425.07
6600,209,20,2024-10-25 11:06:00,45,50.59,11,570.09
6601,1587,13,2024-10-04 15:54:00,37,34.98,1,614.14
6602,957,12,2024-10-31 12:27:00,102,68.35,1,912.54
6603,495,34,2024-09-22 02:24:00,115,124.98,4,2071.66
6604,1462,11,2024-04-10 20:56:00,12,16.09,12,202.04
6605,36,20,2025-01-05 12:17:00,42,38.07,7,312.9
6606,15,25,2024-12-09 00:16:00,55,68.3,3,1006.79
6607,1259,4,2024-09-18 02:53:00,75,77.36,6,659.69
6608,364,32,2024-11-22 12:15:00,101,151.02,14,1485.05
6609,424,32,2024-04-23 13:39:00,119,106.1,8,1730.65
6610,300,42,2024-07-16 01:21:00,84,54.03,14,558.58
6611,432,21,2025-03-07 04:10:00,63,80.76,11,856.2
6612,422,4,2025-05-09 11:55:00,36,52.75,14,890.75
6613,1575,20,2025-03-07 11:06:00,34,41.12,11,661.77
6614,1204,28,2024-05-31 04:26:00,17,19.89,1,301.34
6615,1250,36,2024-11-14 22:29:00,30,30.61,0,459.35
6616,184,17,2024-12-01 22:15:00,24,34.2,12,373.11
6617,1621,5,2024-11-07 19:54:00,21,25.85,37,301.72
6618,636,46,2024-01-26 20:48:00,30,36.85,28,621.0
6619,355,28,2024-01-21 01:26:00,26,28.24,5,273.15
6620,1067,17,2024-04-14 11:54:00,69,79.23,6,1059.92
6621,1223,21,2025-04-17 18:19:00,57,79.14,45,1080.44
6622,319,21,2024-02-02 20:30:00,45,62.12,30,606.25
6623,555,40,2024-08-15 14:22:00,60,55.78,3,536.82
6624,1733,50,2025-02-18 16:43:00,89,107.17,13,1073.68
6625,386,28,2024-09-08 13:27:00,54,69.94,1,706.52
6626,1506,1,2024-02-10 05:08:00,90,59.78,7,863.23
6627,1911,45,2025-05-09 16:31:00,55,71.91,8,703.68
6628,618,19,2025-01-12 16:13:00,115,151.05,9,2229.34
6629,1553,22,2025-01-21 14:18:00,82,86.58,7,1228.08
6630,1814,34,2025-05-11 06:35:00,98,70.02,4,820.39
6631,587,14,2024-01-19 19:54:00,34,49.11,25,850.57
6632,696,12,2025-05-08 02:22:00,18,18.74,9,297.92
6633,861,2,2025-04-26 13:34:00,102,113.89,4,2018.27
6634,524,31,2024-02-22 11:30:00,109,96.88,3,791.69
6635,96,43,2025-04-10 02:02:00,112,88.7,0,853.59
6636,1824,7,2025-01-01 04:13:00,84,75.97,11,688.75
6637,198,27,2024-11-01 16:14:00,27,20.84,11,356.62
6638,203,17,2025-05-14 04:59:00,31,30.02,7,428.66
6639,845,48,2025-01-17 04:07:00,47,39.37,6,672.64
6640,218,22,2024-11-26 01:17:00,51,36.32,12,467.98
6641,1766,29,2024-09-09 17:32:00,113,71.08,2,1051.27
6642,1309,23,2025-01-24 19:06:00,36,27.39,44,300.88
6643,401,12,2024-12-27 21:25:00,34,30.73,8,373.22
6644,1394,3,2024-04-16 06:45:00,59,79.07,6,701.0
6645,1795,22,2024-08-15 02:36:00,68,55.94,6,840.89
6646,206,23,2024-05-30 10:21:00,27,27.23,15,336.85
6647,1594,11,2024-11-18 12:00:00,33,45.9,10,564.34
6648,45,44,2024-10-25 07:00:00,89,102.42,13,1340.5
6649,161,39,2025-01-05 11:00:00,71,87.07,13,1127.94
6650,1166,26,2024-10-18 18:38:00,82,65.24,43,1142.16
6651,1167,42,2024-03-04 20:36:00,47,51.97,39,557.57
6652,242,12,2024-04-30 21:05:00,86,105.47,0,881.85
6653,593,6,2024-07-04 10:07:00,73,99.52,10,1313.38
6654,812,14,2025-04-05 14:13:00,52,40.76,5,684.58
6655,71,9,2024-09-15 18:38:00,61,59.02,37,768.22
6656,1658,35,2024-07-07 17:53:00,105,88.38,2,785.6
6657,331,5,2024-01-31 22:42:00,98,94.53,2,1044.27
6658,1262,17,2025-03-07 14:13:00,110,126.75,12,1944.42
6659,1402,19,2025-01-18 06:05:00,12,10.87,14,140.8
6660,1358,3,2025-04-22 06:43:00,17,25.47,4,321.16
6661,1175,27,2024-01-22 17:58:00,90,98.21,10,1323.88
6662,1249,29,2024-11-07 06:21:00,76,66.08,8,1124.43
6663,386,7,2024-05-14 18:17:00,108,97.21,16,941.79
6664,1449,36,2024-08-09 01:27:00,27,31.82,0,495.31
6665,1834,33,2024-02-25 17:02:00,97,81.99,3,915.8
6666,1635,20,2025-01-16 03:18:00,10,9.22,1,125.24
6667,30,43,2024-02-10 22:15:00,96,80.6,8,1221.23
6668,1988,39,2024-12-18 12:58:00,38,49.6,8,432.59
6669,375,11,2025-02-15 13:19:00,67,48.38,8,720.53
6670,1433,37,2025-01-13 05:18:00,53,41.91,12,340.78
6671,593,9,2024-05-09 00:34:00,20,20.16,8,189.15
6672,1378,16,2025-04-20 18:44:00,99,132.69,35,1762.02
6673,692,49,2024-11-16 05:28:00,111,147.82,13,1926.26
6674,363,2,2024-10-18 03:35:00,92,100.65,5,958.6
6675,1605,50,2024-07-15 12:07:00,43,60.0,1,843.27
6676,1000,1,2024-03-23 00:38:00,107,145.29,0,2044.8
6677,1381,16,2024-07-02 03:53:00,116,141.25,2,1235.66
6678,700,42,2024-04-19 07:07:00,66,42.86,11,726.61
6679,490,32,2024-11-02 15:00:00,78,74.13,9,1258.82
6680,483,30,2025-01-25 15:58:00,54,59.15,5,927.85
6681,407,30,2024-02-14 15:08:00,14,17.03,10,175.48
6682,466,2,2024-01-04 06:59:00,33,29.8,12,409.86
6683,1655,27,2024-05-19 14:48:00,42,59.83,2,592.82
6684,1856,16,2024-02-05 03:22:00,21,23.84,7,336.19
6685,1105,49,2025-02-08 22:19:00,30,21.81,13,217.55
6686,754,20,2025-03-28 06:01:00,85,118.36,0,2126.7
6687,1315,42,2025-04-28 09:44:00,82,57.87,2,668.85
6688,781,41,2024-06-24 06:54:00,114,141.19,13,1830.02
6689,425,26,2024-06-05 13:56:00,100,77.62,2,1200.7
6690,618,21,2024-03-27 05:32:00,106,124.55,6,1169.78
6691,666,44,2024-04-20 09:32:00,94,83.56,5,1356.91
6692,1220,29,2025-01-25 19:36:00,37,45.91,36,530.39
6693,898,30,2024-06-10 17:15:00,92,73.52,5,675.86
6694,1245,32,2024-01-01 21:24:00,47,28.48,13,309.98
6695,295,13,2025-04-20 22:50:00,104,122.37,10,1322.68
6696,319,20,2024-05-13 14:32:00,36,21.87,14,369.6
6697,30,7,2024-07-23 06:09:00,73,85.48,6,1240.09
6698,1170,8,2024-05-09 03:55:00,12,14.5,4,171.16
6699,1240,41,2024-07-22 06:52:00,62,89.34,5,1129.67
6700,313,47,2024-02-07 05:58:00,61,88.6,8,1315.01
6701,1928,19,2024-04-13 12:31:00,63,66.7,15,941.27
6702,888,31,2024-12-03 09:24:00,71,82.83,5,982.7
6703,1053,27,2024-12-29 06:00:00,110,74.81,7,752.68
6704,272,32,2024-11-10 17:47:00,112,162.35,4,2616.73
6705,1700,29,2024-01-01 05:41:00,63,75.58,15,695.81
6706,1161,25,2024-02-06 09:54:00,87,74.37,3,1232.39
6707,721,8,2024-06-06 23:29:00,55,53.91,3,956.73
6708,1514,3,2025-02-11 06:34:00,46,51.74,10,918.22
6709,308,26,2024-01-15 13:32:00,33,44.77,14,611.7
6710,1456,26,2024-02-06 09:49:00,20,25.56,12,302.26
6711,1378,24,2024-11-10 05:39:00,34,25.24,10,442.5
6712,926,34,2024-11-02 01:58:00,80,84.34,1,1031.95
6713,31,13,2024-01-29 22:56:00,108,86.43,15,1328.18
6714,1676,47,2025-05-06 23:04:00,20,15.31,4,194.25
6715,51,42,2024-03-12 07:55:00,77,89.54,11,1287.97
6716,1705,22,2024-12-25 03:44:00,97,70.36,4,1253.5
6717,73,30,2024-03-19 04:12:00,15,19.66,7,230.36
6718,1134,10,2024-04-23 07:36:00,79,91.29,11,792.05
6719,1432,8,2025-05-05 07:40:00,107,159.72,15,2496.58
6720,962,16,2024-10-04 21:29:00,87,64.52,14,767.8
6721,897,35,2025-02-24 05:15:00,60,36.42,9,357.77
6722,1215,50,2024-07-15 13:21:00,23,20.11,8,321.01
6723,772,22,2024-08-23 08:12:00,13,18.31,4,296.63
6724,783,34,2024-02-03 09:43:00,96,141.72,9,2280.97
6725,1259,41,2024-03-04 18:32:00,99,98.52,13,958.77
6726,1209,33,2024-02-10 02:13:00,11,14.12,8,146.51
6727,1325,14,2024-10-26 03:18:00,20,22.43,3,348.74
6728,155,45,2025-05-06 20:28:00,85,82.38,22,676.46
6729,692,1,2024-08-20 08:36:00,53,34.32,9,371.64
6730,1735,11,2024-08-13 03:52:00,117,132.39,0,1247.22
6731,1066,18,2025-05-14 20:16:00,107,153.37,36,1359.58
6732,774,38,2024-04-19 21:26:00,113,85.99,1,1134.75
6733,1078,50,2024-06-18 03:57:00,93,110.35,7,1029.25
6734,1037,7,2024-04-10 15:00:00,104,92.36,9,809.5
6735,498,31,2024-07-29 05:11:00,63,86.17,10,1207.22
6736,251,46,2024-06-16 04:23:00,111,119.95,11,1059.96
6737,884,15,2024-06-10 15:33:00,19,28.39,3,343.91
6738,1613,50,2024-05-22 22:27:00,62,83.1,8,1334.51
6739,218,13,2024-03-28 21:58:00,89,58.1,3,915.69
6740,1818,12,2025-03-02 19:41:00,22,31.81,43,500.17
6741,1892,44,2025-03-17 10:43:00,25,33.88,11,449.13
6742,1876,8,2025-02-27 01:06:00,46,43.5,4,431.22
6743,1527,24,2024-05-07 10:40:00,110,124.61,12,1631.61
6744,1045,38,2024-01-08 03:50:00,44,64.49,3,1063.51
6745,1420,16,2024-06-21 13:14:00,113,76.1,15,1230.5
6746,810,4,2024-03-14 14:06:00,60,66.29,5,837.35
6747,1836,41,2024-10-11 17:17:00,69,73.23,14,1287.62
6748,1117,5,2025-03-13 19:12:00,118,172.15,24,1906.0
6749,1372,29,2025-01-17 01:22:00,21,12.84,8,163.62
6750,4,41,2024-10-11 00:11:00,76,56.86,3,577.45
6751,1443,6,2024-12-22 09:53:00,75,56.66,2,924.13
6752,617,48,2024-04-29 00:17:00,107,92.66,12,1266.74
6753,1091,41,2024-10-28 09:09:00,111,99.33,13,1014.22
6754,1188,49,2024-01-09 00:59:00,21,23.77,13,315.18
6755,1496,39,2024-04-25 07:17:00,56,33.96,8,307.0
6756,746,6,2024-12-07 02:12:00,90,57.55,0,715.52
6757,797,25,2024-02-06 15:00:00,59,72.72,3,863.73
6758,1482,26,2024-10-11 23:17:00,119,115.71,4,1846.63
6759,1995,2,2025-04-21 19:33:00,72,51.4,29,806.14
6760,1882,5,2024-09-19 03:34:00,59,65.88,4,676.14
6761,576,17,2025-04-04 08:03:00,51,47.58,4,785.37
6762,634,32,2025-01-22 14:10:00,20,26.24,13,433.87
6763,1332,26,2024-03-19 00:45:00,84,56.02,0,980.54
6764,1984,18,2024-10-26 21:58:00,47,68.48,15,1051.58
6765,323,13,2024-02-04 19:01:00,18,17.91,34,219.12
6766,1688,34,2025-04-16 12:15:00,114,113.33,3,1697.18
6767,1626,24,2025-02-06 17:36:00,37,50.25,8,767.14
6768,1890,49,2024-12-01 01:51:00,112,97.92,1,1546.17
6769,1901,24,2024-12-21 14:05:00,115,161.76,5,2639.44
6770,651,25,2025-05-07 11:24:00,119,168.52,8,1518.09
6771,878,21,2024-07-21 12:26:00,68,46.62,14,733.36
6772,1935,8,2025-05-12 02:52:00,25,18.16,15,148.54
6773,1070,45,2024-12-02 00:44:00,53,61.66,6,965.1
6774,1167,28,2024-09-08 20:37:00,113,86.69,36,851.66
6775,1478,22,2024-03-11 11:29:00,63,42.23,0,638.27
6776,1876,16,2024-04-06 11:55:00,115,131.87,8,1761.14
6777,1722,34,2024-08-01 02:32:00,65,78.33,6,1215.56
6778,1678,17,2024-04-14 08:09:00,30,34.0,15,455.66
6779,445,9,2025-02-27 03:44:00,98,59.1,7,602.23
6780,1194,35,2024-10-16 06:00:00,82,50.21,0,425.5
6781,1004,27,2024-06-25 17:19:00,116,146.37,0,1326.16
6782,623,3,2025-03-24 10:27:00,52,65.63,4,1072.45
6783,922,36,2024-09-07 01:43:00,104,138.86,1,1958.89
6784,1251,4,2024-03-14 21:58:00,69,87.07,0,932.72
6785,396,26,2024-11-05 02:49:00,86,110.63,3,1456.26
6786,396,50,2024-09-24 13:56:00,44,47.41,6,559.62
6787,837,38,2025-04-10 13:05:00,62,76.29,12,1337.81
6788,1376,31,2025-03-29 02:29:00,100,101.19,5,1414.36
6789,1467,44,2024-10-19 22:19:00,96,125.73,12,1788.87
6790,733,18,2024-12-28 17:40:00,88,89.4,2,1315.62
6791,543,7,2024-12-19 04:16:00,51,68.81,14,1068.1
6792,968,3,2024-07-04 01:50:00,78,103.29,15,1175.28
6793,693,3,2024-06-13 13:10:00,43,37.23,2,500.18
6794,1951,48,2025-03-23 23:34:00,78,93.08,12,1155.96
6795,1968,38,2025-01-01 11:55:00,13,8.99,3,154.64
6796,412,34,2024-08-24 01:28:00,45,60.94,2,669.61
6797,345,2,2024-02-21 07:17:00,117,135.85,9,1374.52
6798,1818,48,2024-03-30 17:42:00,107,153.64,9,1254.7
6799,800,12,2024-06-08 15:34:00,65,79.21,6,1263.73
6800,1722,29,2025-04-19 05:13:00,62,74.21,15,1273.21
6801,477,4,2024-09-13 21:36:00,11,8.99,10,141.73
6802,635,26,2024-12-01 16:18:00,112,158.21,5,2586.89
6803,2000,48,2025-04-27 01:55:00,86,76.51,12,1042.16
6804,209,32,2024-08-23 22:42:00,34,22.15,15,302.63
6805,7,37,2024-11-13 02:44:00,102,113.63,8,1359.92
6806,859,5,2024-08-26 00:38:00,83,77.61,2,1204.78
6807,442,46,2025-03-06 11:25:00,103,151.68,10,1945.2
6808,815,9,2024-02-05 01:46:00,90,102.2,4,1355.86
6809,710,30,2025-01-23 18:44:00,53,49.62,11,795.98
6810,1568,17,2024-06-01 08:04:00,54,53.12,12,786.13
6811,85,24,2025-01-07 14:57:00,30,31.42,13,299.98
6812,1812,12,2024-01-12 05:07:00,67,59.45,5,964.5
6813,1150,14,2024-10-15 22:01:00,51,39.5,0,362.42
6814,465,42,2024-09-01 22:25:00,99,125.42,14,1235.06
6815,1376,14,2024-03-19 23:17:00,76,112.66,6,1837.36
6816,289,15,2024-11-27 14:57:00,71,101.17,13,1306.64
6817,1253,18,2025-04-23 12:24:00,120,130.89,6,2134.5
6818,568,8,2025-05-10 09:32:00,46,34.07,1,574.93
6819,904,23,2024-08-31 20:59:00,46,45.7,32,607.65
6820,1386,48,2024-08-12 17:23:00,60,80.37,11,713.49
6821,1425,38,2024-04-01 08:08:00,67,74.44,8,882.8
6822,1396,9,2025-03-09 20:39:00,95,104.84,33,934.34
6823,709,10,2024-04-03 21:33:00,72,106.4,6,1198.32
6824,178,36,2024-08-27 15:33:00,60,48.99,2,526.03
6825,1147,31,2024-12-06 15:28:00,48,48.02,13,757.54
6826,1197,29,2024-12-03 23:04:00,12,9.29,14,153.52
6827,1955,12,2024-09-11 15:55:00,82,119.23,1,1996.97
6828,1367,35,2024-09-15 16:42:00,58,57.67,9,882.6
6829,358,1,2024-06-18 21:44:00,13,15.58,10,197.97
6830,1983,19,2024-07-25 05:09:00,115,76.21,6,809.25
6831,834,22,2024-02-17 17:46:00,61,83.68,3,959.09
6832,176,9,2024-02-02 09:57:00,19,22.97,7,347.37
6833,257,41,2024-11-11 16:41:00,117,121.2,1,1613.96
6834,1702,47,2024-08-08 21:32:00,64,56.54,3,972.9
6835,520,28,2025-03-05 13:51:00,16,20.88,3,270.22
6836,1639,50,2025-01-12 11:36:00,40,46.11,14,385.94
6837,1838,45,2024-06-20 11:44:00,120,89.82,12,995.42
6838,1512,9,2024-05-14 12:57:00,57,51.38,11,780.08
6839,1150,29,2025-05-09 06:58:00,50,35.16,7,330.35
6840,1927,12,2024-03-22 14:45:00,25,16.86,2,219.26
6841,123,10,2024-02-12 23:17:00,86,91.76,1,1394.58
6842,1998,35,2024-05-10 14:43:00,50,66.7,10,773.66
6843,1402,32,2024-05-06 09:43:00,92,73.13,5,752.43
6844,1242,5,2024-04-06 04:42:00,100,149.98,7,1823.6
6845,1189,47,2024-05-14 19:33:00,41,37.82,42,545.04
6846,1074,18,2024-07-18 19:33:00,114,145.75,23,1367.44
6847,1601,30,2025-04-01 10:32:00,44,56.38,13,530.92
6848,220,42,2024-04-07 14:03:00,90,65.63,9,782.55
6849,1250,34,2024-05-21 11:36:00,79,116.9,0,1638.82
6850,778,26,2025-04-21 00:36:00,48,48.99,6,868.91
6851,1672,27,2024-03-16 13:18:00,61,76.16,10,991.63
6852,1090,37,2024-10-29 17:31:00,32,47.6,8,742.15
6853,797,16,2024-02-12 04:46:00,77,93.62,4,1392.44
6854,88,38,2025-04-29 05:29:00,49,55.24,1,767.22
6855,189,44,2024-02-10 04:08:00,14,10.69,2,122.0
6856,198,9,2024-11-26 21:32:00,55,36.87,12,482.86
6857,66,21,2024-05-28 03:45:00,59,70.94,5,1274.26
6858,1001,1,2024-01-01 17:55:00,67,70.24,11,616.22
6859,111,49,2024-01-24 06:11:00,30,44.03,13,363.94
6860,496,19,2025-01-24 14:32:00,105,90.12,5,1105.01
6861,1957,17,2025-03-26 17:19:00,64,54.08,7,474.62
6862,127,14,2024-03-12 06:14:00,79,113.64,11,1830.74
6863,498,29,2025-01-01 13:56:00,71,57.69,11,777.65
6864,1102,12,2024-02-09 19:27:00,105,89.24,31,1251.6
6865,1255,27,2024-10-06 04:08:00,44,34.56,4,511.61
6866,1801,6,2024-03-17 11:23:00,74,77.82,6,1194.89
6867,345,45,2024-04-15 00:30:00,79,55.9,3,518.53
6868,1589,50,2024-06-17 14:01:00,94,91.3,1,1147.89
6869,1704,40,2024-12-26 21:46:00,102,121.05,5,1987.22
6870,615,17,2025-04-04 22:52:00,53,46.13,15,519.37
6871,1234,29,2024-02-05 03:14:00,117,81.8,13,1309.14
6872,1708,32,2024-04-17 03:43:00,15,10.76,5,127.74
6873,606,21,2024-11-03 23:51:00,64,89.44,8,1579.87
6874,1083,19,2024-07-09 16:13:00,100,68.96,0,1103.58
6875,30,13,2025-03-14 11:35:00,96,87.4,15,817.4
6876,390,44,2024-04-05 22:51:00,70,64.05,5,826.81
6877,146,39,2024-03-20 12:19:00,33,23.08,0,224.57
6878,1126,50,2024-08-12 05:59:00,119,126.7,0,1632.67
6879,891,27,2025-04-23 23:57:00,109,135.45,9,1854.46
6880,1011,3,2024-07-12 20:39:00,115,101.38,10,1549.24
6881,1400,41,2024-02-29 18:52:00,61,73.0,27,745.06
6882,1356,46,2024-05-02 11:26:00,28,21.56,10,342.42
6883,353,5,2025-03-31 02:55:00,25,34.86,15,280.75
6884,91,1,2024-01-21 17:55:00,27,20.54,1,238.05
6885,269,48,2024-03-26 01:34:00,85,68.98,11,816.37
6886,1570,4,2024-09-27 18:33:00,13,11.21,34,97.63
6887,916,8,2025-03-03 00:55:00,21,18.01,5,191.55
6888,954,23,2025-04-04 18:39:00,102,70.35,17,1199.16
6889,393,37,2024-01-23 12:26:00,51,33.28,12,437.6
6890,1290,47,2024-09-14 11:29:00,101,99.65,1,979.37
6891,1942,13,2024-03-03 13:01:00,40,53.85,11,459.45
6892,1411,20,2025-04-05 10:00:00,60,80.41,6,745.11
6893,949,4,2025-04-22 22:44:00,96,87.79,8,1505.5
6894,1354,28,2024-11-07 08:49:00,108,126.59,10,1558.66
6895,614,25,2024-10-01 13:24:00,69,66.03,8,800.11
6896,1755,8,2024-05-22 05:45:00,74,64.71,0,520.95
6897,1852,1,2025-03-04 22:07:00,37,47.51,14,505.08
6898,917,33,2024-05-18 15:46:00,22,13.54,15,140.85
6899,1663,12,2024-04-07 05:09:00,51,69.48,7,710.92
6900,876,50,2025-01-29 05:41:00,103,74.9,6,1138.99
6901,551,22,2024-01-23 03:21:00,45,31.8,15,383.15
6902,946,35,2024-08-03 13:05:00,15,18.43,1,154.03
6903,1817,23,2024-11-02 02:54:00,25,26.92,12,259.15
6904,1499,18,2024-09-12 19:48:00,40,46.43,23,815.81
6905,1041,43,2024-10-22 02:18:00,17,12.16,12,214.48
6906,1834,15,2024-02-14 10:44:00,54,63.18,1,915.16
6907,1031,31,2024-07-08 15:49:00,53,53.79,3,939.68
6908,435,8,2024-09-17 07:47:00,102,111.83,6,1443.95
6909,1363,48,2024-10-02 08:17:00,42,39.87,10,325.55
6910,1368,13,2024-11-19 17:05:00,41,43.29,9,715.42
6911,1125,20,2024-03-31 19:14:00,30,43.68,27,782.22
6912,929,3,2024-02-03 15:55:00,113,165.36,14,1735.62
6913,1723,32,2024-12-04 01:04:00,16,15.68,6,188.42
6914,709,19,2025-02-08 23:52:00,82,85.1,5,1083.31
6915,478,6,2024-11-17 01:34:00,29,40.33,5,583.69
6916,985,30,2024-06-09 13:54:00,109,156.07,0,1926.33
6917,46,20,2024-02-29 16:27:00,88,117.8,0,1661.83
6918,737,25,2024-07-25 03:05:00,114,144.02,5,1945.21
6919,266,6,2024-12-27 00:30:00,50,52.62,9,536.39
6920,1152,16,2024-01-12 18:31:00,51,40.85,22,609.1
6921,406,8,2025-05-05 08:37:00,120,178.05,4,2317.49
6922,1212,27,2024-10-23 03:33:00,97,93.49,15,1046.87
6923,809,35,2024-08-09 06:16:00,50,59.68,12,1036.22
6924,1368,44,2024-03-27 05:01:00,63,83.68,4,952.56
6925,703,34,2025-01-31 07:03:00,11,8.56,11,114.25
6926,1360,45,2024-12-28 17:49:00,68,63.34,7,667.58
6927,594,40,2024-02-19 23:54:00,120,76.23,11,1252.32
6928,595,36,2025-04-13 17:15:00,20,28.09,5,348.5
6929,336,29,2025-03-08 14:32:00,110,86.76,1,1125.02
6930,1711,44,2024-11-16 06:08:00,74,49.66,2,589.02
6931,971,6,2025-04-05 15:28:00,95,65.02,0,667.05
6932,90,12,2024-01-28 15:55:00,38,37.74,15,419.25
6933,932,49,2024-05-13 03:30:00,90,103.68,8,1491.79
6934,12,2,2025-02-09 01:01:00,106,65.07,2,668.7
6935,121,44,2024-11-22 05:46:00,25,21.22,0,223.93
6936,17,6,2024-02-17 23:52:00,41,55.4,5,503.55
6937,1353,41,2024-10-12 23:56:00,19,21.32,14,334.27
6938,1924,10,2024-05-16 09:15:00,92,92.32,13,1616.13
6939,661,25,2024-02-08 16:46:00,104,144.94,9,1777.37
6940,1175,7,2024-07-10 22:40:00,79,100.32,6,1009.58
6941,814,22,2024-11-13 14:19:00,72,100.48,3,1096.74
6942,945,48,2024-12-18 03:38:00,33,40.51,0,674.78
6943,1615,15,2024-04-24 16:56:00,26,35.32,12,405.31
6944,249,37,2024-08-28 17:40:00,112,145.7,12,1957.41
6945,145,9,2024-07-12 12:26:00,97,112.06,3,1327.95
6946,1733,37,2025-03-08 18:55:00,30,37.68,39,628.99
6947,1381,2,2024-12-11 16:51:00,91,89.35,12,1032.07
6948,1885,19,2025-04-19 17:46:00,64,59.78,14,742.66
6949,1953,21,2024-11-03 14:31:00,65,67.22,0,564.14
6950,947,21,2024-01-18 23:52:00,62,66.47,6,967.57
6951,509,50,2024-08-31 07:53:00,38,42.15,8,534.3
6952,579,45,2024-02-17 21:46:00,32,31.7,12,512.25
6953,920,4,2024-08-16 07:41:00,114,124.28,11,1319.25
6954,825,1,2025-01-15 23:48:00,56,41.43,14,743.66
6955,1923,14,2024-03-10 02:15:00,37,22.3,10,293.01
6956,899,44,2024-10-13 18:10:00,112,130.56,43,2202.89
6957,337,46,2025-02-01 21:10:00,85,101.23,11,1147.61
6958,1540,32,2024-07-22 19:48:00,37,24.04,43,321.53
6959,1021,44,2024-01-17 14:38:00,103,115.76,2,1889.82
6960,1377,39,2025-02-05 23:00:00,63,45.02,2,515.84
6961,578,15,2025-01-30 09:18:00,89,59.71,15,662.95
6962,1741,30,2024-01-02 20:34:00,46,50.01,35,644.12
6963,229,46,2024-08-13 05:18:00,88,94.65,10,1541.59
6964,773,16,2024-05-11 06:27:00,57,76.8,1,1359.3
6965,514,7,2024-08-01 04:40:00,99,128.84,12,2272.67
6966,366,18,2024-01-06 16:38:00,58,43.36,15,371.51
6967,1824,46,2024-05-06 04:54:00,22,20.57,12,251.75
6968,127,5,2024-12-12 19:04:00,75,76.39,39,696.07
6969,549,22,2025-01-01 19:36:00,112,127.54,12,1627.83
6970,161,34,2025-03-19 19:35:00,95,140.56,19,1366.91
6971,497,7,2024-10-11 18:41:00,60,37.75,12,374.03
6972,640,25,2024-02-25 20:05:00,70,56.99,15,990.64
6973,989,46,2024-05-11 02:17:00,62,83.82,11,975.84
6974,672,6,2025-02-16 05:15:00,120,94.3,10,1097.82
6975,154,27,2025-02-10 09:47:00,89,60.38,13,728.29
6976,49,45,2024-04-10 12:12:00,39,41.39,9,541.78
6977,682,2,2024-01-28 14:59:00,47,39.28,10,384.69
6978,1646,21,2025-03-09 20:00:00,18,26.72,15,324.17
6979,474,26,2024-05-12 14:01:00,113,107.75,13,1522.86
6980,1729,41,2025-02-03 21:30:00,72,76.07,3,1234.05
6981,426,17,2024-02-03 09:50:00,53,38.94,8,524.74
6982,888,18,2025-01-29 18:04:00,97,129.83,23,1487.98
6983,51,37,2024-01-09 21:16:00,35,51.35,2,838.79
6984,568,3,2025-04-30 12:13:00,86,63.47,8,912.05
6985,828,24,2024-02-20 06:09:00,68,46.05,1,506.19
6986,1343,38,2024-02-23 05:27:00,108,157.49,8,2802.14
6987,483,34,2024-05-15 15:45:00,13,16.37,3,225.23
6988,325,42,2024-01-09 11:03:00,87,59.64,12,989.32
6989,490,37,2024-12-12 23:09:00,94,77.03,12,714.13
6990,1194,15,2024-03-09 17:27:00,56,58.28,3,531.0
6991,1423,39,2024-03-27 22:18:00,83,105.32,4,1380.6
6992,1524,50,2024-04-18 00:56:00,13,12.8,7,199.44
6993,231,33,2024-04-18 20:39:00,31,26.08,17,316.72
6994,1169,6,2024-09-09 14:25:00,25,30.34,13,245.11
6995,1271,6,2024-02-18 15:09:00,88,127.95,4,1327.03
6996,1938,46,2024-06-16 18:07:00,41,51.6,33,519.23
6997,1855,24,2024-05-06 11:27:00,31,38.46,14,584.41
6998,1472,20,2024-06-30 22:53:00,91,56.4,8,856.57
6999,1866,45,2024-01-15 18:16:00,23,19.32,38,283.06
7000,185,49,2025-03-02 13:35:00,31,33.44,5,293.44
7001,1333,9,2024-05-28 09:24:00,80,59.6,3,715.31
7002,769,9,2024-11-02 15:00:00,37,39.62,9,572.06
7003,1427,43,2024-11-23 20:28:00,39,28.37,20,288.72
7004,285,9,2024-05-09 05:54:00,65,50.7,6,604.72
7005,1529,6,2024-03-22 10:16:00,23,19.88,4,344.69
7006,1594,32,2025-04-26 17:17:00,71,64.78,0,698.02
7007,954,19,2024-12-22 02:28:00,64,56.38,8,602.62
7008,8,23,2024-08-22 18:19:00,95,119.6,34,1783.71
7009,374,49,2024-06-28 06:11:00,84,69.05,4,737.51
7010,1712,18,2024-12-05 17:48:00,39,33.15,11,304.55
7011,1947,38,2024-07-07 10:58:00,10,12.78,14,163.94
7012,1889,17,2024-09-09 04:45:00,79,103.16,10,1515.22
7013,57,28,2024-08-04 05:22:00,111,137.85,3,2075.91
7014,1923,12,2024-04-05 00:19:00,34,40.58,14,504.63
7015,256,17,2024-11-09 09:35:00,70,52.4,8,725.46
7016,265,28,2024-02-29 11:11:00,76,105.21,7,847.79
7017,1540,28,2024-10-08 04:46:00,16,21.98,1,287.66
7018,44,47,2024-08-30 20:32:00,119,71.86,42,944.54
7019,374,11,2024-01-19 18:52:00,26,23.94,17,192.46
7020,1441,38,2024-05-20 04:12:00,91,82.9,8,1070.33
7021,168,14,2024-01-26 23:10:00,72,99.27,4,1377.35
7022,1965,38,2024-01-06 05:20:00,21,13.03,5,126.31
7023,1225,36,2025-04-18 04:54:00,56,75.81,7,858.9
7024,1255,45,2025-02-18 23:42:00,42,60.29,5,742.3
7025,70,15,2024-04-01 05:19:00,16,17.53,14,223.26
7026,66,1,2024-04-29 15:49:00,78,54.11,3,858.71
7027,101,25,2024-10-04 10:09:00,47,44.33,11,718.96
7028,332,44,2024-01-26 17:20:00,24,34.84,2,550.73
7029,288,42,2025-03-16 16:26:00,59,86.5,0,1525.62
7030,1195,40,2025-01-02 14:44:00,47,52.64,3,475.23
7031,906,8,2024-07-10 18:57:00,17,13.79,28,225.17
7032,1026,47,2024-09-07 07:30:00,26,31.91,0,496.15
7033,299,21,2024-11-04 18:27:00,74,63.0,23,673.52
7034,470,45,2024-03-10 18:59:00,97,118.24,44,2035.02
7035,874,41,2024-09-08 02:21:00,49,72.52,5,1167.18
7036,1500,37,2024-12-19 10:43:00,89,127.34,10,2041.51
7037,168,38,2024-06-03 14:42:00,93,97.37,1,1234.39
7038,181,39,2025-02-19 02:47:00,92,113.55,1,1172.04
7039,387,15,2024-07-24 07:57:00,54,62.73,3,894.23
7040,963,12,2024-04-13 08:00:00,53,67.73,2,794.37
7041,1092,47,2025-04-21 17:41:00,65,63.6,3,1134.26
7042,1330,18,2024-12-07 07:34:00,69,44.91,3,388.16
7043,623,10,2025-03-15 03:07:00,118,166.37,10,2348.84
7044,1224,46,2025-04-02 03:39:00,28,35.08,12,394.73
7045,1190,22,2024-03-01 15:13:00,39,37.23,12,455.34
7046,1124,8,2024-05-22 07:05:00,37,48.47,8,399.0
7047,1566,48,2024-01-01 22:05:00,82,89.56,3,1456.05
7048,10,27,2024-05-06 17:10:00,33,27.93,8,289.13
7049,788,23,2025-01-30 08:58:00,82,109.94,10,967.79
7050,1053,39,2024-11-16 21:32:00,25,29.44,15,382.89
7051,1360,22,2025-03-15 10:04:00,67,76.27,11,827.53
7052,489,26,2024-10-23 17:57:00,111,70.68,6,756.08
7053,1234,46,2024-05-11 17:38:00,36,22.53,9,319.25
7054,102,34,2024-01-24 19:56:00,18,11.34,10,137.94
7055,668,26,2024-11-09 17:05:00,87,94.15,6,930.4
7056,1990,13,2024-02-13 12:30:00,85,124.4,5,1479.56
7057,789,19,2024-01-09 22:15:00,100,64.34,11,516.59
7058,1155,37,2024-10-17 00:41:00,65,55.27,3,475.42
7059,917,8,2024-01-30 18:06:00,66,76.66,33,688.37
7060,1648,21,2024-11-05 05:53:00,117,72.88,12,822.2
7061,1484,32,2024-05-28 18:17:00,55,67.18,44,668.91
7062,386,6,2024-09-25 11:55:00,117,147.15,12,2255.7
7063,681,17,2025-03-28 18:15:00,42,59.93,42,542.96
7064,303,50,2024-07-29 16:35:00,75,94.42,0,1198.15
7065,1890,41,2025-01-14 17:55:00,58,86.65,7,845.56
7066,166,39,2024-08-25 01:40:00,114,90.76,15,1295.59
7067,1076,8,2024-08-25 23:27:00,26,21.44,5,241.64
7068,1880,34,2024-10-05 03:05:00,92,116.52,3,1124.9
7069,901,30,2024-08-02 03:56:00,56,76.5,0,956.13
7070,1030,18,2024-06-08 04:16:00,59,60.27,0,518.98
7071,1782,43,2025-04-27 04:51:00,54,61.96,13,691.21
7072,190,12,2024-06-22 08:19:00,54,58.89,14,805.72
7073,1636,23,2024-02-14 19:25:00,18,14.92,11,264.13
7074,137,43,2024-12-26 08:01:00,98,136.28,0,1546.41
7075,1907,42,2024-06-02 09:54:00,83,81.38,11,768.78
7076,225,27,2024-06-27 07:35:00,115,132.65,6,2114.65
7077,2000,44,2024-01-25 14:57:00,61,58.03,12,746.3
7078,1437,10,2025-03-09 08:41:00,48,36.65,7,331.24
7079,1570,21,2024-09-03 18:37:00,73,44.39,32,702.96
7080,135,7,2024-03-08 08:23:00,106,69.17,15,856.09
7081,479,28,2024-04-24 10:02:00,96,126.5,13,1941.69
7082,100,7,2024-10-18 04:09:00,68,48.13,13,584.84
7083,423,39,2024-11-26 07:22:00,33,46.64,0,412.7
7084,1289,29,2024-03-29 13:21:00,52,54.83,6,508.37
7085,1987,28,2024-02-20 06:21:00,93,122.27,4,1986.98
7086,1886,1,2024-02-12 21:53:00,80,57.22,6,827.47
7087,1737,9,2024-11-25 20:58:00,17,10.99,30,182.68
7088,1401,15,2024-01-23 08:53:00,102,97.83,9,799.34
7089,929,7,2024-10-05 22:50:00,57,45.49,3,709.72
7090,697,26,2024-05-31 22:32:00,38,33.87,13,331.15
7091,1722,48,2024-10-11 14:21:00,34,41.41,8,556.11
7092,1912,16,2024-05-01 12:18:00,82,60.32,11,573.11
7093,1442,38,2024-07-31 08:23:00,76,77.53,2,913.46
7094,398,42,2024-11-09 06:45:00,16,12.59,4,120.99
7095,889,49,2024-10-09 22:50:00,75,48.13,0,431.08
7096,320,6,2025-03-01 22:52:00,116,104.51,15,1110.79
7097,1664,44,2024-02-14 04:51:00,106,98.68,5,891.91
7098,1119,13,2025-05-07 22:12:00,47,28.84,2,366.03
7099,1461,5,2024-10-30 09:17:00,99,122.58,11,2062.75
7100,1834,28,2025-01-12 12:59:00,84,107.49,12,1021.74
7101,413,27,2024-08-19 03:06:00,72,51.16,4,431.38
7102,625,24,2024-12-19 15:44:00,44,31.24,14,356.38
7103,706,40,2025-01-04 05:13:00,10,6.43,4,63.33
7104,366,9,2024-04-28 14:05:00,61,91.02,9,935.68
7105,445,43,2025-01-08 06:47:00,112,153.13,11,2627.88
7106,1662,39,2024-11-14 19:28:00,90,114.24,14,989.39
7107,649,9,2025-05-05 19:10:00,66,84.27,10,1380.71
7108,1994,40,2025-04-21 21:37:00,37,46.36,13,747.25
7109,879,41,2024-05-11 04:03:00,91,132.5,3,2024.2
7110,192,32,2025-04-16 22:55:00,41,27.37,2,229.94
7111,1779,8,2024-01-16 21:49:00,43,40.98,1,664.17
7112,381,42,2025-04-17 01:19:00,84,76.13,12,1293.05
7113,1096,26,2024-12-29 11:05:00,12,9.36,11,94.59
7114,1405,41,2024-04-02 04:29:00,108,133.43,7,2169.6
7115,1856,12,2025-01-12 19:00:00,31,28.1,23,275.77
7116,549,34,2024-10-05 17:55:00,12,12.51,13,174.96
7117,1486,46,2024-08-11 11:29:00,70,92.04,10,1023.36
7118,1172,23,2025-05-07 19:10:00,80,88.81,26,1086.77
7119,1562,5,2024-03-26 20:49:00,47,42.69,25,452.16
7120,536,38,2024-12-26 21:55:00,120,79.11,2,954.23
7121,1490,33,2024-05-15 21:51:00,69,75.19,3,1021.09
7122,297,11,2024-04-19 20:45:00,44,53.29,28,574.7
7123,1616,43,2025-02-11 09:34:00,48,51.49,12,812.67
7124,1621,48,2024-06-07 09:21:00,20,24.59,5,225.75
7125,754,30,2024-03-12 19:47:00,85,58.12,18,685.49
7126,114,31,2024-02-02 07:12:00,111,124.48,8,1287.51
7127,1096,9,2024-08-13 12:50:00,46,55.05,3,958.88
7128,271,14,2025-01-10 19:22:00,51,42.71,19,724.5
7129,1484,37,2025-02-02 03:53:00,36,35.9,0,583.05
7130,1627,30,2024-08-13 20:55:00,95,75.62,39,1029.67
7131,494,40,2024-11-09 23:13:00,42,40.33,12,387.53
7132,1464,31,2024-06-24 06:36:00,24,32.04,2,500.07
7133,1604,41,2024-10-25 06:35:00,30,31.96,2,418.7
7134,1478,14,2025-03-28 23:20:00,11,10.98,9,146.28
7135,1924,21,2024-06-22 00:23:00,14,13.33,3,152.72
7136,1403,6,2024-05-15 13:08:00,68,100.11,10,1196.59
7137,1300,27,2024-03-23 02:30:00,100,127.82,5,1885.24
7138,1794,46,2024-03-31 09:14:00,114,120.25,3,2114.45
7139,625,18,2025-03-22 11:26:00,115,171.09,2,2582.54
7140,1760,18,2024-10-30 19:28:00,53,41.51,12,361.01
7141,532,25,2025-01-18 06:15:00,79,66.0,10,715.39
7142,1638,1,2024-02-15 04:41:00,28,20.32,9,276.32
7143,419,6,2024-03-06 01:22:00,87,71.39,7,588.11
7144,1159,45,2024-03-18 20:59:00,33,24.3,12,234.48
7145,1955,20,2025-03-25 02:51:00,73,71.84,14,607.5
7146,1636,44,2024-07-25 16:12:00,99,108.18,5,1274.52
7147,838,29,2024-05-28 01:43:00,12,14.4,15,185.43
7148,672,45,2025-03-12 09:37:00,94,91.04,11,1334.4
7149,1225,23,2024-10-29 00:46:00,24,17.45,6,203.16
7150,1878,13,2024-01-27 03:10:00,53,42.38,6,521.97
7151,530,25,2024-08-07 18:14:00,69,45.22,40,648.76
7152,1876,28,2024-06-01 09:01:00,36,42.01,8,552.44
7153,376,8,2024-02-07 19:46:00,43,61.01,31,1069.19
7154,1546,45,2024-09-09 05:01:00,120,109.48,10,1949.5
7155,334,7,2024-07-22 23:47:00,93,131.66,10,2210.87
7156,721,21,2024-01-01 04:24:00,115,164.71,9,2632.82
7157,29,23,2025-05-10 16:52:00,36,45.16,1,570.18
7158,305,36,2024-09-14 09:50:00,84,93.99,4,1497.56
7159,1693,35,2024-11-20 17:46:00,101,125.3,12,1635.72
7160,1083,1,2024-02-20 00:25:00,90,108.95,5,1449.29
7161,584,20,2025-01-10 06:02:00,50,37.86,6,585.62
7162,871,7,2025-04-30 08:55:00,107,73.41,7,1066.36
7163,37,30,2024-11-22 05:31:00,43,53.1,0,448.74
7164,1350,41,2025-03-13 11:03:00,33,39.1,9,627.12
7165,10,29,2024-10-18 19:14:00,87,123.43,40,1893.65
7166,1050,6,2024-01-25 08:32:00,57,64.25,11,1010.2
7167,51,48,2024-07-02 08:10:00,115,99.63,14,1317.82
7168,1297,3,2024-06-06 03:49:00,49,51.43,3,545.3
7169,1393,33,2025-03-16 16:29:00,72,96.0,11,1581.22
7170,159,21,2024-12-23 12:39:00,85,114.5,4,1593.31
7171,1915,42,2024-04-12 14:40:00,108,121.4,2,1454.33
7172,1073,19,2024-12-11 00:19:00,99,101.96,12,1518.82
7173,471,1,2025-02-03 19:44:00,84,73.83,16,815.65
7174,1851,21,2024-12-01 18:11:00,108,157.58,42,1736.5
7175,957,25,2024-09-08 14:17:00,23,22.77,7,359.45
7176,574,27,2025-01-11 12:48:00,66,72.62,13,730.54
7177,908,7,2024-07-12 09:15:00,60,39.68,3,354.89
7178,830,34,2024-07-07 18:51:00,57,85.02,18,944.33
7179,1855,32,2024-03-01 13:33:00,73,63.56,5,708.38
7180,1307,16,2024-05-19 23:47:00,36,27.21,2,220.42
7181,1745,6,2024-01-14 05:42:00,112,161.41,6,2410.86
7182,1608,18,2024-10-19 21:49:00,18,15.17,1,134.23
7183,1519,9,2024-01-24 02:41:00,68,90.51,14,957.78
7184,1148,6,2024-06-09 21:30:00,82,81.39,8,1372.33
7185,387,50,2024-09-13 01:11:00,104,68.74,8,771.34
7186,1421,35,2024-03-19 08:54:00,109,112.28,0,1469.66
7187,52,48,2024-09-12 01:37:00,33,33.5,11,418.29
7188,1500,13,2024-07-28 22:18:00,30,26.91,5,397.42
7189,1391,30,2024-02-01 05:24:00,89,123.72,10,2009.08
7190,1355,19,2024-07-23 12:27:00,87,101.2,0,1299.2
7191,1432,12,2024-10-19 14:09:00,26,33.94,7,509.37
7192,1475,34,2024-11-27 14:01:00,75,104.36,7,1052.04
7193,1995,20,2025-01-21 23:17:00,54,43.61,14,761.43
7194,1791,3,2024-10-08 05:36:00,93,57.5,6,1008.79
7195,1474,21,2024-07-18 22:54:00,86,90.42,4,1227.11
7196,571,1,2025-04-22 04:28:00,76,59.29,4,865.05
7197,1131,46,2025-04-09 08:39:00,47,32.8,9,527.3
7198,938,39,2024-01-29 08:18:00,68,60.77,11,628.63
7199,1005,41,2024-11-06 05:25:00,91,56.07,13,460.37
7200,1106,50,2025-02-13 04:15:00,97,103.38,0,1817.42
7201,34,1,2024-12-15 20:11:00,86,88.18,10,1076.89
7202,987,47,2025-02-09 17:08:00,90,75.72,10,1083.95
7203,415,1,2024-11-08 04:09:00,33,48.09,3,446.17
7204,1122,7,2024-07-23 19:01:00,36,47.35,30,766.88
7205,1678,14,2025-01-31 05:45:00,29,23.34,15,220.25
7206,625,17,2024-03-11 08:04:00,108,150.43,1,1979.28
7207,1140,34,2025-04-23 20:42:00,20,16.58,44,229.49
7208,1219,18,2024-10-04 21:10:00,95,71.03,6,658.38
7209,1029,47,2024-06-03 13:48:00,119,177.05,3,2481.74
7210,1162,29,2024-02-11 01:32:00,100,68.44,12,682.21
7211,1919,8,2024-05-02 20:14:00,67,96.69,30,1465.51
7212,1395,12,2024-02-11 08:22:00,94,86.62,9,915.88
7213,269,10,2024-09-01 00:45:00,16,22.18,15,355.35
7214,1582,17,2024-03-25 05:42:00,53,61.06,14,610.99
7215,448,32,2024-05-09 16:55:00,113,104.89,1,1389.43
7216,1605,29,2025-03-05 08:54:00,38,27.76,1,430.77
7217,1820,4,2024-07-23 21:00:00,116,137.26,7,1100.78
7218,1948,30,2024-09-06 07:27:00,105,125.77,15,1962.58
7219,1955,33,2024-07-01 18:33:00,66,93.35,15,1425.63
7220,1868,48,2024-06-11 14:53:00,39,31.34,10,562.81
7221,1028,14,2024-09-12 18:02:00,33,27.13,28,429.01
7222,115,21,2024-08-11 19:46:00,47,56.92,39,671.55
7223,215,40,2024-03-27 14:47:00,77,54.5,1,687.47
7224,1295,26,2024-03-20 08:34:00,14,19.48,11,186.67
7225,537,43,2024-03-09 14:20:00,64,45.07,14,683.54
7226,1840,29,2024-03-18 01:05:00,70,95.62,0,825.81
7227,914,21,2024-11-22 10:21:00,98,93.33,14,1560.94
7228,983,16,2024-07-07 03:02:00,63,63.5,9,1058.23
7229,534,45,2024-11-05 19:50:00,75,83.05,12,1316.75
7230,1006,8,2024-12-24 12:31:00,90,93.82,1,971.08
7231,1660,11,2025-05-15 09:48:00,83,113.2,7,1669.15
7232,1496,1,2025-05-15 00:35:00,37,29.67,3,503.89
7233,983,8,2025-02-03 10:45:00,50,65.55,0,1175.04
7234,402,40,2024-11-16 06:03:00,109,147.82,0,1463.97
7235,757,18,2024-04-15 03:52:00,41,40.87,7,371.64
7236,1909,46,2024-10-19 11:50:00,98,61.34,8,828.6
7237,1055,41,2025-03-15 23:34:00,23,29.76,15,446.93
7238,1158,37,2024-08-24 07:08:00,98,74.45,4,1246.86
7239,986,34,2024-01-20 19:37:00,28,39.66,25,667.3
7240,1435,43,2024-10-21 17:25:00,36,49.92,3,713.39
7241,860,12,2024-01-16 08:27:00,116,117.62,13,2012.06
7242,1860,3,2025-01-28 07:34:00,18,24.6,2,421.47
7243,1546,17,2024-10-06 12:30:00,15,15.31,12,229.42
7244,1944,35,2025-01-18 13:54:00,114,94.71,8,1313.25
7245,246,35,2024-06-28 02:02:00,23,20.9,5,259.23
7246,1991,12,2024-06-14 10:56:00,68,54.79,3,981.78
7247,1530,3,2024-09-26 15:08:00,53,55.8,5,923.09
7248,34,9,2024-03-23 20:46:00,70,100.43,21,1290.32
7249,1857,24,2024-03-22 03:43:00,54,73.35,5,944.13
7250,1966,47,2025-05-12 21:09:00,40,26.49,3,397.63
7251,454,19,2024-02-04 23:24:00,59,86.28,7,1158.0
7252,856,30,2024-08-12 11:50:00,84,83.6,14,1037.27
7253,225,42,2024-10-19 16:44:00,45,43.5,11,430.08
7254,1895,20,2025-05-02 12:58:00,103,92.52,14,1005.17
7255,1556,49,2024-02-01 19:24:00,111,120.37,26,1794.32
7256,1094,28,2025-02-04 20:38:00,74,77.02,37,1151.48
7257,1550,26,2025-02-07 05:39:00,26,28.82,15,368.98
7258,396,25,2025-01-28 00:20:00,40,51.22,0,877.95
7259,1114,5,2024-02-13 00:01:00,14,14.47,15,193.96
7260,1993,8,2025-03-04 16:53:00,30,37.78,6,482.3
7261,513,5,2024-10-27 17:31:00,96,121.98,6,2087.75
7262,381,21,2024-01-29 23:32:00,21,24.4,7,347.7
7263,308,11,2024-08-31 08:41:00,47,65.16,8,951.21
7264,717,47,2025-05-10 09:49:00,46,65.36,5,812.87
7265,1872,32,2024-12-29 19:53:00,32,27.56,38,445.49
7266,1493,44,2024-08-23 02:29:00,49,30.45,12,413.53
7267,921,37,2025-01-29 18:47:00,43,30.66,10,454.09
7268,770,8,2024-04-21 15:27:00,87,128.44,5,1272.93
7269,770,6,2025-02-24 17:08:00,50,73.95,6,1266.01
7270,1116,32,2024-09-22 15:36:00,13,14.82,5,192.7
7271,158,12,2025-04-29 02:10:00,61,48.53,3,565.54
7272,980,5,2024-01-18 05:57:00,59,44.5,10,692.39
7273,1508,7,2024-11-07 06:12:00,50,48.87,9,532.98
7274,998,44,2024-04-03 17:11:00,74,61.33,3,1022.35
7275,727,45,2024-03-08 01:02:00,43,35.3,1,480.97
7276,143,35,2024-03-21 16:48:00,93,65.65,9,841.29
7277,1266,26,2024-12-03 13:27:00,112,133.83,6,1105.44
7278,1990,7,2024-09-07 05:38:00,105,88.18,6,1477.5
7279,974,23,2024-02-11 06:31:00,63,88.07,8,1171.72
7280,621,48,2024-11-30 03:45:00,86,108.59,15,1480.47
7281,1758,7,2024-10-11 09:52:00,51,33.73,4,270.81
7282,1479,18,2024-11-14 23:27:00,54,44.54,10,396.93
7283,1168,17,2024-01-21 11:59:00,61,66.22,11,949.48
7284,1871,38,2025-03-09 06:44:00,42,27.26,3,230.89
7285,946,24,2025-03-18 05:35:00,67,82.88,15,799.45
7286,1769,22,2024-08-29 23:42:00,100,88.88,4,1519.17
7287,689,40,2024-05-07 22:51:00,25,29.9,5,525.87
7288,346,24,2024-05-17 09:43:00,109,121.33,11,2098.12
7289,1281,1,2024-05-06 21:00:00,67,74.97,4,847.38
7290,1601,28,2024-08-28 14:09:00,40,46.27,14,678.77
7291,1066,13,2024-10-15 00:28:00,50,70.23,13,703.4
7292,10,26,2024-08-06 05:25:00,106,109.66,9,891.56
7293,1423,38,2025-03-04 01:29:00,36,36.72,4,356.12
7294,1972,47,2024-02-27 15:24:00,45,48.58,6,582.94
7295,586,41,2024-12-07 11:19:00,42,26.16,5,364.96
7296,1870,40,2024-07-04 12:21:00,12,14.39,10,222.68
7297,576,36,2024-06-02 02:40:00,44,49.0,4,655.49
7298,1715,21,2024-12-31 12:02:00,100,72.04,7,1279.11
7299,1849,5,2024-02-11 21:31:00,108,93.97,12,929.72
7300,1274,16,2025-04-18 17:47:00,15,13.73,8,163.62
7301,69,31,2024-01-04 21:50:00,118,98.72,10,1451.74
7302,215,32,2024-07-10 19:12:00,20,19.88,37,343.78
7303,135,3,2024-10-04 21:52:00,43,38.44,6,662.82
7304,157,49,2025-03-28 08:28:00,97,109.85,12,993.03
7305,368,27,2024-06-20 01:33:00,78,96.74,15,1122.34
7306,687,33,2025-02-20 10:12:00,70,79.2,15,1421.08
7307,1912,33,2025-03-05 02:27:00,101,98.71,1,1405.52
7308,676,5,2024-02-23 18:35:00,106,149.11,45,1857.0
7309,1319,20,2024-12-27 15:12:00,111,84.65,15,1219.34
7310,1043,49,2024-06-14 09:20:00,69,59.11,15,1018.86
7311,947,2,2024-07-22 01:33:00,108,126.79,10,1949.56
7312,1131,47,2024-09-16 21:12:00,49,53.23,11,884.59
7313,581,49,2025-04-28 23:14:00,31,42.41,11,469.98
7314,1995,5,2025-01-06 10:27:00,56,41.18,14,350.55
7315,173,42,2024-06-25 12:10:00,59,56.69,2,759.55
7316,1684,24,2024-03-05 14:51:00,85,62.43,1,847.96
7317,522,26,2024-05-01 03:27:00,102,131.12,8,2271.38
7318,1897,27,2024-01-21 12:43:00,61,71.44,6,1187.39
7319,489,32,2024-06-20 10:44:00,115,124.76,6,1903.45
7320,461,15,2024-11-30 02:16:00,84,69.22,4,801.33
7321,585,33,2024-06-15 18:43:00,31,32.6,21,503.78
7322,1927,26,2024-08-07 13:20:00,36,29.98,14,514.49
7323,1575,6,2024-01-18 18:01:00,12,8.84,44,153.18
7324,1,3,2024-01-11 06:57:00,31,39.46,12,477.21
7325,185,30,2024-10-14 00:32:00,101,107.09,12,1709.32
7326,632,45,2024-11-15 22:37:00,18,17.14,4,300.53
7327,1423,32,2025-02-02 13:22:00,10,7.33,9,127.09
7328,332,23,2024-02-01 02:09:00,27,35.96,3,417.69
7329,413,24,2024-04-13 14:20:00,84,124.5,5,2211.38
7330,150,38,2024-08-25 12:47:00,60,85.03,12,822.43
7331,280,39,2025-01-20 06:13:00,77,47.92,1,749.39
7332,972,44,2024-01-23 03:28:00,69,88.25,9,978.26
7333,41,35,2024-04-23 09:35:00,58,48.65,3,626.31
7334,663,1,2024-08-21 17:48:00,119,169.81,3,2935.42
7335,1967,14,2024-04-23 03:54:00,50,68.42,7,733.95
7336,1022,25,2024-03-29 03:53:00,72,61.78,0,1013.01
7337,1980,41,2024-04-23 14:22:00,23,19.97,12,215.72
7338,1501,48,2024-07-28 22:24:00,77,93.69,5,1610.36
7339,389,40,2025-01-02 14:43:00,34,49.57,4,617.27
7340,806,3,2024-03-22 16:18:00,99,115.03,13,1168.07
7341,737,24,2025-04-16 11:41:00,95,141.07,2,1327.7
7342,1347,39,2024-12-09 18:51:00,20,16.73,32,155.45
7343,392,22,2024-10-22 11:15:00,10,6.76,12,78.74
7344,1166,47,2024-09-06 01:21:00,111,162.81,9,2882.81
7345,739,44,2024-12-05 18:36:00,22,18.34,19,288.05
7346,145,1,2024-03-11 01:40:00,107,83.93,15,672.82
7347,926,5,2024-05-06 23:40:00,64,39.68,9,691.4
7348,137,10,2025-05-04 03:51:00,10,6.31,13,84.64
7349,1247,31,2024-06-30 04:05:00,15,21.12,9,285.38
7350,643,20,2024-03-30 11:43:00,52,64.32,12,1037.32
7351,375,11,2024-11-12 01:47:00,92,81.88,8,886.93
7352,194,30,2024-02-15 00:22:00,120,113.34,6,1587.39
7353,295,40,2024-04-20 22:55:00,113,133.36,1,1687.84
7354,19,25,2024-05-08 21:33:00,92,95.98,7,1088.81
7355,1075,50,2025-02-02 23:12:00,81,94.72,10,836.02
7356,1796,24,2024-11-21 04:03:00,48,48.87,0,410.42
7357,1068,13,2024-12-23 00:43:00,67,63.76,14,1068.17
7358,1798,11,2024-07-04 10:13:00,79,58.61,9,595.47
7359,480,10,2024-12-22 12:48:00,112,83.46,4,949.19
7360,872,14,2024-06-04 16:13:00,68,55.22,4,936.19
7361,475,1,2024-02-06 08:57:00,62,51.52,15,599.42
7362,1595,2,2024-05-07 16:03:00,111,126.76,10,1951.65
7363,1842,6,2024-10-04 10:44:00,31,20.32,15,183.92
7364,90,8,2024-12-20 00:17:00,106,89.4,6,747.25
7365,1564,3,2024-10-25 17:03:00,114,128.0,7,2073.53
7366,85,43,2024-10-23 13:44:00,12,7.79,15,130.65
7367,828,33,2024-05-29 21:33:00,60,56.17,9,536.7
7368,720,12,2025-03-10 14:28:00,59,63.15,14,717.11
7369,1420,28,2025-03-06 09:19:00,28,31.45,15,406.87
7370,48,6,2024-11-04 06:09:00,112,103.44,13,1680.62
7371,640,40,2024-05-23 04:54:00,33,42.46,5,377.97
7372,790,4,2024-11-09 11:11:00,34,35.98,3,638.83
7373,1248,36,2024-08-18 02:44:00,46,35.12,0,537.75
7374,1435,15,2024-12-06 10:29:00,73,73.33,7,674.79
7375,520,4,2024-05-28 18:15:00,76,71.81,23,843.78
7376,1546,15,2024-02-04 15:21:00,91,83.36,6,1276.51
7377,410,41,2024-06-01 15:29:00,93,91.94,1,1538.41
7378,1469,28,2024-06-12 17:22:00,75,54.64,13,978.75
7379,615,41,2025-02-11 12:54:00,89,100.4,2,1149.88
7380,1305,36,2024-10-18 15:14:00,91,56.94,7,861.19
7381,1543,33,2025-04-19 10:33:00,23,32.84,9,472.09
7382,260,37,2024-09-25 22:12:00,62,66.89,13,611.68
7383,44,30,2024-06-09 00:20:00,60,40.24,11,703.26
7384,724,24,2025-02-15 03:02:00,73,104.96,3,1429.98
7385,823,49,2024-11-06 12:56:00,23,15.59,0,134.72
7386,148,47,2024-09-14 14:53:00,26,29.47,0,478.49
7387,1494,12,2025-03-27 13:32:00,37,43.57,11,678.96
7388,346,42,2025-03-23 08:11:00,17,16.17,11,232.69
7389,142,50,2024-02-19 12:39:00,108,160.54,13,2263.78
7390,704,18,2024-05-06 10:48:00,29,39.7,4,609.17
7391,1589,5,2024-11-05 09:45:00,67,45.24,0,675.18
7392,1365,16,2024-03-29 15:45:00,23,14.47,15,228.87
7393,259,22,2025-05-01 14:23:00,89,120.03,3,2086.52
7394,492,3,2025-02-17 06:55:00,48,50.78,1,571.09
7395,1460,17,2025-05-04 06:56:00,20,19.97,2,306.97
7396,1324,42,2024-05-23 12:13:00,108,143.82,2,1905.64
7397,792,49,2025-03-30 23:29:00,12,14.24,15,190.04
7398,1743,14,2024-06-28 00:43:00,50,43.54,9,505.77
7399,389,7,2024-10-07 03:14:00,22,16.14,9,274.72
7400,8,37,2024-10-24 15:12:00,42,56.31,7,652.0
7401,1734,2,2025-04-22 10:17:00,98,59.36,13,625.75
7402,1813,31,2024-02-26 20:35:00,117,141.99,18,2030.37
7403,553,13,2024-07-28 17:44:00,24,18.49,9,310.2
7404,1853,15,2025-01-20 19:18:00,80,94.8,39,1545.86
7405,1600,2,2025-02-23 14:48:00,78,106.49,11,1561.61
7406,1061,18,2024-06-17 17:19:00,16,12.15,5,151.08
7407,991,25,2024-12-17 00:08:00,22,24.17,1,295.73
7408,889,32,2024-03-05 10:11:00,67,75.81,9,799.37
7409,556,23,2025-03-31 03:45:00,112,126.55,12,1569.29
7410,609,42,2024-03-14 02:46:00,116,70.41,6,573.76
7411,428,47,2024-05-21 09:12:00,116,145.42,3,1191.56
7412,1373,34,2024-05-11 05:21:00,66,91.6,11,1646.54
7413,380,15,2024-08-23 07:21:00,36,43.9,14,406.32
7414,638,34,2024-08-02 16:39:00,75,101.65,6,981.81
7415,1839,22,2025-03-10 07:21:00,13,9.96,5,124.23
7416,914,17,2024-11-29 12:40:00,84,50.95,7,671.43
7417,1008,8,2024-04-22 15:56:00,11,9.96,15,167.31
7418,1459,32,2025-01-07 10:08:00,30,22.93,2,378.18
7419,1820,41,2024-12-07 05:46:00,15,9.45,9,76.75
7420,308,14,2024-12-04 08:08:00,16,12.3,15,177.19
7421,1133,20,2024-07-09 06:22:00,116,73.03,1,675.73
7422,643,43,2025-01-07 13:15:00,79,61.5,12,747.53
7423,574,41,2025-01-21 06:26:00,53,56.02,9,793.43
7424,1241,37,2024-09-02 17:44:00,51,69.71,3,1142.98
7425,1454,42,2025-04-03 09:18:00,112,98.97,10,1036.84
7426,331,39,2024-07-18 15:31:00,34,35.44,10,489.62
7427,1786,10,2024-10-04 06:05:00,74,87.51,12,795.28
7428,1947,27,2024-07-23 07:15:00,114,99.12,1,1390.87
7429,200,22,2024-05-12 23:07:00,58,61.46,9,863.88
7430,952,30,2024-01-03 11:43:00,43,51.61,3,449.35
7431,1382,44,2024-05-13 01:55:00,64,59.78,8,1068.54
7432,813,23,2024-02-18 05:59:00,64,66.19,8,1175.61
7433,1826,2,2024-08-22 11:51:00,38,34.72,6,456.05
7434,534,24,2024-07-30 05:52:00,82,65.15,9,955.56
7435,667,28,2025-03-09 10:06:00,52,63.6,4,607.29
7436,1952,14,2025-03-09 01:38:00,115,171.24,15,2056.79
7437,701,37,2024-08-06 14:26:00,104,139.07,13,1229.04
7438,560,37,2025-04-13 17:43:00,37,29.86,9,315.99
7439,640,25,2024-09-05 18:53:00,59,66.27,23,867.64
7440,307,24,2024-12-10 05:54:00,88,60.79,9,876.97
7441,459,31,2025-05-04 06:48:00,53,62.29,5,880.23
7442,1064,15,2024-02-13 23:05:00,99,94.22,13,1175.57
7443,541,17,2025-02-02 14:33:00,65,87.77,14,877.18
7444,7,30,2024-02-02 17:05:00,22,21.2,8,222.82
7445,235,43,2024-10-07 04:25:00,106,121.11,2,1579.7
7446,1562,30,2024-12-17 01:45:00,24,21.81,14,232.96
7447,1677,2,2024-06-28 08:04:00,83,54.62,9,829.02
7448,1431,39,2024-09-30 20:20:00,94,123.11,17,2111.51
7449,592,11,2024-07-18 02:19:00,26,18.92,14,210.07
7450,608,23,2024-02-11 05:53:00,31,33.22,10,548.85
7451,1734,33,2024-10-16 20:49:00,37,43.84,11,596.04
7452,102,48,2024-04-30 11:28:00,97,82.3,2,1116.45
7453,239,3,2024-01-16 09:41:00,84,120.62,8,1449.87
7454,1709,49,2024-03-02 04:34:00,90,83.06,14,1412.93
7455,820,50,2025-03-22 07:06:00,93,83.84,2,677.33
7456,891,28,2024-08-14 01:17:00,96,124.48,11,2023.4
7457,920,39,2024-01-10 06:20:00,45,54.17,12,580.08
7458,1528,42,2024-09-27 05:14:00,119,109.95,8,1768.38
7459,1030,32,2024-07-22 19:42:00,20,21.68,36,234.7
7460,1567,34,2024-12-21 09:04:00,32,21.52,7,232.79
7461,778,3,2024-06-28 19:57:00,92,72.11,41,607.42
7462,803,10,2024-08-25 04:14:00,52,37.72,8,570.34
7463,1620,14,2024-07-14 02:07:00,41,55.82,15,478.81
7464,657,31,2024-02-22 13:10:00,117,135.55,8,1758.76
7465,766,20,2024-09-14 15:02:00,104,137.38,13,1449.32
7466,242,18,2024-07-11 18:39:00,45,47.84,42,799.02
7467,1291,23,2024-07-26 23:02:00,25,24.78,13,322.9
7468,1135,49,2024-07-30 14:50:00,66,70.89,10,730.75
7469,281,20,2024-11-12 14:49:00,53,69.91,6,588.08
7470,1314,26,2025-04-22 02:55:00,88,98.0,6,907.37
7471,1499,2,2024-05-06 17:59:00,98,124.05,3,1776.87
7472,1478,29,2025-03-26 20:50:00,46,68.35,22,1138.04
7473,1096,13,2024-08-18 23:33:00,11,13.28,14,116.81
7474,150,36,2024-08-09 10:34:00,79,48.92,9,859.05
7475,1604,8,2024-12-19 04:02:00,42,56.83,10,626.54
7476,774,21,2024-08-10 12:14:00,98,92.8,6,1105.01
7477,1998,46,2024-10-09 21:48:00,24,18.91,4,301.86
7478,1661,9,2025-03-28 05:13:00,120,78.28,9,1384.04
7479,375,7,2024-01-30 07:31:00,86,109.62,5,1867.62
7480,619,42,2024-10-02 14:36:00,101,127.61,15,1943.55
7481,1875,49,2024-02-17 05:14:00,35,31.56,14,515.54
7482,1166,48,2024-04-21 23:31:00,90,92.16,11,1287.53
7483,166,12,2024-11-03 04:37:00,116,140.6,4,1995.24
7484,1819,2,2024-02-04 07:13:00,66,40.46,9,453.6
7485,972,18,2024-12-31 00:42:00,80,112.0,1,1930.88
7486,1919,31,2024-12-27 09:38:00,91,61.01,2,1087.18
7487,1237,10,2024-10-02 04:12:00,62,69.55,9,989.84
7488,1119,10,2025-01-30 13:35:00,38,25.79,0,383.68
7489,1463,44,2024-04-21 07:35:00,35,47.16,13,730.77
7490,1531,50,2025-03-02 06:44:00,61,40.45,1,438.42
7491,1379,27,2024-02-09 19:18:00,56,78.39,36,695.5
7492,1372,47,2024-06-12 17:06:00,74,51.81,2,420.53
7493,1433,40,2024-11-04 09:42:00,29,38.25,5,368.78
7494,484,5,2025-01-15 19:31:00,105,110.68,31,1675.51
7495,1071,38,2024-04-17 20:41:00,28,17.86,12,320.71
7496,1146,39,2025-02-10 16:44:00,19,27.11,15,259.8
7497,303,47,2025-02-12 04:41:00,118,142.24,15,1564.64
7498,1517,29,2024-09-22 07:51:00,14,9.54,9,101.84
7499,13,33,2025-04-29 17:13:00,49,62.99,8,661.63
7500,695,16,2024-09-05 09:08:00,44,50.09,9,446.86
7501,1016,33,2024-06-18 17:16:00,70,89.17,1,851.84
7502,1196,9,2024-09-16 21:40:00,34,22.9,2,268.89
7503,1870,5,2024-11-01 02:00:00,47,55.32,14,868.12
7504,1442,12,2025-04-20 07:19:00,21,13.13,4,234.12
7505,617,10,2024-06-27 01:20:00,87,105.98,6,960.59
7506,1878,25,2025-01-25 05:27:00,117,129.21,9,2190.96
7507,1938,36,2024-08-27 14:50:00,65,87.78,13,778.97
7508,961,28,2024-11-20 17:28:00,99,76.06,13,703.81
7509,1780,2,2024-06-03 05:49:00,85,88.67,2,760.83
7510,192,45,2025-05-09 09:04:00,16,20.0,4,228.82
7511,1214,41,2024-04-01 06:03:00,59,53.69,3,686.56
7512,1142,11,2025-03-08 10:57:00,25,22.2,4,375.68
7513,1703,33,2024-09-20 00:02:00,49,56.25,13,979.67
7514,1688,24,2024-05-20 13:36:00,13,12.17,1,158.94
7515,1318,42,2024-10-27 23:21:00,94,140.99,15,2182.73
7516,30,17,2024-03-05 01:48:00,46,47.45,0,801.77
7517,1698,29,2024-10-13 17:52:00,66,59.29,4,703.5
7518,330,11,2025-03-22 23:33:00,42,36.37,7,374.88
7519,394,21,2024-10-09 20:03:00,120,90.9,14,781.39
7520,984,48,2024-09-01 00:01:00,28,22.82,6,255.05
7521,286,13,2024-06-18 00:27:00,32,32.69,2,503.96
7522,1705,24,2024-08-30 01:57:00,75,108.37,6,1048.32
7523,806,3,2024-05-15 03:24:00,22,19.37,10,317.52
7524,451,46,2024-06-04 18:58:00,24,29.85,42,409.64
7525,1722,20,2025-02-26 11:42:00,50,50.37,9,730.85
7526,1283,19,2025-01-05 07:12:00,39,25.38,0,258.11
7527,1802,3,2024-12-07 21:53:00,99,89.6,2,1165.59
7528,738,43,2024-09-19 11:15:00,53,31.95,13,295.68
7529,312,24,2025-05-01 17:42:00,14,17.64,8,249.12
7530,1977,37,2024-12-01 08:49:00,40,39.96,6,414.87
7531,138,12,2025-02-20 19:55:00,36,44.19,34,681.02
7532,1754,23,2024-06-21 12:49:00,80,72.55,1,1201.1
7533,1826,9,2024-01-05 20:34:00,12,11.24,44,169.35
7534,1548,32,2025-05-03 21:43:00,83,115.22,4,1440.15
7535,757,5,2024-04-18 05:49:00,105,89.46,10,783.68
7536,387,44,2024-07-08 19:06:00,42,41.63,20,351.6
7537,1496,17,2024-01-21 23:29:00,85,120.2,7,1291.6
7538,12,29,2025-02-24 14:50:00,19,25.11,13,359.38
7539,205,48,2024-01-16 17:46:00,112,141.04,3,2333.44
7540,904,16,2024-06-07 19:46:00,82,80.96,21,724.86
7541,737,15,2024-11-29 07:54:00,88,115.06,10,1152.95
7542,1013,21,2024-03-08 17:24:00,22,28.96,5,305.64
7543,48,42,2024-12-09 01:02:00,27,23.8,6,307.98
7544,1452,22,2025-03-14 17:05:00,78,62.8,1,903.72
7545,379,10,2024-10-14 15:47:00,44,26.91,15,315.38
7546,1322,32,2024-12-26 16:46:00,43,59.46,7,681.66
7547,1287,36,2025-04-24 21:02:00,100,135.06,13,1500.24
7548,227,41,2024-06-03 18:08:00,78,96.58,29,842.8
7549,1479,15,2025-04-26 22:17:00,46,47.94,5,615.99
7550,1273,27,2024-11-09 23:54:00,35,40.46,4,326.0
7551,756,6,2025-03-03 11:47:00,93,94.75,8,1528.23
7552,1777,46,2024-04-06 23:47:00,39,23.79,7,249.83
7553,558,36,2024-02-27 11:57:00,82,90.7,4,1352.01
7554,1058,31,2024-05-29 09:14:00,40,48.23,6,439.57
7555,539,41,2025-04-18 00:09:00,87,53.85,0,458.08
7556,218,44,2025-02-11 00:14:00,87,59.31,3,855.78
7557,26,32,2024-06-25 11:36:00,69,74.78,13,724.03
7558,1745,27,2025-04-09 06:16:00,74,64.76,9,669.8
7559,122,22,2024-04-19 09:59:00,43,61.84,15,1096.09
7560,1828,23,2024-01-11 16:09:00,39,42.87,3,739.18
7561,165,15,2025-04-30 14:41:00,20,22.46,10,333.34
7562,1097,50,2024-01-15 15:14:00,111,149.55,4,2556.58
7563,250,20,2024-07-13 07:22:00,53,45.83,9,565.91
7564,1065,27,2024-04-19 20:45:00,109,146.56,38,1432.2
7565,429,11,2024-04-12 16:14:00,107,79.12,4,1013.89
7566,640,40,2024-05-13 07:56:00,27,27.79,9,230.22
7567,778,23,2024-06-24 17:20:00,88,67.1,11,912.37
7568,104,11,2024-04-30 23:46:00,41,29.05,3,378.92
7569,1327,18,2025-01-04 17:46:00,13,17.37,2,182.93
7570,1351,34,2024-09-24 22:11:00,70,56.2,8,957.39
7571,95,38,2024-10-20 08:42:00,45,47.14,2,628.92
7572,1935,42,2025-02-01 02:46:00,35,47.04,4,515.65
7573,79,27,2024-03-17 02:46:00,46,67.74,3,699.32
7574,720,17,2024-08-12 06:50:00,102,83.9,1,812.8
7575,1573,21,2024-06-13 11:48:00,115,146.64,12,1453.18
7576,1291,36,2024-03-02 08:07:00,119,165.49,11,2090.72
7577,931,43,2024-02-26 17:03:00,105,105.53,8,1440.02
7578,295,49,2024-12-04 20:59:00,34,39.34,37,477.62
7579,280,35,2024-11-20 11:44:00,23,27.02,3,376.5
7580,1050,49,2025-03-07 05:49:00,67,56.97,14,612.51
7581,843,23,2025-03-14 18:41:00,106,121.23,33,991.42
7582,880,13,2024-04-26 15:53:00,98,129.18,13,1406.09
7583,1586,13,2024-07-10 07:31:00,24,18.3,9,218.53
7584,109,32,2024-01-31 20:55:00,17,19.5,31,259.44
7585,1651,2,2024-05-11 05:49:00,106,148.03,12,1505.4
7586,491,5,2024-01-26 05:25:00,55,67.06,15,725.16
7587,542,44,2024-05-29 19:12:00,60,57.25,24,644.48
7588,295,7,2024-07-23 00:33:00,41,35.59,5,609.17
7589,1040,38,2024-08-21 08:49:00,10,11.56,6,123.29
7590,1937,40,2024-12-19 22:25:00,45,46.26,6,538.39
7591,1272,46,2025-02-18 10:55:00,59,44.1,3,679.96
7592,597,10,2024-12-26 13:08:00,116,112.79,2,1979.24
7593,1104,39,2025-02-27 20:57:00,30,43.1,40,371.31
7594,428,28,2024-02-03 18:05:00,62,58.82,24,580.19
7595,292,8,2024-12-25 23:41:00,68,80.53,14,1439.87
7596,1208,18,2025-02-19 02:19:00,43,44.63,5,367.81
7597,574,22,2024-04-25 07:28:00,103,134.65,14,1882.68
7598,1426,28,2024-03-11 14:25:00,29,38.07,8,397.71
7599,839,43,2025-04-08 01:48:00,61,48.72,1,870.86
7600,1208,34,2025-04-30 05:13:00,100,79.45,2,1012.1
7601,1005,49,2024-04-14 21:40:00,56,77.13,7,1096.88
7602,153,7,2024-09-14 14:35:00,106,73.47,12,692.07
7603,1317,37,2024-09-26 15:28:00,38,34.03,3,588.27
7604,724,44,2025-02-11 20:39:00,69,54.58,29,862.78
7605,844,34,2024-06-24 00:02:00,89,76.96,8,967.1
7606,1364,49,2025-03-21 18:10:00,84,68.1,35,1073.02
7607,1913,42,2024-02-20 12:54:00,62,85.43,1,1148.71
7608,1175,9,2024-10-18 12:34:00,59,47.74,13,731.55
7609,1004,29,2025-02-27 13:14:00,89,83.45,7,1388.27
7610,263,31,2024-05-02 12:00:00,12,15.74,14,182.78
7611,23,17,2024-01-05 20:35:00,45,31.63,22,554.62
7612,474,50,2024-09-13 18:03:00,22,14.51,30,249.0
7613,1626,35,2024-11-26 04:00:00,113,168.03,15,2347.79
7614,1019,31,2025-03-12 20:58:00,84,100.05,44,1481.26
7615,254,34,2024-03-30 11:26:00,100,66.18,13,702.15
7616,1818,11,2024-10-09 20:00:00,26,36.43,45,300.96
7617,350,12,2024-12-13 09:18:00,117,111.05,2,1968.28
7618,847,21,2024-02-17 15:44:00,115,106.2,13,1272.27
7619,376,26,2024-06-30 15:52:00,16,13.9,6,186.88
7620,1086,13,2024-04-10 18:11:00,35,52.05,43,554.37
7621,1276,37,2024-12-30 03:11:00,109,104.19,2,1307.78
7622,1570,17,2024-10-21 17:23:00,67,67.0,9,648.21
7623,430,21,2024-10-17 17:16:00,17,20.59,14,170.04
7624,1665,21,2024-06-02 14:09:00,16,20.44,4,252.09
7625,1737,25,2024-12-18 10:51:00,28,31.6,13,397.94
7626,1217,17,2025-04-06 15:07:00,74,84.64,2,1271.0
7627,840,35,2024-01-23 15:14:00,101,71.01,1,588.49
7628,163,29,2024-10-18 15:30:00,61,57.63,1,491.23
7629,328,1,2024-01-13 20:58:00,41,50.02,37,554.2
7630,268,14,2024-09-18 05:08:00,41,37.28,5,350.81
7631,1234,20,2024-02-21 05:16:00,53,63.03,12,621.44
7632,1282,7,2024-03-16 23:56:00,12,9.03,8,162.53
7633,1325,2,2024-10-22 08:06:00,20,27.91,12,316.3
7634,713,11,2024-06-17 22:20:00,22,22.0,12,246.29
7635,1468,40,2024-10-13 07:26:00,48,65.44,10,540.61
7636,1228,42,2025-03-24 05:26:00,28,29.68,15,347.48
7637,1993,32,2024-03-19 01:46:00,94,117.84,3,1280.63
7638,403,1,2024-07-26 03:19:00,40,53.22,11,926.64
7639,1183,40,2024-05-28 14:02:00,86,102.6,0,1246.12
7640,1179,47,2025-01-14 17:07:00,80,88.76,7,1409.66
7641,968,5,2024-01-31 08:19:00,84,54.85,3,799.09
7642,458,43,2024-08-04 08:27:00,79,115.4,1,1934.78
7643,789,46,2024-09-29 16:29:00,75,66.2,0,654.97
7644,206,10,2024-11-25 14:50:00,118,122.2,1,1388.61
7645,1970,43,2024-10-04 23:31:00,52,34.75,10,351.76
7646,1558,17,2025-05-06 05:53:00,83,83.53,1,860.26
7647,1524,30,2025-01-09 15:12:00,39,56.5,0,941.95
7648,518,6,2024-05-11 21:52:00,34,25.45,13,389.09
7649,1322,40,2025-03-30 09:40:00,48,34.12,0,553.58
7650,1569,9,2025-04-27 06:52:00,28,40.28,1,682.21
7651,1427,44,2024-10-09 12:23:00,79,74.07,6,1287.87
7652,532,36,2024-09-05 16:04:00,88,70.94,5,1204.03
7653,131,19,2024-08-12 20:18:00,60,61.31,41,625.03
7654,1438,21,2024-02-13 22:40:00,42,29.32,13,255.08
7655,1904,13,2025-03-18 02:11:00,45,36.16,3,552.99
7656,939,37,2025-05-04 04:16:00,70,93.05,12,1666.23
7657,948,18,2024-01-25 07:20:00,91,112.92,1,947.5
7658,681,25,2024-09-23 08:07:00,119,119.48,15,1207.13
7659,115,26,2024-10-16 15:51:00,52,43.49,7,778.1
7660,373,25,2024-04-09 22:45:00,10,14.21,3,227.92
7661,1707,21,2025-04-20 01:58:00,80,116.18,4,1082.21
7662,1033,13,2024-01-23 18:09:00,28,18.7,24,188.29
7663,952,2,2024-05-09 21:20:00,110,135.31,6,1959.7
7664,1054,27,2025-05-12 00:31:00,31,35.88,6,299.55
7665,286,33,2024-08-22 06:49:00,45,40.57,4,557.22
7666,1693,8,2024-11-10 14:43:00,97,145.14,10,1644.66
7667,786,32,2024-11-15 23:15:00,25,23.54,1,340.24
7668,317,31,2024-09-19 13:12:00,103,128.25,14,2071.47
7669,1594,24,2025-01-03 12:58:00,105,72.03,1,1290.93
7670,1914,27,2024-11-06 11:59:00,50,65.29,5,1098.73
7671,216,3,2024-12-22 19:48:00,52,41.12,35,681.21
7672,685,25,2025-02-18 12:30:00,101,110.92,10,1567.72
7673,1546,7,2024-04-18 08:04:00,24,35.94,4,505.88
7674,1295,35,2024-12-16 16:04:00,11,9.27,6,125.23
7675,1373,21,2024-11-16 05:16:00,67,77.59,10,1155.24
7676,733,19,2025-05-09 11:02:00,113,118.78,10,1260.52
7677,1061,22,2024-11-03 16:54:00,115,167.38,1,1986.78
7678,104,20,2024-05-03 18:50:00,80,82.2,43,1101.38
7679,1242,38,2024-10-22 09:39:00,91,122.8,9,1924.81
7680,1731,1,2024-07-21 01:09:00,110,104.43,1,1431.82
7681,750,39,2024-06-06 01:22:00,96,113.22,3,2010.7
7682,1079,37,2024-11-12 00:11:00,10,13.16,15,166.47
7683,398,4,2024-09-29 16:56:00,21,18.83,0,181.29
7684,1188,15,2024-04-15 06:24:00,112,158.57,14,1364.67
7685,289,37,2024-09-09 18:08:00,55,44.59,29,401.81
7686,1594,10,2025-04-24 22:28:00,85,99.36,7,937.41
7687,452,16,2024-03-12 22:22:00,76,97.39,8,1529.52
7688,1599,45,2024-01-09 09:48:00,20,19.6,15,210.75
7689,281,7,2024-03-06 21:52:00,24,16.31,10,179.59
7690,557,20,2024-11-27 16:48:00,54,33.15,9,515.97
7691,1430,5,2024-01-10 21:44:00,19,18.05,2,303.26
7692,1014,7,2024-05-06 15:31:00,96,107.76,15,1111.52
7693,1926,40,2024-11-20 20:21:00,22,27.17,35,220.19
7694,390,32,2024-03-29 01:19:00,15,12.28,5,213.77
7695,1616,20,2024-01-05 09:19:00,12,8.31,2,103.46
7696,702,28,2025-05-07 22:40:00,36,50.76,9,507.59
7697,143,18,2024-06-21 11:52:00,14,9.47,0,99.55
7698,170,11,2024-09-27 13:34:00,64,63.04,14,721.96
7699,602,26,2025-04-03 19:51:00,114,119.86,22,1417.71
7700,423,49,2024-03-18 01:36:00,46,49.25,3,594.17
7701,1719,23,2024-04-07 02:56:00,84,118.34,0,1760.66
7702,967,3,2024-02-04 09:24:00,24,34.45,15,579.71
7703,117,41,2024-12-27 05:30:00,99,132.62,4,1414.44
7704,799,30,2024-10-02 07:05:00,49,72.13,12,779.14
7705,684,50,2024-01-15 16:51:00,76,95.8,7,901.82
7706,543,41,2024-04-11 19:26:00,116,129.24,29,2293.35
7707,1376,29,2024-12-13 15:13:00,29,23.9,5,252.32
7708,1810,38,2024-12-31 22:10:00,87,65.17,2,682.3
7709,284,20,2025-04-30 00:59:00,60,39.88,12,592.29
7710,1323,19,2024-07-25 00:22:00,60,67.78,4,1160.02
7711,517,24,2024-01-14 11:46:00,99,95.63,11,1402.2
7712,344,25,2024-02-12 13:47:00,84,57.56,8,1016.92
7713,1288,49,2024-09-24 21:48:00,19,14.07,10,191.41
7714,97,12,2024-06-12 12:10:00,20,22.79,8,290.65
7715,98,20,2025-01-10 09:03:00,48,35.16,3,382.76
7716,1420,44,2024-08-01 10:24:00,29,28.42,12,242.94
7717,828,20,2024-05-06 00:56:00,102,63.68,5,704.03
7718,1843,26,2025-04-02 12:44:00,11,16.12,11,253.95
7719,447,5,2025-03-06 06:39:00,100,103.26,6,1303.35
7720,979,25,2024-07-13 23:38:00,110,88.2,15,1347.56
7721,1866,12,2024-06-05 23:11:00,42,31.58,9,499.78
7722,148,12,2025-03-09 17:42:00,72,84.7,3,790.78
7723,1508,33,2024-03-15 13:06:00,30,25.55,14,318.94
7724,1162,39,2025-03-08 09:42:00,116,157.43,2,2176.99
7725,1420,3,2024-07-27 22:35:00,25,18.99,14,217.81
7726,1974,6,2025-01-05 00:18:00,14,15.44,15,252.18
7727,385,10,2024-06-14 16:59:00,60,63.18,8,834.38
7728,62,25,2025-03-11 05:17:00,68,45.34,12,520.24
7729,803,40,2024-04-09 20:54:00,106,130.24,44,2004.61
7730,1828,21,2024-02-05 05:01:00,53,44.34,11,705.69
7731,1029,2,2025-01-08 15:32:00,63,87.72,9,1109.28
7732,991,1,2024-02-28 13:37:00,58,86.94,0,1464.89
7733,310,43,2024-05-02 06:24:00,26,27.1,0,325.21
7734,1574,16,2024-12-10 17:04:00,36,47.92,10,836.32
7735,1413,9,2025-04-24 06:20:00,47,64.69,11,937.86
7736,139,11,2024-10-28 00:19:00,56,61.07,13,622.34
7737,1130,23,2025-03-05 19:59:00,56,40.55,13,462.08
7738,81,4,2024-05-22 10:50:00,21,26.71,0,409.38
7739,1317,25,2025-01-26 13:00:00,57,62.73,1,864.84
7740,1165,11,2024-11-24 08:13:00,84,98.76,2,1122.79
7741,1079,41,2024-09-18 07:10:00,29,42.11,15,360.5
7742,227,7,2024-07-29 17:47:00,59,56.77,1,545.39
7743,1104,39,2024-12-07 22:11:00,77,107.09,2,1132.27
7744,1037,39,2024-07-20 11:56:00,65,89.33,3,1453.06
7745,988,36,2024-02-26 11:16:00,96,122.4,6,2161.86
7746,1645,6,2025-01-14 02:20:00,40,44.08,7,770.75
7747,796,49,2024-11-23 09:18:00,85,66.05,14,991.36
7748,469,4,2024-04-29 09:41:00,28,27.64,14,372.38
7749,1591,18,2025-02-19 10:51:00,60,59.45,2,540.36
7750,674,23,2024-07-23 17:41:00,19,26.69,0,372.66
7751,785,20,2024-12-09 01:23:00,66,69.98,13,852.02
7752,1562,50,2025-01-09 02:30:00,79,58.6,12,968.79
7753,1774,19,2025-01-18 20:30:00,39,24.0,28,413.03
7754,1474,2,2024-03-17 14:38:00,73,91.81,4,1601.93
7755,1849,32,2024-04-13 00:07:00,115,129.8,13,1849.58
7756,1779,38,2024-06-05 12:53:00,57,74.99,4,679.18
7757,599,24,2024-11-30 12:20:00,81,91.03,8,906.05
7758,1133,28,2024-10-14 09:52:00,48,65.2,0,957.03
7759,1808,34,2024-05-20 03:52:00,48,44.95,11,808.45
7760,1941,48,2025-02-19 23:51:00,111,112.0,2,1279.4
7761,869,46,2024-08-19 18:38:00,70,82.52,43,726.52
7762,1905,28,2024-02-12 06:41:00,12,8.55,7,141.65
7763,1604,31,2025-03-22 12:13:00,86,120.88,12,1826.76
7764,1591,40,2024-05-25 19:31:00,36,53.09,38,633.51
7765,950,44,2024-12-21 12:23:00,84,119.0,9,2124.26
7766,1024,7,2024-09-30 02:43:00,71,65.37,7,696.98
7767,1190,28,2024-02-25 20:36:00,91,105.18,32,960.79
7768,1646,32,2024-06-10 13:13:00,115,151.87,8,1303.74
7769,103,10,2024-03-01 01:37:00,22,30.75,5,379.24
7770,851,40,2025-05-07 13:59:00,71,52.99,14,841.57
7771,1033,45,2025-03-03 07:13:00,32,42.52,5,501.43
7772,426,32,2024-04-12 02:36:00,62,81.65,5,901.89
7773,862,38,2024-09-13 02:48:00,26,36.37,1,447.54
7774,1140,45,2024-11-10 14:10:00,64,64.82,11,1144.12
7775,1198,6,2024-11-22 09:46:00,101,103.2,0,900.84
7776,1268,35,2024-04-18 21:49:00,85,108.24,8,1608.18
7777,600,6,2025-03-25 12:17:00,59,36.85,3,424.22
7778,3,28,2024-11-23 22:43:00,60,54.75,5,738.39
7779,1853,13,2024-01-26 01:16:00,51,47.79,12,637.5
7780,1640,22,2024-11-12 05:09:00,29,39.91,1,326.64
7781,789,23,2025-01-04 21:39:00,71,83.92,9,1209.88
7782,609,18,2024-03-10 20:03:00,20,21.14,10,213.7
7783,585,10,2024-01-01 22:24:00,103,148.02,14,2439.34
7784,355,5,2025-04-18 15:01:00,45,60.8,13,740.4
7785,968,42,2025-02-09 00:42:00,112,139.52,3,2231.51
7786,1251,25,2024-03-13 03:05:00,65,67.28,4,696.49
7787,544,25,2024-12-22 10:32:00,38,56.31,12,904.65
7788,1237,39,2024-10-03 00:47:00,105,126.73,3,1528.83
7789,851,23,2024-10-06 21:06:00,116,93.05,13,1398.08
7790,343,49,2025-05-06 04:55:00,117,74.26,12,1235.42
7791,1403,2,2024-03-12 03:15:00,119,73.64,11,607.16
7792,1170,25,2025-03-01 07:38:00,83,69.24,6,1172.2
7793,1085,36,2024-02-06 22:17:00,60,36.34,4,385.23
7794,910,20,2024-01-08 23:29:00,82,100.16,9,1728.23
7795,637,20,2024-05-25 03:42:00,69,92.49,12,1136.93
7796,790,6,2025-03-01 19:25:00,33,22.4,20,400.48
7797,483,38,2025-04-24 05:39:00,57,34.71,15,558.82
7798,169,3,2025-01-26 06:08:00,112,77.52,10,1280.04
7799,1029,46,2024-01-03 17:29:00,29,27.28,15,403.38
7800,1788,45,2024-06-18 21:04:00,103,72.41,7,1191.15
7801,1097,14,2025-04-21 21:03:00,87,53.65,10,765.42
7802,180,26,2024-12-06 15:53:00,33,37.65,2,527.38
7803,498,1,2024-05-18 04:49:00,14,9.5,11,131.64
7804,1581,23,2024-03-22 15:14:00,24,16.09,14,269.87
7805,720,27,2024-09-08 05:11:00,45,31.35,12,540.43
7806,1491,2,2024-12-24 07:54:00,76,66.96,1,599.92
7807,1386,37,2024-06-30 18:38:00,90,111.63,20,1095.43
7808,1199,12,2024-12-19 08:16:00,111,152.21,0,2309.1
7809,820,28,2025-04-19 02:54:00,54,60.28,5,900.24
7810,275,4,2025-03-24 18:31:00,115,108.84,27,1762.31
7811,792,5,2024-10-09 06:47:00,81,60.85,10,905.84
7812,244,19,2024-04-22 05:51:00,19,25.0,15,242.62
7813,717,25,2025-01-11 01:49:00,54,36.15,5,309.25
7814,1308,3,2024-10-09 13:07:00,113,164.96,0,2187.83
7815,1882,8,2024-04-12 10:14:00,76,94.74,14,1574.66
7816,307,17,2024-03-20 01:56:00,98,146.31,14,1257.06
7817,458,28,2024-07-05 18:49:00,57,63.98,30,817.78
7818,1009,47,2024-04-05 15:53:00,93,117.96,5,1653.04
7819,1434,17,2024-12-28 13:47:00,83,121.0,2,2053.02
7820,1820,5,2025-01-07 14:09:00,20,23.69,7,303.26
7821,371,45,2024-08-08 23:04:00,59,61.37,12,1050.19
7822,973,12,2025-02-22 15:03:00,29,21.18,9,186.23
7823,1610,11,2024-08-01 05:06:00,12,12.97,0,175.04
7824,1709,12,2024-01-10 18:05:00,48,59.45,17,973.33
7825,487,35,2025-02-17 08:53:00,18,23.47,7,419.94
7826,1388,5,2024-12-27 16:38:00,31,25.01,15,405.67
7827,164,15,2024-10-28 14:09:00,82,89.12,15,1440.57
7828,1084,29,2025-04-21 14:04:00,36,51.23,1,564.89
7829,1748,15,2024-09-16 15:42:00,61,64.29,0,991.08
7830,15,1,2025-01-14 15:52:00,96,121.39,13,1313.1
7831,1471,30,2025-03-24 14:47:00,14,16.04,14,213.31
7832,755,10,2024-07-10 07:53:00,108,121.85,2,1204.15
7833,1073,21,2025-03-12 09:04:00,38,26.99,14,385.17
7834,535,17,2024-10-02 21:41:00,52,69.04,3,1101.29
7835,735,17,2024-05-23 05:42:00,38,29.82,8,250.92
7836,764,46,2024-10-11 20:32:00,56,73.56,14,595.32
7837,1076,39,2024-03-18 20:52:00,23,22.99,10,389.0
7838,1361,29,2024-05-20 17:20:00,41,27.56,13,299.69
7839,1688,26,2024-12-23 00:35:00,105,105.39,4,1711.95
7840,694,17,2024-09-12 15:31:00,52,42.25,3,652.62
7841,1626,28,2024-10-01 07:23:00,34,24.36,15,322.54
7842,1655,46,2024-02-27 00:54:00,94,135.58,13,1289.57
7843,1996,39,2024-09-23 18:55:00,111,114.59,28,1399.61
7844,1574,13,2024-02-16 13:35:00,98,66.64,11,984.86
7845,151,25,2024-05-27 19:07:00,101,116.46,41,986.6
7846,555,18,2024-06-23 03:38:00,98,92.03,5,955.96
7847,52,25,2024-12-21 13:04:00,118,156.05,0,1427.23
7848,1338,18,2025-02-04 16:55:00,47,35.14,10,337.84
7849,1758,27,2025-03-07 14:07:00,86,68.47,12,1037.18
7850,1989,42,2025-02-14 09:52:00,72,102.32,0,1606.82
7851,982,23,2024-04-08 10:34:00,93,103.01,6,990.84
7852,560,14,2024-06-17 21:38:00,102,136.96,11,2349.84
7853,1998,8,2024-04-30 06:14:00,18,25.43,13,392.34
7854,764,18,2024-04-10 04:15:00,33,27.99,7,322.09
7855,253,27,2024-11-11 15:35:00,76,99.78,15,1608.77
7856,970,31,2025-02-11 05:48:00,16,14.04,15,232.52
7857,1029,33,2024-10-07 21:17:00,28,28.53,3,438.6
7858,1484,40,2024-08-05 10:26:00,46,66.07,11,1013.38
7859,1618,39,2025-03-15 05:33:00,43,26.52,6,462.61
7860,998,28,2025-04-23 19:25:00,48,60.82,27,1052.33
7861,628,1,2024-08-01 12:33:00,86,97.39,9,924.71
7862,444,11,2024-09-20 06:25:00,84,67.96,0,593.59
7863,1327,43,2025-03-03 17:31:00,32,22.47,6,307.33
7864,1489,13,2025-01-08 00:58:00,31,19.6,0,315.62
7865,1979,28,2024-11-17 20:21:00,67,93.64,20,1372.38
7866,1100,28,2024-12-07 03:26:00,103,66.22,13,576.03
7867,222,16,2025-04-27 23:59:00,118,151.06,13,2231.48
7868,1999,4,2024-12-19 13:37:00,52,75.46,1,1193.76
7869,740,48,2025-04-11 02:32:00,114,100.25,9,1447.68
7870,1861,32,2024-05-03 11:02:00,40,53.07,9,736.18
7871,1703,19,2024-02-02 12:14:00,33,24.7,10,285.19
7872,1756,15,2025-02-24 07:27:00,62,83.27,0,1460.69
7873,1796,12,2024-04-24 10:09:00,103,134.81,15,1928.65
7874,1347,9,2025-03-31 03:07:00,119,131.18,2,1374.61
7875,1665,45,2024-06-14 02:01:00,29,29.23,0,336.62
7876,1313,34,2024-02-14 08:29:00,90,100.57,1,1516.76
7877,773,9,2024-05-04 06:02:00,85,70.55,14,849.41
7878,1056,34,2024-06-21 23:17:00,35,29.22,12,467.13
7879,1697,18,2024-06-15 16:09:00,88,78.48,12,1286.68
7880,1979,31,2024-04-16 07:14:00,11,7.01,0,75.18
7881,203,25,2024-12-07 12:51:00,29,23.55,5,274.59
7882,1526,42,2025-03-01 01:07:00,26,30.42,2,423.74
7883,25,49,2024-01-02 03:05:00,27,30.48,4,259.56
7884,1360,47,2024-09-14 03:34:00,73,92.01,9,825.99
7885,792,23,2024-08-01 13:41:00,40,40.22,15,336.73
7886,534,50,2024-12-19 07:40:00,94,96.57,14,1452.28
7887,167,17,2024-04-30 11:15:00,120,106.69,8,1310.17
7888,339,9,2024-03-19 21:34:00,100,87.05,12,1033.29
7889,116,40,2024-09-06 09:50:00,109,122.02,2,1764.94
7890,780,7,2024-11-06 07:23:00,81,55.76,3,611.99
7891,1115,24,2024-11-14 09:03:00,17,14.96,12,169.82
7892,16,36,2024-05-08 12:36:00,57,48.09,8,672.07
7893,643,25,2025-01-16 22:57:00,82,110.05,14,1277.19
7894,878,49,2024-02-04 05:15:00,47,28.93,2,449.8
7895,672,9,2024-04-01 19:01:00,47,29.27,15,338.75
7896,989,28,2024-03-25 18:45:00,113,95.29,11,855.94
7897,1527,7,2024-08-23 04:49:00,33,21.05,9,215.23
7898,357,12,2024-01-13 16:59:00,27,23.42,2,345.03
7899,1122,42,2024-07-03 14:29:00,103,109.27,6,1189.75
7900,1371,46,2024-05-02 14:09:00,36,22.88,14,234.72
7901,1010,7,2024-11-22 06:24:00,104,68.83,14,871.63
7902,1184,32,2024-09-20 18:23:00,36,45.71,33,780.6
7903,334,21,2024-09-30 10:55:00,41,54.44,10,781.43
7904,1267,37,2024-06-23 03:20:00,44,30.57,9,320.42
7905,1904,4,2024-05-27 07:35:00,73,52.15,9,539.9
7906,1108,33,2024-05-30 17:48:00,61,76.71,13,1266.56
7907,1332,8,2025-04-20 09:19:00,104,76.83,1,1050.86
7908,1388,25,2024-10-23 06:15:00,109,114.14,15,1568.25
7909,100,7,2024-06-16 11:01:00,77,84.02,13,841.95
7910,696,34,2024-05-27 10:17:00,54,32.73,10,555.43
7911,1353,42,2024-04-02 19:24:00,54,44.01,12,724.55
7912,1886,17,2024-08-30 13:46:00,74,103.45,11,1807.46
7913,812,36,2024-04-30 10:03:00,55,37.84,7,407.33
7914,62,12,2024-08-22 11:23:00,43,50.35,1,465.48
7915,566,12,2025-03-29 18:21:00,12,9.8,22,120.33
7916,502,25,2024-10-05 07:19:00,14,10.35,3,95.55
7917,551,23,2024-06-01 18:33:00,15,17.48,28,207.83
7918,809,24,2024-04-06 09:40:00,84,66.5,13,805.19
7919,896,13,2024-06-07 19:07:00,63,59.12,13,693.94
7920,662,32,2024-08-18 06:54:00,102,113.98,8,1320.79
7921,1306,19,2024-04-08 13:11:00,113,90.38,2,1265.81
7922,1284,14,2024-02-07 22:09:00,97,64.7,1,876.89
7923,241,44,2025-05-08 01:13:00,79,82.17,6,1420.43
7924,1981,36,2024-01-14 01:28:00,104,109.15,3,1810.65
7925,1416,26,2024-10-09 14:58:00,11,13.47,13,223.9
7926,1929,28,2024-09-17 21:32:00,48,69.02,6,1199.66
7927,888,21,2024-01-17 19:34:00,37,29.7,44,257.21
7928,369,32,2024-03-12 09:38:00,105,67.21,8,574.29
7929,625,13,2024-11-01 07:17:00,58,85.07,8,1087.58
7930,503,33,2025-03-24 09:15:00,85,75.22,6,1246.67
7931,365,24,2025-01-04 16:00:00,21,28.08,10,441.03
7932,1365,24,2024-09-23 09:36:00,62,45.73,0,381.97
7933,374,15,2024-01-19 05:00:00,24,34.12,4,402.49
7934,1098,26,2024-01-31 03:31:00,39,41.21,10,613.88
7935,745,23,2024-01-26 11:06:00,90,98.05,14,1616.17
7936,1895,25,2025-04-24 02:19:00,30,28.43,13,266.83
7937,627,15,2024-07-29 15:30:00,107,132.23,8,1890.13
7938,1432,6,2024-02-14 00:32:00,15,9.72,5,140.38
7939,805,18,2024-11-12 03:12:00,51,60.73,15,642.92
7940,1953,34,2024-10-30 11:25:00,44,31.93,4,412.43
7941,1525,14,2024-02-16 14:31:00,106,119.33,2,962.62
7942,1590,15,2024-08-14 05:22:00,62,56.4,7,955.58
7943,1018,13,2025-05-04 08:12:00,118,103.44,2,1466.42
7944,52,49,2025-03-01 00:59:00,13,9.77,5,80.33
7945,1619,5,2025-02-15 04:28:00,69,64.72,0,769.6
7946,815,9,2024-07-10 21:37:00,57,84.29,15,1132.89
7947,606,20,2024-02-26 03:08:00,103,108.42,9,1056.71
7948,992,48,2024-03-30 15:16:00,108,152.31,4,1336.96
7949,1454,40,2024-05-11 01:42:00,104,145.38,15,1972.84
7950,1154,43,2024-02-14 06:27:00,71,49.67,2,710.57
7951,1076,19,2025-01-23 18:42:00,118,124.3,14,1781.01
7952,787,16,2024-12-19 16:44:00,113,80.71,9,715.58
7953,718,42,2025-04-13 11:00:00,85,86.62,6,862.48
7954,95,39,2025-04-17 16:30:00,15,11.99,5,180.37
7955,1723,11,2025-04-11 18:34:00,56,71.37,41,613.42
7956,1260,29,2024-11-17 21:14:00,45,39.4,9,687.14
7957,799,14,2025-02-16 21:18:00,59,49.25,8,674.37
7958,1744,22,2024-10-17 03:15:00,22,14.84,2,259.55
7959,763,9,2025-03-04 05:46:00,19,28.14,2,323.92
7960,1548,38,2024-06-30 17:34:00,19,14.2,13,226.89
7961,1492,36,2024-09-26 13:24:00,14,14.8,5,152.77
7962,486,24,2024-02-21 02:15:00,94,105.95,5,1030.53
7963,1475,17,2024-10-21 21:50:00,46,42.57,0,429.55
7964,962,26,2024-10-06 21:06:00,17,22.72,2,407.55
7965,1339,14,2025-03-01 05:17:00,70,45.39,15,448.46
7966,1047,7,2024-05-29 02:17:00,33,47.97,14,555.54
7967,1946,18,2024-12-28 10:43:00,45,67.16,11,1117.06
7968,251,29,2025-01-23 07:48:00,92,71.25,2,859.61
7969,1430,17,2025-03-06 16:29:00,60,55.92,2,983.3
7970,761,48,2024-10-15 02:26:00,60,86.31,11,980.28
7971,1378,6,2025-02-08 14:09:00,110,121.21,8,1156.55
7972,1574,14,2024-08-10 01:57:00,24,24.77,2,273.46
7973,991,11,2025-03-26 05:52:00,96,68.44,9,773.81
7974,1938,7,2024-10-15 12:45:00,113,100.08,12,1082.91
7975,596,7,2024-10-07 21:00:00,110,99.01,0,819.7
7976,666,47,2024-04-25 16:47:00,113,149.63,8,2348.13
7977,39,50,2025-03-24 14:48:00,88,84.31,3,1261.33
7978,1211,3,2025-03-16 20:39:00,69,78.1,37,881.86
7979,1180,45,2024-02-10 07:06:00,23,25.31,15,208.06
7980,1734,43,2025-04-17 16:29:00,76,96.29,10,1201.37
7981,535,45,2024-10-26 21:07:00,64,87.22,2,1067.23
7982,657,28,2024-08-29 01:43:00,83,89.09,13,1096.17
7983,1664,35,2024-09-30 10:07:00,103,101.24,5,833.33
7984,1977,36,2025-04-21 11:09:00,93,98.98,14,1397.56
7985,1656,4,2024-02-03 10:58:00,46,66.25,2,971.54
7986,1926,2,2024-07-23 16:50:00,84,92.55,2,838.21
7987,1133,42,2024-02-16 02:24:00,96,125.29,15,2235.39
7988,1096,32,2024-04-12 08:32:00,17,18.76,10,171.98
7989,517,40,2025-04-03 12:55:00,62,62.47,14,911.34
7990,1426,25,2024-10-19 10:18:00,13,9.44,3,168.76
7991,1994,13,2025-01-24 23:18:00,33,40.18,6,567.76
7992,1596,43,2024-07-14 18:39:00,54,54.85,24,884.82
7993,1301,41,2024-11-09 11:29:00,12,7.69,13,103.59
7994,599,23,2024-02-03 20:09:00,31,39.03,13,380.21
7995,1064,49,2024-08-15 17:39:00,96,140.19,1,1406.11
7996,237,19,2025-01-09 14:25:00,115,74.31,0,1020.87
7997,1791,45,2025-03-24 05:47:00,64,46.71,5,444.04
7998,1599,37,2025-02-05 22:22:00,35,34.93,5,320.93
7999,12,47,2024-10-16 17:54:00,56,43.64,14,405.6
8000,1643,9,2025-02-12 01:27:00,60,61.0,8,1025.15
8001,1327,1,2024-07-05 18:31:00,37,54.28,25,682.2
8002,1365,16,2024-08-29 08:23:00,110,147.78,1,2583.46
8003,1573,46,2024-09-21 06:00:00,101,97.02,4,1323.03
8004,1058,8,2025-03-13 14:59:00,16,13.61,13,175.31
8005,1196,20,2024-03-10 14:46:00,89,114.66,2,1409.21
8006,1941,14,2024-08-19 22:39:00,76,98.99,0,827.27
8007,1547,29,2024-03-15 00:10:00,98,123.12,5,2202.72
8008,1185,29,2024-10-15 15:00:00,108,119.38,14,1523.4
8009,1765,5,2024-06-10 21:10:00,105,91.37,5,1630.55
8010,581,16,2024-02-14 01:59:00,26,30.12,6,485.31
8011,194,2,2025-04-03 06:25:00,70,83.15,8,1344.41
8012,73,38,2024-04-04 23:21:00,115,149.31,8,1413.98
8013,50,38,2024-09-20 06:06:00,98,134.88,3,2352.38
8014,125,16,2025-02-01 08:12:00,13,18.5,3,203.83
8015,1109,36,2024-11-24 06:56:00,15,21.59,9,247.26
8016,1618,36,2024-03-08 15:40:00,55,66.93,12,882.43
8017,1136,7,2024-10-31 15:17:00,74,81.14,9,986.9
8018,900,17,2024-10-06 04:10:00,34,25.63,12,453.77
8019,521,11,2025-02-22 10:00:00,48,46.41,14,414.72
8020,1427,48,2024-12-24 15:18:00,27,25.6,9,438.93
8021,1982,27,2024-08-10 02:58:00,29,24.44,0,215.91
8022,887,43,2024-01-20 03:10:00,112,131.39,3,2146.77
8023,216,7,2024-12-19 13:03:00,68,65.11,3,535.84
8024,1921,26,2024-11-08 20:58:00,102,76.16,21,679.62
8025,1149,18,2024-08-28 05:46:00,12,8.89,12,88.45
8026,1606,20,2024-02-04 01:58:00,85,61.01,8,618.86
8027,1199,23,2025-01-17 09:00:00,95,86.42,13,1433.29
8028,1438,25,2024-05-26 04:36:00,113,107.85,3,1626.36
8029,1007,12,2025-01-27 08:50:00,107,108.3,4,1736.89
8030,1383,14,2024-02-04 16:55:00,81,90.11,1,1112.06
8031,98,20,2024-05-16 12:09:00,12,9.48,9,164.11
8032,1499,23,2024-08-31 02:36:00,89,59.5,13,880.45
8033,410,19,2024-12-23 04:54:00,90,60.0,4,1051.34
8034,204,18,2024-01-13 14:41:00,81,104.98,7,1853.56
8035,1359,25,2025-02-24 09:38:00,26,34.93,0,452.21
8036,393,34,2025-02-19 07:54:00,82,70.75,14,647.03
8037,1530,15,2025-01-07 08:09:00,48,49.94,13,732.84
8038,609,43,2024-12-08 18:08:00,26,35.05,30,524.08
8039,1636,49,2024-02-19 13:46:00,47,30.3,0,327.29
8040,1027,46,2024-10-19 11:52:00,30,25.12,8,256.75
8041,576,46,2024-12-31 22:23:00,64,56.13,12,571.52
8042,986,6,2025-02-20 16:02:00,117,79.68,1,944.74
8043,494,23,2025-04-23 15:22:00,91,101.96,15,1447.43
8044,1224,30,2024-06-10 12:29:00,55,53.72,12,784.27
8045,1016,25,2024-07-22 14:51:00,42,61.65,2,628.67
8046,1439,33,2024-02-22 12:58:00,84,108.19,8,1849.55
8047,436,11,2024-06-03 04:10:00,24,23.54,8,363.2
8048,409,45,2024-03-10 21:18:00,102,152.82,4,1405.94
8049,818,7,2024-01-07 00:18:00,83,88.17,10,1537.99
8050,88,4,2024-06-20 16:06:00,107,123.73,6,1512.56
8051,155,49,2024-05-29 12:37:00,17,15.14,2,202.41
8052,465,31,2024-07-30 11:13:00,89,90.03,1,752.98
8053,940,35,2024-04-20 08:05:00,12,13.06,15,151.22
8054,1984,38,2024-06-18 01:42:00,37,55.47,8,944.59
8055,763,8,2024-04-17 13:17:00,14,9.98,9,97.33
8056,1492,10,2024-12-18 01:42:00,96,106.07,10,851.3
8057,392,7,2024-03-15 22:53:00,22,20.33,11,279.47
8058,1731,48,2024-07-07 18:49:00,32,45.49,14,640.31
8059,900,8,2024-08-09 12:21:00,51,72.34,6,852.95
8060,95,8,2024-10-06 02:06:00,92,94.15,0,945.85
8061,1123,3,2024-12-09 07:09:00,98,90.12,6,1078.66
8062,1795,19,2024-05-16 22:45:00,89,63.1,4,1024.25
8063,1341,27,2024-06-22 02:19:00,116,159.3,3,2667.8
8064,204,19,2025-04-04 13:35:00,73,106.24,12,972.63
8065,1011,16,2024-09-01 00:11:00,25,23.44,8,269.58
8066,1772,14,2024-07-04 10:40:00,84,95.67,14,979.33
8067,408,43,2024-02-24 04:07:00,35,46.3,2,819.63
8068,1839,12,2024-06-07 06:16:00,100,119.97,12,1796.12
8069,263,39,2024-02-26 06:59:00,98,129.84,5,1140.34
8070,465,38,2024-05-21 08:00:00,107,101.18,2,1658.93
8071,597,27,2025-01-07 03:44:00,26,15.82,8,220.84
8072,577,17,2025-04-23 14:23:00,38,43.97,13,750.8
8073,58,31,2024-05-31 16:06:00,35,47.79,6,558.89
8074,433,45,2024-05-05 13:58:00,89,75.45,14,867.78
8075,1027,2,2024-12-10 00:28:00,94,86.0,11,1148.35
8076,689,21,2024-05-13 16:47:00,40,42.23,12,375.1
8077,407,44,2024-06-23 16:31:00,88,52.97,10,426.16
8078,1663,14,2024-01-22 22:47:00,86,56.39,4,770.07
8079,1958,44,2024-12-10 16:20:00,59,87.35,7,1036.63
8080,828,29,2024-04-09 03:58:00,37,47.39,12,733.89
8081,1413,34,2024-07-22 07:13:00,79,88.45,10,979.8
8082,48,8,2024-12-08 02:11:00,20,17.17,11,241.74
8083,1636,48,2024-04-07 19:14:00,82,68.36,38,1220.67
8084,1049,48,2025-01-30 04:58:00,111,119.81,3,1879.16
8085,1812,27,2024-07-07 23:39:00,107,142.0,0,1553.3
8086,360,36,2024-12-02 14:18:00,49,49.7,0,588.75
8087,1112,6,2024-04-15 07:21:00,73,78.13,5,1107.8
8088,1207,10,2024-05-17 23:18:00,26,21.02,10,330.98
8089,832,35,2024-09-21 09:13:00,106,120.07,7,1760.72
8090,1672,40,2024-07-18 00:25:00,99,72.32,13,720.55
8091,1441,10,2024-04-27 19:07:00,86,62.23,28,790.48
8092,1431,48,2024-09-14 21:42:00,70,59.55,8,955.59
8093,860,46,2024-12-14 22:51:00,11,15.11,3,218.95
8094,1719,35,2024-07-29 16:57:00,115,108.9,5,1388.28
8095,1693,39,2025-03-25 09:59:00,76,53.39,5,750.72
8096,845,19,2024-06-13 09:33:00,116,172.76,4,2177.82
8097,256,37,2025-01-10 23:22:00,87,58.52,3,833.16
8098,1203,17,2024-02-26 23:14:00,61,52.93,14,672.6
8099,1185,7,2024-03-02 17:32:00,46,63.32,1,971.25
8100,239,17,2024-08-16 22:00:00,81,61.49,6,546.05
8101,1212,25,2024-02-26 15:41:00,28,25.69,4,380.91
8102,1058,17,2024-12-18 08:58:00,103,77.62,14,1376.11
8103,1309,33,2025-03-09 00:16:00,56,50.03,2,888.71
8104,1897,35,2025-03-19 19:36:00,57,40.15,16,576.55
8105,1381,31,2025-04-07 09:48:00,91,129.27,14,2236.02
8106,1962,28,2025-01-19 23:47:00,39,37.14,3,613.66
8107,446,50,2024-08-28 00:19:00,68,43.38,5,430.7
8108,929,49,2024-03-04 20:44:00,30,27.79,34,440.78
8109,380,8,2025-01-10 04:00:00,38,56.26,11,739.47
8110,1599,16,2025-05-13 19:40:00,94,94.01,31,830.07
8111,1626,44,2025-05-05 13:40:00,33,40.65,11,386.11
8112,65,24,2024-07-04 16:36:00,69,52.19,11,728.23
8113,1619,37,2024-12-07 19:32:00,112,119.36,30,1880.51
8114,734,11,2025-03-10 05:38:00,29,33.36,15,529.33
8115,373,24,2024-11-18 18:50:00,80,68.41,45,1100.57
8116,1871,21,2025-03-07 09:08:00,30,40.72,10,445.65
8117,1029,47,2025-04-08 14:59:00,32,43.4,3,427.84
8118,1033,43,2024-12-18 21:36:00,61,61.19,7,888.45
8119,1385,44,2024-04-30 14:01:00,118,137.91,6,1304.79
8120,105,1,2024-11-16 02:28:00,20,22.95,11,405.37
8121,730,31,2025-02-10 13:12:00,26,29.53,11,427.93
8122,245,26,2025-03-13 13:08:00,19,26.37,13,378.49
8123,1716,31,2024-05-18 17:47:00,58,45.51,9,735.7
8124,105,16,2024-11-25 00:13:00,62,59.14,13,868.07
8125,111,9,2024-07-16 20:32:00,68,91.46,39,1036.76
8126,1030,17,2025-04-09 00:21:00,38,55.88,2,744.0
8127,1130,27,2024-06-18 17:20:00,33,25.34,15,301.61
8128,253,29,2024-03-21 14:17:00,63,41.09,7,689.32
8129,185,1,2025-01-25 11:55:00,81,117.29,5,1881.6
8130,924,2,2025-03-06 07:23:00,21,21.61,8,318.0
8131,1419,37,2024-08-15 08:21:00,11,14.97,0,210.15
8132,102,28,2024-05-16 21:16:00,16,21.15,15,308.79
8133,148,41,2024-03-29 21:20:00,39,51.47,13,466.51
8134,666,22,2024-11-16 10:11:00,116,161.46,0,2568.96
8135,1941,29,2024-10-13 21:46:00,33,21.4,11,289.43
8136,235,15,2025-04-18 00:57:00,75,110.77,7,1544.7
8137,391,8,2024-02-08 13:40:00,89,79.3,3,913.83
8138,261,10,2025-03-29 06:16:00,51,66.96,1,1092.48
8139,1128,37,2024-08-04 00:43:00,112,161.28,2,2748.47
8140,1760,14,2024-09-06 12:24:00,113,115.35,1,1365.79
8141,21,28,2024-01-28 10:45:00,17,21.09,9,174.62
8142,196,6,2024-10-03 07:11:00,80,100.56,0,1636.83
8143,1527,7,2024-12-03 09:46:00,45,28.65,0,307.53
8144,1869,34,2024-10-16 06:20:00,38,26.26,6,404.06
8145,1770,19,2024-08-09 03:22:00,95,87.64,4,955.54
8146,1453,6,2024-02-04 07:59:00,43,28.85,3,270.71
8147,1500,36,2024-10-16 04:55:00,115,108.81,7,1227.31
8148,1303,12,2024-08-29 07:34:00,36,49.13,13,780.11
8149,1119,21,2024-07-27 00:45:00,62,91.29,8,1027.05
8150,831,33,2024-11-18 08:28:00,16,23.44,6,393.36
8151,1269,24,2024-09-08 18:42:00,85,83.81,16,821.7
8152,1295,16,2024-10-31 23:16:00,42,56.15,8,795.53
8153,11,30,2024-11-29 22:35:00,49,43.9,8,461.15
8154,1334,47,2024-02-01 23:51:00,31,41.17,7,353.38
8155,1673,31,2024-02-28 09:41:00,59,79.16,1,1150.67
8156,1383,10,2024-10-11 13:00:00,117,78.1,2,1021.28
8157,911,27,2025-03-03 19:04:00,14,14.83,44,224.21
8158,1106,7,2024-12-21 20:48:00,38,38.97,13,355.62
8159,91,19,2024-08-23 00:32:00,93,109.65,8,1642.53
8160,519,17,2024-06-10 07:49:00,117,141.15,11,1702.18
8161,275,6,2025-05-13 22:04:00,82,99.41,10,870.69
8162,1805,6,2024-01-04 18:17:00,56,70.21,18,843.93
8163,1840,49,2024-09-25 20:59:00,26,17.26,31,199.65
8164,615,28,2024-03-29 21:56:00,120,73.18,0,590.47
8165,1050,35,2025-01-18 16:41:00,70,82.46,9,1273.8
8166,219,20,2024-05-02 14:57:00,66,49.43,5,646.09
8167,668,28,2025-02-07 18:46:00,97,74.78,27,1019.77
8168,728,19,2024-10-01 17:04:00,102,65.32,15,653.74
8169,950,27,2025-03-17 22:54:00,19,21.5,1,222.92
8170,1961,31,2024-08-19 07:05:00,22,13.39,5,216.66
8171,654,45,2025-02-19 06:50:00,68,101.01,10,1674.79
8172,1189,15,2024-04-16 10:34:00,50,35.14,11,515.57
8173,1282,19,2024-10-21 08:02:00,95,58.71,8,1011.43
8174,884,31,2024-03-09 07:37:00,68,88.08,2,796.33
8175,1984,33,2024-03-14 03:48:00,105,133.94,14,1577.52
8176,1583,49,2024-12-15 01:20:00,95,140.75,11,2381.53
8177,1097,43,2024-11-20 21:43:00,69,103.13,1,1084.67
8178,755,15,2024-12-20 14:58:00,69,66.63,13,851.87
8179,512,9,2025-03-06 11:56:00,44,49.67,12,412.31
8180,1677,32,2025-02-05 00:11:00,80,93.66,6,1641.73
8181,1630,32,2025-03-05 04:13:00,80,50.05,14,458.85
8182,320,8,2024-07-25 23:52:00,114,113.12,12,1665.21
8183,791,34,2024-11-18 22:11:00,71,57.22,5,757.33
8184,1781,4,2024-11-30 08:10:00,60,65.28,9,711.94
8185,1688,1,2024-11-18 20:40:00,101,147.43,35,2649.85
8186,1080,37,2024-06-18 16:38:00,87,113.54,7,2025.56
8187,145,40,2024-02-09 21:52:00,114,144.39,6,2214.6
8188,1887,18,2024-06-01 04:06:00,71,81.26,6,893.58
8189,1416,35,2025-02-02 11:26:00,42,58.09,0,629.24
8190,850,11,2024-05-12 00:54:00,109,95.74,9,1720.39
8191,198,26,2025-04-22 06:05:00,64,80.15,12,1256.74
8192,590,7,2024-09-06 01:03:00,17,13.58,14,188.25
8193,527,29,2024-05-16 04:07:00,26,33.12,1,405.95
8194,1790,44,2024-07-21 00:23:00,96,123.01,0,1837.38
8195,1097,50,2024-06-15 13:37:00,10,12.77,3,182.27
8196,107,33,2025-03-26 16:32:00,11,10.95,4,117.77
8197,1948,4,2024-09-01 10:15:00,12,17.59,14,293.97
8198,299,10,2024-07-13 19:27:00,109,162.84,35,2818.29
8199,463,18,2024-11-13 10:56:00,120,128.38,13,2277.19
8200,183,48,2024-06-15 22:02:00,15,16.14,10,251.6
8201,1179,5,2024-12-30 09:44:00,59,53.99,13,915.96
8202,1614,38,2024-03-27 03:09:00,66,43.47,10,409.38
8203,190,31,2024-03-03 16:26:00,70,45.79,13,597.62
8204,1758,45,2024-12-31 23:51:00,70,50.84,0,914.19
8205,1581,28,2024-05-10 17:41:00,50,72.34,14,635.31
8206,449,9,2024-12-06 10:35:00,21,25.85,13,260.77
8207,1136,6,2024-04-26 00:53:00,14,12.23,7,205.94
8208,1800,10,2025-05-15 11:41:00,60,66.62,10,696.68
8209,1531,42,2025-01-07 19:55:00,96,78.3,31,1062.22
8210,1952,6,2025-04-24 17:31:00,98,92.31,9,741.54
8211,1890,28,2024-07-12 02:01:00,117,76.89,13,1360.09
8212,1867,45,2024-02-03 18:22:00,105,110.95,14,1767.39
8213,188,34,2024-11-09 06:45:00,29,32.38,13,364.03
8214,877,25,2025-01-31 03:19:00,55,33.86,2,458.27
8215,1150,31,2024-10-13 11:55:00,17,24.9,14,274.1
8216,1461,13,2024-07-16 20:04:00,32,28.97,28,279.87
8217,1353,43,2025-02-27 22:24:00,22,32.29,2,300.44
8218,130,21,2025-02-21 22:10:00,18,13.32,7,211.84
8219,435,35,2024-08-20 06:01:00,15,18.22,1,290.88
8220,1331,11,2025-02-22 16:37:00,66,75.36,11,1316.71
8221,466,30,2025-01-15 14:23:00,65,94.57,9,1365.06
8222,45,36,2024-10-29 09:23:00,27,16.96,4,299.93
8223,692,39,2024-05-19 23:00:00,34,35.56,8,492.29
8224,1422,6,2024-04-08 07:01:00,85,90.21,8,1381.97
8225,740,10,2024-12-31 04:52:00,57,50.81,8,817.65
8226,347,33,2024-06-23 02:16:00,21,29.47,12,452.78
8227,303,23,2025-03-27 10:33:00,109,107.7,3,1114.9
8228,1505,13,2025-04-19 20:13:00,11,10.04,16,161.36
8229,1288,15,2024-02-25 02:07:00,95,113.11,7,1462.11
8230,1930,14,2024-12-22 13:30:00,101,123.16,1,1615.4
8231,1521,8,2025-04-28 06:47:00,57,71.45,5,1100.36
8232,311,5,2025-02-20 03:04:00,23,24.49,0,427.25
8233,1125,14,2024-12-05 23:03:00,74,76.51,6,1289.25
8234,424,3,2024-11-03 20:52:00,18,13.85,15,198.09
8235,1244,36,2025-04-27 13:52:00,12,8.95,4,121.89
8236,834,43,2025-04-15 21:46:00,74,86.75,3,924.73
8237,418,49,2024-06-11 20:51:00,76,74.44,44,780.24
8238,1931,24,2024-09-15 22:35:00,11,10.19,14,131.04
8239,1949,38,2024-08-11 16:02:00,68,65.76,15,900.17
8240,366,18,2024-05-25 13:16:00,44,32.68,6,475.85
8241,1915,37,2024-09-28 23:40:00,102,96.23,8,797.03
8242,1486,50,2024-10-25 05:43:00,108,110.66,4,1523.58
8243,1654,32,2025-04-09 11:16:00,28,36.86,4,636.4
8244,1312,17,2024-10-10 18:35:00,14,9.54,39,113.23
8245,1181,36,2025-02-01 06:52:00,61,47.04,3,534.31
8246,1276,26,2024-07-01 16:24:00,63,76.19,3,817.64
8247,1598,16,2025-03-03 08:34:00,118,97.58,10,1720.52
8248,665,16,2024-08-03 14:36:00,114,159.08,6,2309.71
8249,353,27,2024-04-07 06:16:00,54,65.56,1,856.74
8250,145,5,2025-04-16 15:22:00,116,161.79,12,1954.39
8251,178,46,2024-05-29 09:42:00,64,60.81,8,1054.66
8252,121,34,2024-12-21 19:51:00,101,92.45,17,785.03
8253,89,25,2024-02-29 03:16:00,11,15.89,5,231.79
8254,1693,41,2024-06-22 18:26:00,11,10.33,32,136.46
8255,1750,23,2024-03-29 05:56:00,107,120.75,11,993.64
8256,1376,20,2024-05-27 06:27:00,12,15.86,8,211.59
8257,1663,19,2024-09-30 21:44:00,101,122.31,2,1630.55
8258,1016,19,2024-06-14 14:47:00,50,49.85,4,614.29
8259,438,28,2024-11-02 22:43:00,11,12.89,15,224.68
8260,1950,15,2024-11-27 01:14:00,64,58.86,1,744.67
8261,564,28,2024-08-12 08:13:00,34,29.5,0,403.16
8262,1397,30,2024-01-28 10:21:00,53,69.46,3,1038.39
8263,1377,13,2024-04-15 06:52:00,109,93.95,7,1452.78
8264,1571,31,2025-01-06 04:43:00,72,88.54,13,1324.11
8265,198,33,2024-09-16 11:15:00,105,87.32,4,1040.17
8266,255,44,2024-01-25 03:21:00,105,112.21,10,1982.99
8267,312,25,2024-04-16 05:13:00,20,12.83,10,162.9
8268,1054,45,2024-10-07 09:26:00,28,41.15,11,674.47
8269,276,2,2025-01-18 22:05:00,21,22.4,12,375.16
8270,355,31,2024-03-25 12:14:00,105,91.67,2,1448.81
8271,1118,6,2024-05-24 18:28:00,113,140.69,26,1277.57
8272,1866,5,2025-02-24 16:44:00,120,85.64,2,1238.98
8273,1955,48,2025-03-28 03:49:00,34,43.35,8,574.7
8274,1516,35,2024-10-13 04:29:00,63,77.41,8,781.78
8275,1221,17,2024-08-09 07:23:00,67,84.45,12,1213.37
8276,1555,13,2024-06-11 08:30:00,39,52.81,9,598.28
8277,228,20,2025-03-03 22:50:00,67,51.36,8,893.71
8278,1524,30,2024-10-31 06:07:00,98,116.18,0,1443.19
8279,263,16,2024-04-07 13:28:00,75,51.96,4,791.88
8280,680,23,2024-05-18 05:53:00,38,37.81,14,473.41
8281,1437,2,2024-05-18 21:06:00,42,56.65,10,972.86
8282,1107,35,2025-04-07 13:05:00,37,35.35,6,336.12
8283,754,37,2025-01-20 01:25:00,41,29.31,14,366.89
8284,1552,22,2025-04-27 08:46:00,74,63.45,0,687.0
8285,139,1,2025-05-14 21:38:00,83,86.13,10,1084.47
8286,1455,1,2024-02-05 21:36:00,61,75.94,12,1129.34
8287,1173,14,2025-02-25 18:36:00,104,79.93,44,1177.5
8288,399,25,2024-11-22 22:02:00,109,134.47,15,1857.8
8289,1224,3,2024-12-31 18:31:00,104,126.06,44,2202.53
8290,1289,12,2025-02-20 00:31:00,94,132.95,7,2322.06
8291,1433,16,2024-09-23 02:56:00,11,7.67,6,92.33
8292,267,18,2024-01-03 16:47:00,34,22.9,10,364.16
8293,307,46,2025-05-10 22:24:00,43,55.81,15,606.05
8294,517,21,2024-07-29 22:56:00,34,42.66,5,402.94
8295,1320,48,2024-06-17 00:23:00,49,58.01,14,891.37
8296,1771,34,2025-02-28 21:18:00,74,102.52,0,1591.14
8297,1833,24,2024-10-22 10:16:00,71,60.93,0,504.77
8298,1092,37,2025-01-11 04:14:00,48,63.27,7,924.9
8299,1773,7,2025-05-10 09:55:00,32,43.7,9,433.73
8300,1031,43,2024-09-20 01:50:00,25,20.53,14,342.03
8301,365,43,2024-05-19 19:10:00,78,85.56,28,1391.93
8302,1603,48,2025-02-10 18:25:00,87,112.49,30,1453.03
8303,1084,44,2025-03-31 10:14:00,90,91.7,3,894.81
8304,310,1,2024-09-05 04:05:00,115,157.51,1,1779.8
8305,12,12,2025-04-13 05:09:00,44,46.04,1,474.63
8306,1313,45,2024-02-13 07:50:00,118,148.23,6,1873.56
8307,1795,2,2024-01-31 12:34:00,49,29.85,13,321.71
8308,304,37,2025-02-24 07:35:00,118,109.25,11,916.95
8309,1285,38,2024-04-06 05:49:00,120,154.11,1,2294.43
8310,1496,34,2024-03-09 21:08:00,112,156.28,8,2315.15
8311,1472,38,2024-03-03 07:02:00,90,85.06,3,680.6
8312,760,21,2024-12-02 15:03:00,45,31.91,6,385.33
8313,4,49,2025-03-27 12:17:00,22,20.62,3,364.63
8314,254,33,2024-03-10 05:10:00,46,32.27,5,498.55
8315,1182,24,2024-02-01 02:01:00,26,21.33,6,357.93
8316,324,47,2025-05-12 03:13:00,82,91.83,4,1585.31
8317,1107,21,2025-04-19 16:57:00,25,21.37,5,276.72
8318,650,3,2024-03-29 04:06:00,101,85.03,2,1014.04
8319,191,4,2024-12-19 02:38:00,115,156.68,10,1603.88
8320,291,6,2024-01-01 10:39:00,71,74.7,9,1344.58
8321,1619,12,2025-02-20 21:34:00,21,27.69,7,397.61
8322,1722,8,2024-12-30 20:39:00,92,80.43,17,1146.0
8323,1170,30,2025-04-28 19:50:00,78,107.79,41,1300.56
8324,45,43,2024-02-24 19:52:00,93,118.35,16,1074.65
8325,566,14,2025-01-09 03:52:00,65,79.42,1,697.59
8326,599,8,2025-04-28 00:59:00,48,57.93,4,935.65
8327,833,17,2024-12-06 11:24:00,28,33.12,0,473.54
8328,1262,36,2024-04-06 20:11:00,100,104.53,37,1637.66
8329,298,42,2024-12-19 21:36:00,36,41.36,4,485.26
8330,1307,47,2024-12-25 04:03:00,105,157.38,10,1855.09
8331,844,45,2025-01-09 14:39:00,101,69.2,13,861.32
8332,1722,5,2025-04-02 04:29:00,114,151.27,9,2426.22
8333,1445,2,2024-02-19 07:01:00,54,79.89,14,743.46
8334,1634,13,2024-05-07 20:47:00,31,27.23,39,437.27
8335,939,43,2024-04-11 00:25:00,81,79.61,15,1404.41
8336,1721,28,2025-02-27 03:36:00,33,47.78,1,722.26
8337,1953,9,2025-02-23 22:09:00,79,97.28,9,822.11
8338,29,10,2024-07-25 02:27:00,120,114.14,8,1278.02
8339,125,7,2024-06-12 13:47:00,93,66.68,10,1065.08
8340,537,34,2024-02-28 19:48:00,12,11.6,28,131.35
8341,1321,48,2024-11-08 17:11:00,100,99.5,2,1077.79
8342,971,3,2024-06-23 21:47:00,65,56.62,14,836.39
8343,1728,31,2024-03-15 18:07:00,31,29.77,42,266.51
8344,1687,16,2024-04-24 08:22:00,38,29.36,9,475.09
8345,43,40,2024-11-22 04:26:00,86,86.72,6,875.32
8346,104,46,2024-03-31 01:32:00,53,64.6,1,931.96
8347,820,17,2024-06-22 19:33:00,11,16.32,26,172.25
8348,698,35,2025-02-17 11:27:00,55,69.34,11,609.48
8349,1670,31,2025-01-17 08:44:00,41,53.24,11,928.03
8350,515,19,2025-01-20 22:42:00,91,108.99,4,1694.72
8351,36,38,2024-07-09 08:20:00,56,47.23,2,464.07
8352,1078,14,2024-02-07 03:51:00,67,93.79,9,1621.7
8353,1196,19,2025-04-07 08:58:00,26,19.9,7,187.19
8354,1302,37,2024-06-20 21:32:00,68,101.38,9,968.47
8355,1947,39,2025-02-26 13:47:00,38,22.92,8,324.35
8356,657,42,2024-06-23 00:36:00,111,153.53,14,2044.19
8357,1381,25,2024-12-29 09:04:00,65,50.54,5,660.17
8358,1881,5,2024-01-07 23:21:00,102,138.0,5,1583.88
8359,337,7,2024-03-02 16:37:00,103,142.96,12,1371.33
8360,216,6,2024-08-10 12:23:00,116,163.34,11,1944.06
8361,1825,41,2024-08-06 07:00:00,16,23.06,9,373.68
8362,1665,13,2024-04-13 10:37:00,119,164.83,2,1892.92
8363,1684,19,2024-01-07 14:42:00,90,83.58,10,1268.94
8364,1162,19,2025-03-10 02:16:00,59,87.21,14,1567.63
8365,697,40,2025-05-03 04:44:00,74,57.4,12,925.28
8366,755,49,2024-08-30 14:16:00,99,68.44,12,631.39
8367,1678,28,2025-04-16 11:26:00,97,92.53,10,1574.85
8368,824,20,2024-01-07 12:13:00,41,38.73,10,506.88
8369,235,29,2024-02-29 02:03:00,64,71.25,13,897.45
8370,800,39,2024-04-25 19:56:00,33,28.14,36,486.59
8371,465,20,2024-05-25 06:27:00,86,122.61,10,1083.26
8372,852,12,2024-12-31 16:13:00,73,83.12,9,1034.0
8373,1292,19,2024-02-05 15:47:00,37,29.64,7,360.04
8374,1927,4,2024-02-29 01:30:00,78,113.01,15,1337.02
8375,1400,3,2024-07-07 06:18:00,105,157.32,1,1580.92
8376,1907,36,2025-03-05 22:49:00,22,21.68,11,373.03
8377,1252,47,2025-03-29 17:40:00,91,59.14,12,537.64
8378,1733,20,2024-07-14 09:35:00,110,150.46,12,1213.04
8379,1072,43,2025-05-05 11:54:00,67,94.57,9,1162.36
8380,1714,2,2024-04-14 12:56:00,35,41.83,9,389.13
8381,1598,28,2024-07-26 05:09:00,73,50.27,4,445.99
8382,459,27,2024-07-17 23:21:00,65,63.5,7,1143.0
8383,115,25,2025-04-12 21:49:00,117,74.86,15,1275.02
8384,1020,44,2024-09-10 05:59:00,110,131.96,13,1548.5
8385,914,27,2024-02-08 08:29:00,99,97.93,11,1461.98
8386,1523,31,2024-11-17 03:26:00,42,26.26,5,251.52
8387,226,46,2024-12-03 23:08:00,114,88.49,8,1428.64
8388,695,47,2024-08-17 05:17:00,98,81.96,2,1028.93
8389,555,35,2025-01-02 05:27:00,22,19.16,2,158.22
8390,1220,22,2025-04-15 20:30:00,75,99.45,45,1038.51
8391,1064,41,2025-01-24 00:31:00,11,8.79,7,136.13
8392,719,26,2025-01-26 13:30:00,11,9.97,7,144.3
8393,1710,43,2024-01-21 17:49:00,52,35.26,6,473.57
8394,790,4,2024-07-22 18:25:00,98,74.92,45,1311.27
8395,746,27,2025-01-14 18:05:00,18,11.5,22,93.55
8396,1112,38,2024-08-13 11:33:00,59,46.71,0,809.59
8397,113,19,2025-01-29 08:06:00,59,39.35,12,565.04
8398,1383,7,2024-04-13 00:25:00,35,31.33,11,311.36
8399,1917,27,2024-02-15 20:51:00,106,138.2,10,1507.41
8400,1055,2,2024-09-20 17:58:00,10,8.83,15,149.65
8401,1781,44,2024-10-25 16:45:00,101,104.67,8,1655.9
8402,1740,4,2024-03-27 09:48:00,85,69.65,14,603.62
8403,442,35,2024-11-03 19:48:00,28,28.35,24,322.72
8404,577,49,2025-03-18 08:43:00,44,39.73,0,453.69
8405,1505,29,2025-04-09 06:41:00,17,24.91,10,232.22
8406,154,50,2024-05-21 22:22:00,111,134.49,5,2192.18
8407,754,47,2024-11-23 12:27:00,39,38.65,1,447.84
8408,284,34,2025-04-14 02:26:00,35,47.17,13,485.18
8409,183,30,2024-05-04 06:48:00,35,52.31,11,625.62
8410,1289,16,2024-07-20 18:48:00,91,81.91,12,1254.57
8411,1296,4,2025-02-10 03:21:00,96,60.53,7,647.96
8412,245,28,2024-03-19 19:11:00,35,43.9,35,432.06
8413,1747,16,2024-05-14 06:15:00,57,83.38,2,1312.75
8414,355,2,2025-03-31 10:31:00,49,56.61,2,576.97
8415,1096,28,2024-01-02 12:32:00,33,35.56,14,557.05
8416,1614,43,2024-12-05 16:28:00,14,10.19,8,119.23
8417,635,45,2024-06-16 07:57:00,25,30.2,1,383.67
8418,1310,38,2024-12-25 01:30:00,13,7.98,12,67.09
8419,1176,28,2024-08-26 09:16:00,39,46.02,10,820.95
8420,1201,50,2024-04-25 08:23:00,93,133.83,2,1614.65
8421,1379,8,2025-04-26 11:56:00,93,109.63,13,1103.63
8422,798,2,2024-07-27 21:05:00,12,15.3,2,251.53
8423,1404,11,2024-04-19 02:11:00,34,21.06,12,273.15
8424,876,33,2024-05-24 14:14:00,15,16.32,13,227.61
8425,87,13,2024-06-24 00:13:00,102,129.75,4,1094.93
8426,299,33,2025-01-03 19:21:00,103,110.68,10,1189.32
8427,598,36,2024-06-18 03:40:00,19,22.67,7,313.92
8428,150,5,2025-03-25 09:50:00,41,47.96,15,647.66
8429,1082,29,2024-04-29 06:51:00,105,127.39,8,1511.76
8430,1919,31,2024-08-07 23:25:00,77,55.12,6,470.98
8431,54,48,2024-09-06 06:30:00,11,8.98,14,143.23
8432,596,28,2025-03-10 08:14:00,74,88.6,0,1173.79
8433,1746,11,2024-07-09 21:28:00,13,11.1,10,175.46
8434,520,11,2024-10-12 07:23:00,91,96.52,15,1378.96
8435,353,7,2024-01-25 18:17:00,39,53.49,12,614.25
8436,577,44,2025-02-06 14:53:00,112,126.72,8,1957.73
8437,1209,33,2024-04-28 00:56:00,25,26.72,13,433.52
8438,1865,35,2024-01-15 22:29:00,57,74.76,7,1345.5
8439,470,43,2024-12-26 23:37:00,80,110.69,12,1385.21
8440,1562,28,2025-02-05 00:01:00,120,153.79,8,1509.26
8441,82,38,2024-09-20 07:38:00,62,79.06,10,863.09
8442,1693,34,2025-03-25 20:37:00,48,56.1,23,887.63
8443,1053,42,2024-01-05 23:23:00,37,53.16,13,548.24
8444,909,41,2024-02-10 22:24:00,73,76.83,8,1214.45
8445,1592,29,2024-11-29 21:51:00,80,52.45,9,550.92
8446,1613,9,2024-10-26 05:23:00,75,57.58,8,794.8
8447,588,35,2024-01-04 17:28:00,43,38.43,5,344.61
8448,1038,37,2024-04-13 03:49:00,101,64.21,15,763.36
8449,1067,26,2025-02-17 19:46:00,42,55.55,14,749.8
8450,573,6,2024-07-15 10:46:00,73,47.91,3,700.4
8451,1844,36,2024-12-11 14:48:00,49,71.95,3,597.12
8452,822,27,2024-04-09 04:26:00,32,43.5,13,442.88
8453,1893,3,2024-04-02 10:58:00,106,133.67,15,1794.97
8454,849,22,2025-03-09 07:21:00,71,77.85,13,927.26
8455,1847,14,2024-08-06 00:14:00,28,38.61,3,555.36
8456,1469,11,2024-05-21 10:35:00,64,43.13,8,553.14
8457,1184,33,2025-03-15 09:57:00,43,52.48,3,705.76
8458,713,5,2024-11-02 19:26:00,75,58.73,20,752.25
8459,859,10,2025-02-08 17:37:00,90,58.72,4,1007.6
8460,994,8,2024-01-15 11:37:00,63,38.44,5,383.37
8461,1414,39,2024-09-17 00:17:00,67,82.9,7,789.49
8462,1006,12,2024-03-06 08:12:00,99,140.46,15,2420.16
8463,1967,35,2025-01-15 22:45:00,22,15.23,4,174.22
8464,800,48,2024-11-10 23:54:00,67,96.96,11,844.05
8465,550,43,2025-04-09 14:28:00,69,93.21,12,934.49
8466,1409,21,2024-11-11 06:33:00,16,18.15,12,171.03
8467,1507,30,2024-09-18 12:56:00,109,76.32,2,1042.53
8468,1144,15,2024-12-17 22:17:00,108,139.65,8,1168.4
8469,268,28,2024-11-24 22:52:00,15,18.02,7,204.14
8470,1138,47,2024-10-04 23:36:00,69,58.92,6,692.14
8471,626,4,2025-03-11 16:50:00,50,64.87,9,622.2
8472,3,20,2024-11-08 11:40:00,42,60.11,5,783.66
8473,796,30,2024-12-08 10:27:00,67,59.24,13,716.21
8474,1059,5,2024-06-08 10:41:00,37,47.34,4,697.06
8475,1672,6,2025-03-17 06:47:00,35,36.39,6,583.32
8476,1974,26,2024-12-03 09:53:00,16,17.09,9,189.72
8477,1152,37,2025-05-07 01:49:00,28,17.4,9,163.64
8478,958,15,2024-07-01 19:37:00,23,25.63,18,228.89
8479,976,43,2024-09-16 13:52:00,42,51.84,5,706.89
8480,888,6,2025-02-16 05:00:00,111,162.67,4,2399.37
8481,1046,29,2024-01-15 01:07:00,83,53.36,5,954.82
8482,874,49,2024-07-09 04:57:00,18,20.98,4,350.69
8483,723,26,2024-03-19 08:18:00,38,38.57,4,631.92
8484,1951,10,2025-01-05 01:27:00,63,90.16,8,1052.24
8485,850,42,2025-04-21 20:26:00,110,115.04,22,1426.94
8486,99,29,2024-01-25 02:52:00,16,17.75,11,314.47
8487,1801,24,2024-09-04 11:14:00,74,103.03,4,1837.37
8488,1588,45,2024-08-19 17:16:00,98,76.96,2,1366.33
8489,974,42,2025-01-29 02:53:00,96,117.1,11,1936.51
8490,1427,42,2024-07-25 19:06:00,98,64.32,40,1056.09
8491,1120,6,2024-09-13 17:31:00,112,100.37,2,1163.71
8492,1208,8,2024-09-27 20:57:00,64,46.41,23,587.78
8493,548,4,2024-09-14 20:29:00,18,20.12,40,176.86
8494,1758,26,2025-02-28 05:48:00,23,14.0,1,227.99
8495,530,32,2024-12-27 02:50:00,83,106.2,1,1310.73
8496,673,28,2024-09-21 10:51:00,85,53.94,1,536.0
8497,910,1,2025-03-31 17:59:00,63,94.17,2,1625.61
8498,620,28,2025-03-09 06:37:00,20,12.97,14,185.91
8499,356,14,2024-08-29 16:12:00,67,99.62,13,934.31
8500,486,8,2025-01-05 08:30:00,10,15.0,4,179.07
8501,37,48,2024-07-08 13:57:00,100,123.15,5,2214.46
8502,264,26,2024-07-17 18:10:00,39,37.01,13,660.78
8503,476,19,2024-03-13 03:16:00,101,106.91,15,1322.63
8504,64,10,2024-12-26 18:32:00,60,89.98,42,818.43
8505,1129,2,2024-04-13 03:37:00,60,73.13,10,725.52
8506,1209,5,2024-04-08 23:22:00,74,56.83,13,596.5
8507,1861,47,2024-05-24 14:33:00,76,104.54,4,1146.82
8508,1404,40,2025-04-02 03:38:00,76,79.69,3,1214.3
8509,437,37,2024-03-02 15:09:00,35,45.0,5,649.39
8510,461,40,2024-04-03 22:44:00,117,118.37,9,1056.66
8511,417,34,2024-08-29 01:23:00,50,42.85,9,354.32
8512,1898,22,2024-12-18 09:31:00,51,46.75,5,511.89
8513,231,13,2024-08-03 19:02:00,113,116.29,20,1773.19
8514,614,38,2024-11-10 03:17:00,96,66.68,15,1110.19
8515,967,36,2024-08-23 16:36:00,63,65.91,11,1014.78
8516,1410,25,2025-04-13 00:00:00,45,60.76,10,942.3
8517,623,22,2024-09-12 19:18:00,27,28.26,33,291.15
8518,440,30,2024-04-16 05:57:00,60,81.84,11,819.32
8519,302,17,2024-06-08 08:36:00,70,87.59,3,843.86
8520,326,25,2025-04-09 18:20:00,19,16.36,25,198.99
8521,333,3,2024-01-31 18:06:00,109,79.51,32,1207.35
8522,1047,24,2024-04-30 09:47:00,16,11.54,15,197.47
8523,1041,37,2024-06-30 07:32:00,110,135.92,15,1117.36
8524,892,43,2024-05-13 01:04:00,36,53.68,15,574.12
8525,1178,26,2025-03-02 15:35:00,113,81.05,7,1382.01
8526,779,39,2024-03-05 08:25:00,18,10.9,7,99.37
8527,1860,2,2024-05-30 21:19:00,109,112.92,9,2017.37
8528,671,3,2025-02-12 23:44:00,51,66.6,10,922.69
8529,1240,1,2024-07-28 01:15:00,52,50.85,5,641.37
8530,22,25,2024-02-08 00:42:00,56,35.6,3,457.62
8531,215,40,2024-11-17 11:15:00,66,48.47,3,611.32
8532,1529,17,2024-01-04 17:39:00,81,86.83,15,1196.03
8533,745,43,2024-04-18 02:50:00,97,120.99,11,1860.27
8534,595,21,2025-04-28 23:04:00,63,54.75,7,815.61
8535,1208,34,2024-03-07 16:34:00,40,37.89,14,669.43
8536,84,38,2024-08-21 08:54:00,23,31.4,13,424.35
8537,282,50,2024-10-09 21:56:00,100,149.24,15,2283.81
8538,1003,7,2024-10-27 21:34:00,79,80.09,5,1148.4
8539,1405,13,2024-01-27 21:28:00,53,64.89,11,1057.74
8540,1698,36,2024-07-27 20:06:00,58,51.33,45,540.08
8541,1523,13,2025-03-03 00:02:00,103,140.31,6,2429.94
8542,337,2,2024-07-27 09:25:00,32,19.82,13,255.3
8543,1262,33,2024-05-03 13:49:00,20,22.66,9,342.95
8544,1482,2,2024-04-02 16:44:00,95,116.68,5,1629.69
8545,413,47,2025-01-19 16:43:00,10,7.59,9,118.22
8546,1787,42,2025-01-12 04:53:00,108,119.15,7,1042.0
8547,220,41,2025-03-31 05:10:00,105,103.71,2,1555.81
8548,905,30,2024-03-30 18:41:00,92,70.48,39,938.26
8549,869,15,2024-07-31 16:06:00,26,20.81,10,310.2
8550,305,21,2024-03-11 13:03:00,15,9.92,2,132.87
8551,220,12,2025-04-14 07:58:00,12,12.39,1,214.89
8552,157,41,2024-03-13 05:05:00,27,22.61,6,349.64
8553,1552,44,2025-02-09 13:22:00,26,37.82,3,325.32
8554,65,29,2025-02-14 20:17:00,52,39.55,13,603.3
8555,1442,4,2024-01-18 18:58:00,83,55.77,39,511.27
8556,1034,2,2024-09-18 11:40:00,25,16.87,2,276.18
8557,1746,21,2024-01-12 21:44:00,48,33.43,5,509.94
8558,704,4,2025-03-05 02:07:00,31,43.86,14,691.83
8559,1911,22,2024-01-31 16:11:00,60,61.25,1,609.51
8560,113,38,2024-09-05 07:35:00,11,10.94,3,118.62
8561,1955,16,2024-09-09 03:38:00,21,13.2,11,120.23
8562,251,17,2024-07-14 22:34:00,74,97.24,3,1543.84
8563,652,49,2024-07-28 02:02:00,82,74.98,7,1195.01
8564,606,35,2025-01-05 07:21:00,86,56.66,5,718.21
8565,1794,15,2025-05-06 13:47:00,33,28.74,15,406.42
8566,1265,48,2024-01-29 11:11:00,107,86.31,6,1502.92
8567,1353,47,2024-06-06 15:21:00,11,14.57,2,246.78
8568,1128,13,2024-07-01 23:26:00,34,48.51,12,839.25
8569,554,3,2024-11-18 20:42:00,57,61.26,31,800.05
8570,150,7,2024-10-06 11:22:00,67,68.85,15,1226.73
8571,907,29,2024-07-03 15:27:00,65,92.2,14,803.36
8572,1743,46,2024-07-18 03:02:00,46,34.74,1,364.73
8573,969,14,2025-04-16 22:46:00,54,43.77,12,581.67
8574,1760,33,2024-02-03 10:39:00,116,169.68,0,1373.33
8575,957,42,2025-03-12 17:24:00,24,34.25,13,481.19
8576,128,34,2024-06-11 07:16:00,101,102.99,10,886.51
8577,899,20,2025-05-09 16:06:00,43,37.38,9,387.62
8578,1210,17,2024-05-23 13:47:00,87,65.37,12,637.06
8579,1580,14,2024-11-01 11:06:00,84,123.32,3,1867.78
8580,468,35,2025-03-26 07:12:00,45,64.02,9,1119.9
8581,654,22,2025-04-06 05:36:00,104,141.43,5,1785.06
8582,965,44,2024-08-20 02:12:00,57,61.56,13,564.74
8583,1658,26,2024-01-12 01:05:00,36,24.98,7,405.18
8584,1868,44,2024-11-16 15:32:00,66,43.61,15,636.03
8585,1609,30,2024-12-06 22:33:00,92,125.36,5,1719.47
8586,495,4,2024-10-21 01:59:00,109,109.61,15,1031.18
8587,655,36,2024-06-01 01:52:00,111,71.78,0,1188.81
8588,1934,12,2024-11-20 10:01:00,84,125.78,8,1519.8
8589,787,43,2024-07-21 00:21:00,120,72.2,0,1253.55
8590,1840,12,2025-02-21 11:47:00,57,71.86,14,716.88
8591,1308,36,2024-05-14 00:28:00,94,57.34,3,792.15
8592,356,18,2025-02-24 03:26:00,96,124.69,3,1615.75
8593,280,13,2025-04-28 15:36:00,91,90.67,7,754.53
8594,1733,1,2024-06-17 07:51:00,117,90.7,1,830.72
8595,1211,11,2024-06-17 03:54:00,118,126.75,13,1371.71
8596,41,17,2024-09-27 11:47:00,109,96.55,5,969.51
8597,509,50,2024-08-18 23:18:00,100,84.36,15,776.33
8598,706,25,2024-07-02 01:13:00,115,118.0,10,2084.09
8599,1450,2,2024-01-06 15:16:00,81,86.14,4,1064.85
8600,297,4,2024-02-11 04:02:00,28,34.88,3,596.57
8601,1653,10,2024-07-26 05:03:00,71,84.73,13,1258.45
8602,1173,24,2024-12-30 15:20:00,96,97.56,13,1644.0
8603,1609,29,2024-03-13 11:01:00,113,70.56,14,737.13
8604,702,33,2024-08-17 22:41:00,100,112.45,4,1857.23
8605,1350,14,2024-03-02 20:22:00,23,16.08,45,141.25
8606,1011,33,2024-04-11 02:14:00,52,70.78,2,1207.8
8607,121,38,2024-12-18 06:44:00,108,104.64,3,1343.52
8608,839,24,2024-09-16 16:05:00,77,100.43,7,1610.36
8609,1709,25,2025-05-15 00:26:00,18,21.33,14,187.14
8610,1950,23,2024-06-23 22:03:00,67,60.96,8,837.4
8611,1249,8,2025-02-15 21:30:00,78,58.0,13,618.3
8612,120,36,2025-05-04 06:17:00,94,79.51,6,854.4
8613,375,34,2024-09-24 10:44:00,118,104.02,2,890.9
8614,936,29,2024-02-25 15:20:00,116,115.19,7,1282.58
8615,1192,1,2025-03-07 06:53:00,104,109.91,13,1715.4
8616,414,11,2024-02-01 00:29:00,103,80.7,12,911.05
8617,594,15,2024-08-15 00:06:00,25,17.97,12,289.76
8618,1199,12,2024-09-25 19:29:00,92,66.49,26,912.31
8619,912,27,2024-02-16 19:49:00,96,76.53,44,990.63
8620,1319,44,2024-07-14 01:06:00,38,26.28,13,244.83
8621,745,13,2024-02-10 03:58:00,50,63.95,3,860.12
8622,286,50,2024-07-18 10:08:00,33,45.53,3,679.24
8623,825,34,2024-05-13 13:27:00,117,161.41,13,1868.06
8624,855,24,2024-10-04 08:02:00,46,35.2,2,508.48
8625,441,29,2024-05-16 18:28:00,34,33.38,33,405.57
8626,1999,5,2024-03-22 02:44:00,30,26.08,14,321.46
8627,1827,20,2024-02-08 10:22:00,70,94.23,4,868.05
8628,508,5,2024-12-22 19:05:00,41,46.1,34,611.04
8629,496,38,2025-03-22 22:56:00,16,12.03,5,165.62
8630,887,32,2025-01-06 05:11:00,109,67.0,2,1051.98
8631,1318,5,2024-04-20 11:01:00,114,134.25,7,1327.61
8632,846,34,2025-01-19 18:18:00,114,130.81,19,1693.44
8633,422,28,2024-08-31 15:17:00,47,48.94,5,860.12
8634,680,29,2024-02-28 18:58:00,52,75.76,33,811.61
8635,1558,28,2024-10-03 08:30:00,30,44.76,12,377.09
8636,142,47,2024-03-30 17:05:00,71,74.54,15,663.52
8637,1200,38,2025-05-13 09:17:00,49,37.57,6,519.43
8638,437,12,2024-05-19 15:02:00,11,9.67,11,171.03
8639,1925,47,2024-12-29 08:30:00,24,17.97,1,223.01
8640,1971,6,2024-07-15 17:02:00,78,49.87,5,533.59
8641,503,40,2024-11-20 19:30:00,91,90.46,40,1599.02
8642,406,9,2025-04-26 19:36:00,82,88.79,16,1199.54
8643,1437,22,2024-11-06 18:03:00,56,58.91,29,1025.85
8644,1196,49,2024-11-27 22:19:00,75,57.38,13,932.98
8645,1399,50,2024-02-29 02:55:00,77,82.37,7,1256.47
8646,822,29,2024-01-24 22:01:00,64,44.57,13,624.85
8647,1106,17,2024-09-08 07:32:00,19,11.9,12,124.4
8648,1740,1,2025-04-21 21:28:00,31,20.57,11,172.09
8649,262,9,2024-07-20 02:25:00,41,35.92,10,388.62
8650,586,40,2024-09-16 10:39:00,12,15.36,15,176.21
8651,350,20,2024-02-01 22:00:00,19,19.17,11,158.07
8652,1213,43,2024-05-01 10:28:00,80,56.29,2,535.49
8653,967,32,2024-01-13 02:53:00,111,139.77,7,1388.7
8654,1799,34,2024-09-10 19:59:00,27,32.28,25,529.63
8655,345,39,2024-03-04 04:52:00,40,42.08,3,645.4
8656,165,42,2024-10-10 15:17:00,93,122.4,1,1937.3
8657,517,15,2025-01-20 04:24:00,31,33.57,8,339.72
8658,1965,15,2024-12-04 15:24:00,15,21.92,6,245.39
8659,971,9,2024-10-30 08:17:00,28,24.0,15,233.34
8660,284,11,2025-04-07 13:18:00,71,52.14,7,751.69
8661,450,20,2025-01-17 07:10:00,90,84.68,6,830.05
8662,308,43,2024-08-16 10:24:00,22,23.08,11,306.43
8663,626,44,2024-05-19 21:58:00,19,25.42,7,209.8
8664,1665,33,2025-02-14 22:05:00,103,135.3,2,2054.3
8665,1177,46,2025-04-24 04:18:00,103,146.17,4,1578.59
8666,1664,11,2024-11-02 13:14:00,55,73.12,15,855.87
8667,282,33,2024-12-22 16:14:00,29,18.21,7,252.88
8668,1574,17,2024-11-12 17:02:00,114,71.12,5,1003.51
8669,835,29,2024-08-12 17:23:00,116,78.26,11,895.0
8670,1578,48,2024-10-31 09:18:00,44,55.43,4,878.6
8671,1230,42,2024-08-25 07:31:00,28,27.59,6,265.85
8672,474,14,2025-05-14 08:34:00,37,28.95,11,339.27
8673,1413,29,2024-11-22 20:54:00,115,158.63,41,2127.82
8674,190,15,2025-05-11 19:12:00,19,13.23,34,149.49
8675,234,10,2025-03-16 13:16:00,54,77.99,12,970.83
8676,721,29,2024-01-18 11:30:00,23,30.8,15,275.23
8677,1275,42,2024-02-14 20:34:00,38,53.86,24,556.0
8678,810,11,2025-01-30 20:41:00,112,104.69,11,965.65
8679,687,49,2024-10-09 09:07:00,107,138.81,7,2121.99
8680,171,5,2025-04-03 07:28:00,34,45.55,4,375.16
8681,1356,41,2024-12-01 04:08:00,14,9.45,14,97.19
8682,1678,35,2024-03-30 04:40:00,65,84.32,1,1485.47
8683,813,35,2024-07-20 20:55:00,81,99.32,36,1212.9
8684,2,49,2024-09-03 00:39:00,89,131.23,9,1763.65
8685,1106,27,2025-02-14 07:59:00,86,109.58,14,1219.35
8686,880,36,2025-04-29 03:36:00,31,36.04,10,495.25
8687,1970,6,2024-02-14 00:08:00,89,128.36,9,1773.75
8688,426,34,2025-03-16 06:20:00,11,14.67,7,138.84
8689,908,24,2024-04-07 04:39:00,102,96.87,9,1596.57
8690,1525,26,2024-04-07 21:42:00,26,16.89,2,277.63
8691,1487,49,2024-01-07 12:53:00,51,66.42,6,645.38
8692,1230,45,2025-05-01 12:58:00,117,171.94,2,2795.0
8693,1355,36,2024-07-12 12:19:00,97,124.94,2,1423.01
8694,1534,25,2024-05-30 22:49:00,95,127.29,13,2032.8
8695,1240,10,2024-04-08 19:26:00,109,102.17,40,1391.0
8696,886,38,2024-01-10 01:33:00,11,6.64,14,53.33
8697,384,11,2024-08-01 01:47:00,11,14.79,9,245.34
8698,1352,13,2025-04-12 18:05:00,35,42.87,27,608.6
8699,503,8,2025-03-27 00:23:00,37,40.92,7,368.62
8700,330,40,2024-12-26 00:19:00,104,87.9,4,912.57
8701,863,8,2024-08-08 01:48:00,20,12.38,15,117.4
8702,1723,36,2024-11-15 20:13:00,101,108.93,14,1009.14
8703,1530,41,2024-02-18 01:06:00,56,71.76,0,1230.53
8704,1992,4,2025-03-11 23:38:00,72,95.55,9,1302.7
8705,1386,2,2024-05-24 21:40:00,29,35.66,14,525.34
8706,1949,30,2025-03-02 21:25:00,118,167.31,7,1510.07
8707,68,4,2024-11-04 09:21:00,35,23.42,8,220.06
8708,1874,14,2024-07-15 10:47:00,113,92.04,15,809.48
8709,1821,31,2025-02-01 22:11:00,92,111.38,0,1427.73
8710,775,10,2024-04-10 07:52:00,26,38.44,14,657.38
8711,763,3,2024-10-24 21:17:00,49,65.47,8,860.66
8712,171,32,2025-04-23 21:18:00,105,117.91,6,2113.44
8713,19,5,2024-07-22 02:27:00,101,107.18,12,1096.98
8714,64,32,2024-04-12 14:10:00,29,39.34,10,503.96
8715,1117,17,2024-09-28 07:25:00,36,41.03,14,666.46
8716,210,14,2025-02-07 16:39:00,81,88.35,0,833.67
8717,659,29,2024-10-11 16:08:00,32,47.69,6,826.16
8718,476,44,2025-03-13 10:33:00,64,46.25,8,824.01
8719,291,43,2024-03-08 07:52:00,47,66.63,4,629.1
8720,619,5,2024-01-09 03:16:00,91,77.1,4,765.07
8721,12,24,2024-07-14 12:50:00,53,67.81,14,828.08
8722,1491,49,2024-07-25 03:40:00,91,66.99,3,861.47
8723,488,20,2024-03-29 03:01:00,79,69.52,6,1041.46
8724,1162,2,2024-05-07 22:06:00,65,74.37,8,884.84
8725,1940,34,2024-01-06 04:52:00,116,110.57,15,1207.38
8726,1146,23,2024-02-26 20:40:00,23,23.02,37,336.89
8727,1462,45,2024-08-06 03:09:00,45,46.91,12,807.36
8728,1130,21,2025-02-06 22:37:00,68,63.94,9,1013.32
8729,1155,11,2025-04-15 13:23:00,86,104.04,1,1022.69
8730,1954,11,2024-08-30 14:44:00,48,46.54,8,834.66
8731,1116,12,2024-06-19 22:18:00,112,98.79,12,1030.6
8732,604,29,2024-12-08 17:10:00,15,9.65,6,124.52
8733,792,33,2024-05-06 11:59:00,120,89.2,2,922.8
8734,265,44,2024-05-15 05:56:00,106,68.01,9,829.41
8735,751,15,2025-05-03 10:10:00,18,21.42,1,381.39
8736,1659,31,2024-03-09 12:50:00,73,73.66,6,1242.88
8737,1653,4,2024-03-15 23:47:00,16,12.37,8,122.57
8738,100,32,2024-08-25 18:53:00,12,15.0,15,139.53
8739,183,24,2025-03-27 06:11:00,41,43.15,9,372.1
8740,1168,40,2024-06-22 11:21:00,11,15.8,13,258.13
8741,995,8,2024-10-12 03:03:00,59,46.01,11,499.16
8742,1528,35,2024-01-28 13:24:00,67,94.01,12,1006.78
8743,1982,28,2024-03-12 20:39:00,111,134.89,12,1976.46
8744,2000,50,2024-12-30 13:20:00,18,17.26,2,160.92
8745,822,21,2025-03-21 08:58:00,70,95.0,15,795.36
8746,337,42,2024-02-03 09:07:00,56,40.88,14,506.3
8747,1642,49,2024-09-27 15:51:00,17,21.94,0,300.03
8748,699,18,2025-04-12 11:03:00,62,72.75,6,1168.13
8749,1282,31,2024-07-23 07:42:00,36,38.28,3,377.51
8750,1818,21,2025-03-01 09:41:00,34,50.07,6,615.94
8751,1974,26,2024-03-20 00:13:00,73,108.0,1,1003.8
8752,1645,3,2024-11-18 15:02:00,67,55.06,7,936.23
8753,859,35,2024-01-23 07:05:00,65,87.82,14,1084.93
8754,920,46,2024-11-06 00:17:00,59,69.6,0,587.66
8755,687,38,2025-01-23 07:47:00,18,20.26,8,278.31
8756,386,18,2024-05-17 19:45:00,87,57.49,34,509.03
8757,1265,3,2024-04-05 17:28:00,88,108.14,4,1315.53
8758,355,9,2025-04-28 10:21:00,52,52.05,9,875.03
8759,220,40,2025-04-11 08:46:00,54,80.86,1,1068.44
8760,1952,40,2024-01-20 13:24:00,13,10.52,7,112.11
8761,1193,42,2024-02-15 22:48:00,58,80.59,2,1378.7
8762,1159,14,2024-03-04 07:59:00,120,93.35,12,934.18
8763,662,12,2024-09-30 00:17:00,95,75.77,5,1167.38
8764,792,17,2024-05-22 08:52:00,57,74.4,3,896.69
8765,1199,18,2024-07-31 03:50:00,52,72.18,13,975.57
8766,672,40,2024-02-25 11:26:00,69,60.13,0,859.92
8767,1416,38,2024-05-09 18:06:00,66,78.44,11,959.78
8768,1371,47,2024-10-04 03:08:00,54,53.77,1,641.43
8769,319,45,2024-11-11 16:46:00,31,45.13,8,773.04
8770,1198,45,2024-08-12 02:19:00,70,45.24,13,582.78
8771,1247,26,2025-02-21 10:02:00,110,145.77,0,1432.28
8772,232,44,2024-10-18 23:28:00,89,89.11,13,983.27
8773,1322,29,2024-01-04 20:19:00,98,107.91,11,951.83
8774,699,26,2024-02-05 04:19:00,65,63.09,10,764.79
8775,1192,23,2024-02-02 04:54:00,57,37.61,4,489.65
8776,1290,2,2024-03-30 12:58:00,23,30.09,8,294.59
8777,312,34,2025-04-16 21:18:00,73,62.66,15,828.03
8778,1815,8,2024-04-17 13:33:00,19,21.78,0,313.93
8779,546,47,2024-07-11 07:58:00,53,64.51,1,1044.2
8780,1527,41,2024-11-28 04:59:00,110,110.57,4,1559.51
8781,915,7,2024-05-16 03:06:00,27,18.85,5,265.8
8782,1999,23,2024-09-24 16:59:00,103,108.46,2,1500.53
8783,402,26,2024-11-20 20:46:00,31,29.06,23,258.87
8784,454,45,2024-06-03 18:16:00,64,39.98,42,347.41
8785,1047,11,2024-11-15 10:57:00,26,18.14,7,243.82
8786,702,11,2024-03-09 05:59:00,88,70.08,2,778.66
8787,380,15,2024-02-10 02:23:00,49,50.71,14,725.11
8788,1785,1,2024-05-11 19:46:00,90,109.64,44,1603.37
8789,1928,43,2024-04-26 02:50:00,120,148.78,5,1215.98
8790,1354,3,2024-06-09 07:37:00,53,73.4,9,766.66
8791,1452,11,2025-04-08 16:17:00,54,73.31,2,1267.75
8792,1708,39,2024-12-06 18:13:00,78,78.96,43,1358.7
8793,554,13,2024-02-09 00:28:00,47,52.39,2,556.78
8794,1081,29,2024-07-31 08:11:00,66,52.48,0,726.82
8795,107,49,2024-02-21 17:35:00,72,47.14,13,677.41
8796,1226,48,2024-11-16 17:12:00,28,35.72,4,576.44
8797,115,6,2024-02-28 12:11:00,117,123.88,0,1099.81
8798,851,35,2025-02-11 01:59:00,69,56.42,5,967.9
8799,215,37,2024-08-25 11:40:00,92,108.29,1,1358.63
8800,308,5,2024-09-14 17:39:00,12,11.85,11,171.0
8801,1360,22,2024-08-05 11:56:00,57,46.17,0,392.53
8802,308,28,2024-12-15 15:05:00,62,41.03,4,656.81
8803,912,21,2024-04-29 21:39:00,119,132.05,10,1398.51
8804,431,44,2024-02-17 22:40:00,90,106.82,3,1747.86
8805,1106,27,2024-10-29 16:07:00,45,58.47,5,848.99
8806,237,33,2024-07-08 18:11:00,82,117.8,13,2043.65
8807,1801,19,2024-12-12 08:38:00,28,20.75,8,251.63
8808,1779,36,2024-11-15 14:25:00,90,62.26,13,981.19
8809,239,35,2024-07-09 14:02:00,105,67.67,0,1114.35
8810,322,4,2025-04-21 15:14:00,66,72.36,13,869.51
8811,736,43,2025-04-05 15:57:00,24,27.54,10,353.21
8812,1162,3,2024-04-07 08:04:00,93,75.02,13,1209.33
8813,148,30,2024-07-15 15:43:00,120,143.19,7,2074.35
8814,305,32,2024-03-28 11:53:00,85,112.09,0,1343.19
8815,392,23,2024-11-09 22:14:00,25,18.52,3,277.4
8816,153,43,2025-04-20 01:01:00,87,99.06,3,965.5
8817,1765,38,2024-09-26 05:46:00,114,96.45,13,862.23
8818,1402,6,2024-02-19 00:12:00,51,72.29,0,906.94
8819,1778,45,2024-02-13 01:57:00,85,58.06,1,1008.66
8820,520,46,2024-06-23 21:37:00,39,41.35,11,582.76
8821,1882,25,2024-04-25 16:42:00,48,42.72,10,651.81
8822,1765,26,2024-10-06 03:39:00,63,59.59,6,1008.01
8823,1480,44,2024-01-25 00:12:00,66,53.44,6,676.31
8824,1782,44,2025-05-13 11:30:00,106,141.23,2,1597.62
8825,1424,35,2025-02-28 22:00:00,103,134.92,15,2264.33
8826,1108,15,2024-04-19 13:33:00,33,31.99,9,477.53
8827,1463,20,2024-07-22 08:57:00,109,147.29,11,1838.5
8828,1828,15,2024-02-04 01:56:00,15,21.6,13,359.89
8829,1956,36,2024-11-07 22:28:00,49,66.81,5,851.43
8830,911,5,2024-05-19 16:38:00,18,13.65,11,156.93
8831,1270,7,2024-12-13 12:22:00,35,45.63,15,623.99
8832,565,29,2024-05-08 00:04:00,95,135.67,10,1833.33
8833,846,27,2024-09-26 09:59:00,83,110.77,14,1774.77
8834,739,17,2024-06-18 05:55:00,77,59.32,4,637.32
8835,1666,9,2024-04-06 01:33:00,104,117.04,2,1095.91
8836,1805,48,2024-10-24 09:12:00,88,87.65,10,1562.64
8837,220,4,2024-03-17 21:15:00,83,72.1,9,1054.76
8838,1378,45,2024-10-28 01:03:00,82,71.54,3,888.41
8839,989,47,2024-05-13 19:40:00,22,24.43,42,244.94
8840,606,37,2024-07-08 03:07:00,10,11.32,13,190.91
8841,1716,46,2024-08-19 00:43:00,112,85.05,9,1210.18
8842,151,49,2024-07-31 18:55:00,87,69.68,29,1060.18
8843,1319,36,2025-01-27 14:29:00,63,45.91,15,492.59
8844,1874,25,2024-08-13 19:13:00,10,12.25,39,116.0
8845,1915,50,2025-01-11 15:53:00,80,60.64,4,778.47
8846,1609,2,2024-12-31 01:25:00,104,110.41,8,1931.79
8847,806,19,2024-03-31 17:31:00,41,35.71,14,618.81
8848,391,44,2024-07-06 16:54:00,103,104.35,3,925.89
8849,1784,14,2024-07-06 09:46:00,88,67.08,12,851.77
8850,655,27,2025-02-10 09:19:00,38,26.9,5,459.72
8851,227,48,2024-07-10 12:04:00,35,34.23,5,348.9
8852,483,43,2025-01-06 04:39:00,100,63.08,9,1123.32
8853,8,34,2025-05-12 09:24:00,97,138.8,14,2463.46
8854,69,31,2024-03-09 09:52:00,109,117.26,1,1826.95
8855,223,33,2024-09-01 19:39:00,87,90.04,41,1556.43
8856,1882,2,2024-10-03 08:35:00,20,17.74,5,228.89
8857,1427,7,2024-02-07 11:47:00,30,31.32,0,396.44
8858,1501,14,2025-05-10 13:05:00,118,176.95,7,1747.1
8859,623,4,2025-02-13 12:53:00,41,53.19,5,528.69
8860,353,42,2024-09-16 03:41:00,117,145.13,14,1978.12
8861,1918,6,2025-02-13 03:50:00,20,15.82,15,162.79
8862,862,25,2024-02-16 19:45:00,61,61.72,17,850.74
8863,1208,28,2025-02-06 19:28:00,77,50.86,21,610.92
8864,1003,7,2025-01-22 08:04:00,65,85.51,5,1032.1
8865,1413,24,2024-10-24 15:02:00,16,16.01,5,286.5
8866,1866,8,2025-02-18 04:28:00,19,22.82,4,202.0
8867,726,8,2025-01-30 19:51:00,66,92.44,11,1300.39
8868,826,49,2024-03-19 14:14:00,23,30.27,15,303.71
8869,518,37,2024-11-13 04:35:00,117,97.46,13,1255.49
8870,849,48,2024-02-17 14:32:00,118,100.51,10,1105.85
8871,714,42,2024-02-27 04:01:00,62,43.11,12,565.77
8872,976,16,2024-08-28 00:06:00,44,36.94,14,474.32
8873,1859,45,2024-12-19 11:33:00,92,126.27,4,1969.0
8874,1865,32,2024-10-11 03:46:00,28,34.12,7,346.28
8875,1154,44,2024-10-15 02:37:00,72,100.71,6,1228.42
8876,862,18,2024-03-22 03:20:00,18,12.11,4,182.51
8877,801,5,2024-01-04 18:46:00,18,22.53,43,340.61
8878,982,32,2024-06-10 12:42:00,54,41.69,6,740.64
8879,877,46,2024-11-16 20:29:00,39,56.32,20,687.98
8880,1733,20,2024-03-23 13:42:00,63,81.53,14,824.85
8881,179,17,2025-04-18 04:52:00,35,31.72,4,407.85
8882,1257,44,2024-05-17 07:18:00,14,20.97,14,182.94
8883,1520,48,2024-07-26 04:49:00,102,105.75,13,1120.33
8884,1083,46,2025-03-17 22:19:00,76,75.3,10,891.47
8885,1987,8,2024-04-27 02:45:00,12,11.53,12,197.35
8886,91,47,2024-03-19 19:44:00,120,125.57,29,1423.4
8887,415,47,2024-06-30 13:00:00,86,97.42,2,1419.62
8888,1630,34,2024-01-08 12:35:00,19,12.4,13,176.9
8889,1773,38,2025-03-02 23:23:00,97,58.31,6,840.59
8890,1716,14,2024-12-15 04:27:00,31,45.93,15,515.51
8891,687,48,2025-03-05 20:18:00,36,26.59,21,404.16
8892,21,11,2024-09-03 17:17:00,59,85.53,5,926.49
8893,114,25,2025-04-06 22:33:00,36,52.43,10,731.41
8894,531,46,2024-07-01 16:30:00,118,144.86,4,1468.37
8895,38,31,2024-11-22 02:02:00,105,94.02,9,791.17
8896,46,27,2024-08-18 09:06:00,57,61.12,15,862.06
8897,1380,9,2024-05-26 23:01:00,91,98.57,8,1612.95
8898,648,49,2025-03-12 20:53:00,92,85.82,11,1076.04
8899,1008,27,2024-05-12 09:36:00,58,67.48,5,604.52
8900,1137,8,2024-10-18 12:19:00,31,42.26,1,700.49
8901,1570,13,2024-07-24 11:18:00,105,93.55,2,1414.8
8902,1729,28,2024-01-26 01:40:00,32,39.6,4,485.9
8903,1993,22,2025-04-10 22:27:00,73,101.38,5,1236.78
8904,276,20,2024-04-27 08:57:00,101,126.85,3,2143.78
8905,1614,35,2024-12-02 02:54:00,48,51.39,1,687.18
8906,1444,25,2024-07-03 23:41:00,81,76.45,9,923.03
8907,312,43,2025-05-07 03:44:00,19,25.9,7,419.12
8908,782,35,2024-08-25 11:30:00,45,66.95,5,1142.76
8909,1463,33,2024-08-30 13:31:00,11,13.32,8,147.63
8910,972,5,2024-10-02 12:36:00,47,56.09,7,950.91
8911,107,17,2024-01-19 17:03:00,74,105.4,4,1594.76
8912,1067,49,2025-02-15 22:14:00,50,62.76,10,900.21
8913,207,19,2024-04-04 14:02:00,85,67.67,2,944.39
8914,1489,12,2025-04-20 22:04:00,29,26.16,10,269.23
8915,687,14,2024-11-17 04:46:00,46,32.54,13,395.2
8916,1428,12,2025-05-04 21:02:00,64,70.75,10,843.36
8917,1602,49,2025-04-14 01:53:00,120,153.26,0,2311.21
8918,1055,36,2024-06-18 09:04:00,18,24.31,3,349.18
8919,60,6,2024-07-02 01:09:00,110,103.21,2,1714.78
8920,687,24,2025-03-22 08:46:00,29,29.5,14,433.83
8921,187,42,2024-05-19 02:57:00,16,14.09,11,131.94
8922,1068,35,2024-08-29 13:18:00,103,101.83,0,1635.6
8923,1766,40,2024-01-13 22:43:00,42,60.29,10,576.51
8924,57,22,2024-12-26 03:47:00,104,109.38,11,1784.3
8925,1503,48,2024-07-15 08:06:00,120,93.81,4,1515.09
8926,1146,7,2024-02-24 04:10:00,36,24.12,8,327.69
8927,832,15,2024-07-31 13:32:00,14,10.61,10,123.88
8928,1886,35,2024-06-24 18:45:00,105,156.59,38,1768.28
8929,1657,12,2025-03-14 13:22:00,113,145.39,1,2360.07
8930,710,27,2024-03-12 16:44:00,47,40.2,6,675.11
8931,1638,10,2024-11-14 20:02:00,100,143.85,44,1277.5
8932,191,28,2024-01-23 22:53:00,86,126.53,5,1790.26
8933,505,37,2025-01-05 10:46:00,110,153.55,13,1368.83
8934,783,6,2024-06-15 03:00:00,108,65.5,15,692.93
8935,1301,37,2024-12-17 04:07:00,112,82.33,0,1168.72
8936,1902,40,2025-04-18 16:49:00,59,37.33,15,472.88
8937,1402,21,2024-08-16 02:23:00,56,73.22,10,868.19
8938,1414,13,2024-10-21 21:18:00,73,71.13,13,1171.84
8939,1442,40,2024-02-02 23:18:00,116,104.8,11,1487.52
8940,1432,43,2025-01-09 00:37:00,53,37.53,0,520.33
8941,1222,40,2025-01-30 01:22:00,58,35.72,6,579.17
8942,799,26,2025-01-26 04:46:00,98,88.8,3,759.01
8943,199,24,2025-03-12 07:01:00,75,76.6,1,795.72
8944,2,11,2024-05-21 13:30:00,71,69.37,13,939.05
8945,1137,29,2025-01-09 00:27:00,47,32.0,1,570.74
8946,1276,43,2025-04-30 02:00:00,70,83.31,13,1079.26
8947,361,19,2025-01-29 16:21:00,54,38.01,14,317.72
8948,416,17,2024-04-13 09:50:00,83,56.73,2,830.52
8949,109,15,2024-11-30 20:21:00,114,118.91,12,1349.1
8950,1094,15,2024-11-30 07:59:00,92,121.08,8,1264.47
8951,999,19,2024-09-08 11:03:00,64,50.39,10,508.24
8952,1277,45,2025-04-25 05:32:00,61,76.22,12,1322.34
8953,1336,44,2025-04-13 07:16:00,96,64.51,2,1036.95
8954,281,23,2024-08-02 08:50:00,22,26.07,11,453.14
8955,884,19,2024-04-18 22:14:00,116,169.86,11,1859.89
8956,1539,47,2024-07-25 18:27:00,57,39.33,42,370.03
8957,1751,36,2024-03-31 14:09:00,53,51.18,7,878.66
8958,508,3,2024-02-01 18:51:00,91,66.71,19,719.46
8959,1587,5,2024-02-16 15:30:00,25,23.27,6,286.0
8960,1005,16,2024-02-27 22:30:00,111,95.67,5,1516.93
8961,214,22,2024-03-08 03:49:00,98,128.69,5,2083.87
8962,1528,39,2025-03-29 07:26:00,10,11.2,15,94.02
8963,390,40,2024-11-13 11:23:00,22,17.81,0,284.54
8964,1291,37,2024-10-02 13:49:00,79,84.4,13,839.35
8965,1219,19,2024-02-21 04:14:00,11,13.25,15,221.01
8966,776,49,2024-08-18 09:20:00,41,41.78,15,349.3
8967,810,17,2024-03-20 04:23:00,62,48.83,11,423.81
8968,59,13,2024-02-26 04:04:00,109,126.14,2,1387.42
8969,272,48,2024-04-08 17:59:00,20,17.61,8,150.87
8970,283,31,2024-12-31 08:06:00,53,43.96,8,432.17
8971,746,24,2024-10-17 04:55:00,27,28.33,5,502.82
8972,20,31,2024-06-03 08:05:00,95,66.02,12,636.17
8973,1690,43,2025-01-01 15:32:00,117,90.12,4,1295.55
8974,1816,19,2024-06-14 06:33:00,24,30.77,3,524.91
8975,889,28,2025-02-17 01:54:00,44,53.98,0,830.22
8976,1142,38,2025-04-10 07:47:00,64,69.62,14,586.13
8977,963,10,2024-02-08 11:44:00,21,22.68,8,328.02
8978,1816,30,2025-05-07 09:16:00,111,70.77,1,791.02
8979,1408,16,2024-11-24 02:42:00,30,21.43,13,235.55
8980,1984,12,2024-04-23 04:28:00,31,26.89,9,424.42
8981,1297,43,2024-07-02 01:56:00,38,40.03,6,442.18
8982,870,42,2024-05-23 19:37:00,51,39.01,22,371.08
8983,654,13,2025-01-07 15:30:00,92,79.71,5,763.35
8984,843,49,2024-08-14 02:24:00,46,50.3,7,784.58
8985,250,19,2024-07-02 09:46:00,96,92.56,12,777.47
8986,703,15,2024-09-14 11:57:00,55,50.32,10,898.19
8987,1208,7,2025-01-10 20:33:00,82,105.17,13,1072.45
8988,549,31,2024-08-23 21:59:00,42,35.54,11,563.53
8989,1985,36,2024-06-20 06:45:00,87,111.62,3,1031.0
8990,1769,5,2024-04-24 01:51:00,78,104.38,4,1603.81
8991,1884,6,2025-04-05 05:06:00,119,160.83,13,1449.4
8992,1881,49,2025-02-05 20:57:00,67,65.5,32,1143.39
8993,1556,37,2024-08-21 06:53:00,96,66.23,0,627.86
8994,1307,43,2024-11-03 16:40:00,114,93.9,3,885.93
8995,668,10,2024-11-30 16:06:00,10,14.93,14,161.76
8996,1748,49,2025-03-23 19:34:00,80,95.59,44,1222.76
8997,1843,1,2024-07-01 08:33:00,47,29.77,7,497.89
8998,1657,36,2025-03-26 01:03:00,79,113.69,13,1376.31
8999,1064,42,2024-02-09 10:54:00,36,41.76,12,399.08
9000,1795,16,2025-01-29 07:59:00,88,130.08,12,1399.67
9001,880,37,2024-06-27 08:36:00,97,85.34,11,1276.16
9002,1848,37,2025-04-08 04:00:00,56,48.75,11,415.07
9003,1847,14,2024-03-17 11:29:00,86,58.38,5,853.04
9004,1269,44,2024-01-30 15:57:00,71,53.18,4,619.25
9005,431,9,2024-01-21 19:39:00,93,89.68,19,1122.89
9006,1828,9,2024-06-23 01:31:00,11,7.29,1,59.23
9007,1127,19,2024-01-24 15:23:00,76,80.61,4,762.36
9008,261,44,2024-06-08 16:20:00,85,98.2,2,1271.64
9009,1798,22,2024-09-15 15:32:00,115,137.47,15,1381.91
9010,109,23,2024-04-29 17:25:00,71,105.87,12,1311.95
9011,1861,1,2024-12-12 06:55:00,71,99.43,6,1235.18
9012,1674,26,2025-04-24 15:52:00,28,30.8,1,308.89
9013,908,8,2024-12-29 18:59:00,83,92.87,35,1431.46
9014,1692,3,2024-02-15 05:12:00,53,54.85,4,963.92
9015,404,41,2024-11-11 08:57:00,88,111.37,1,1920.82
9016,451,20,2024-01-25 13:09:00,58,42.15,11,622.13
9017,812,20,2024-06-07 02:17:00,78,106.75,15,1323.88
9018,1298,19,2024-06-22 18:46:00,82,69.54,42,929.22
9019,777,33,2025-01-22 23:00:00,79,88.65,1,1228.81
9020,396,11,2024-01-11 14:38:00,59,50.54,2,644.8
9021,728,23,2025-05-06 04:52:00,52,70.27,7,984.29
9022,136,41,2024-04-03 11:20:00,27,38.45,0,654.06
9023,1555,13,2024-01-27 17:36:00,98,128.94,6,2279.16
9024,975,27,2024-01-26 21:11:00,70,102.67,15,878.96
9025,408,16,2024-03-09 03:53:00,92,83.25,6,1189.97
9026,427,3,2024-04-10 22:55:00,89,63.46,11,840.7
9027,1773,28,2024-08-26 08:14:00,90,85.15,9,1110.24
9028,1269,34,2024-09-23 07:15:00,60,43.42,3,752.26
9029,899,47,2025-04-11 10:00:00,65,93.79,1,1395.27
9030,602,46,2025-05-11 14:04:00,78,103.19,0,1521.56
9031,799,44,2024-11-15 20:44:00,54,35.9,24,317.45
9032,250,50,2024-05-21 05:36:00,62,62.2,6,981.91
9033,915,17,2024-07-19 17:46:00,59,74.69,12,818.97
9034,1716,5,2024-02-01 23:29:00,80,97.68,3,949.25
9035,936,39,2024-05-11 19:07:00,70,68.75,30,1206.32
9036,1827,40,2024-10-09 16:08:00,38,53.3,2,644.57
9037,297,31,2024-01-18 09:39:00,22,18.84,3,249.02
9038,1560,24,2024-08-01 04:15:00,40,56.5,7,514.08
9039,1022,12,2024-10-24 01:02:00,40,40.28,9,580.75
9040,1778,4,2025-01-13 21:37:00,94,77.9,11,1381.56
9041,401,4,2024-09-07 09:20:00,56,41.02,1,588.56
9042,406,23,2024-11-10 05:40:00,12,17.53,15,253.59
9043,1788,3,2025-03-12 17:12:00,84,101.96,4,1239.41
9044,1634,47,2024-01-02 06:03:00,73,76.97,7,1098.02
9045,136,42,2024-07-28 08:09:00,103,118.02,12,1063.35
9046,1292,23,2024-11-26 15:39:00,78,93.38,3,1535.7
9047,340,13,2024-04-07 03:43:00,63,93.32,6,794.62
9048,1461,40,2024-11-03 05:43:00,106,127.9,12,1330.87
9049,1385,6,2024-02-14 09:57:00,12,16.48,3,189.47
9050,103,33,2025-02-16 00:51:00,46,29.89,14,491.13
9051,148,30,2025-04-01 15:34:00,22,16.54,7,172.91
9052,449,18,2025-04-24 11:16:00,27,32.28,6,474.29
9053,175,48,2024-09-01 21:31:00,76,53.11,12,519.25
9054,229,47,2024-05-20 05:30:00,63,58.39,13,664.83
9055,1703,2,2024-09-01 13:09:00,18,21.96,3,265.42
9056,1772,21,2024-01-29 21:08:00,18,15.4,2,262.86
9057,773,42,2024-03-02 03:54:00,43,59.69,1,923.76
9058,799,19,2024-06-13 10:32:00,33,19.99,8,311.15
9059,1419,9,2025-02-06 08:16:00,55,39.16,3,699.88
9060,630,27,2024-06-19 07:50:00,69,41.55,4,422.89
9061,1048,43,2024-08-29 19:51:00,76,101.83,21,1451.3
9062,348,49,2025-01-11 07:45:00,58,85.68,14,1404.75
9063,1224,36,2024-10-17 11:13:00,120,104.2,4,1202.55
9064,1586,5,2024-09-11 01:07:00,34,45.19,10,587.74
9065,1749,6,2024-12-13 05:07:00,57,53.39,11,959.06
9066,541,36,2024-10-22 19:15:00,120,72.16,42,918.26
9067,418,1,2025-01-23 03:25:00,21,29.13,0,322.97
9068,1932,49,2025-02-28 02:06:00,99,148.38,2,2167.21
9069,789,8,2024-01-26 18:42:00,99,116.31,37,1732.77
9070,100,46,2025-02-07 04:46:00,83,107.88,12,1371.83
9071,1926,27,2025-03-16 22:38:00,70,69.65,0,692.15
9072,1171,13,2024-02-23 13:51:00,39,48.73,6,728.76
9073,623,35,2024-04-30 11:23:00,66,58.13,0,780.0
9074,901,20,2025-03-30 15:05:00,72,71.87,10,815.26
9075,598,34,2024-10-21 22:24:00,42,34.11,4,516.2
9076,1596,26,2024-10-27 12:14:00,23,30.57,3,344.0
9077,1092,39,2024-11-09 13:00:00,85,98.17,5,1166.21
9078,516,13,2024-01-27 19:09:00,65,48.21,28,632.71
9079,516,2,2024-02-27 11:09:00,18,18.1,6,242.48
9080,104,5,2024-12-03 16:52:00,88,130.05,7,2005.27
9081,1423,41,2024-04-03 09:50:00,71,48.89,5,558.13
9082,1943,38,2024-11-11 19:44:00,100,95.87,40,1610.33
9083,480,40,2024-01-31 06:06:00,106,100.59,14,1586.93
9084,1719,34,2024-02-22 17:49:00,109,115.44,8,966.52
9085,496,19,2024-04-27 02:36:00,12,17.04,11,243.28
9086,1435,14,2024-05-21 12:39:00,106,152.93,13,2305.45
9087,696,44,2024-10-08 19:30:00,17,11.62,31,176.12
9088,1495,19,2025-04-18 04:56:00,95,68.39,15,574.18
9089,1967,47,2025-03-14 11:23:00,70,70.68,5,590.03
9090,1757,4,2025-01-03 10:44:00,39,37.97,1,514.12
9091,886,18,2024-04-22 10:58:00,101,128.97,7,2117.56
9092,361,3,2024-02-22 17:30:00,72,69.97,2,674.31
9093,1608,37,2024-05-17 20:16:00,103,68.94,14,806.76
9094,1294,1,2025-05-10 19:06:00,29,35.74,13,573.6
9095,397,25,2024-07-23 05:03:00,62,73.22,4,949.42
9096,530,18,2024-08-20 00:52:00,82,92.11,13,1170.33
9097,747,1,2024-08-20 02:27:00,28,22.67,4,384.08
9098,731,9,2024-08-10 21:22:00,96,127.36,10,1899.78
9099,910,22,2025-04-22 14:26:00,95,100.94,3,971.74
9100,1747,1,2024-01-19 11:26:00,117,103.96,10,1191.32
9101,500,4,2025-01-18 21:16:00,12,12.41,8,124.0
9102,1815,39,2024-04-14 16:29:00,30,41.93,14,695.19
9103,974,42,2025-04-07 11:38:00,101,80.11,11,1136.93
9104,1666,12,2024-05-26 05:12:00,81,70.45,4,737.55
9105,309,35,2024-10-28 00:06:00,105,107.56,1,1286.99
9106,997,34,2025-04-26 02:44:00,113,164.76,13,2178.39
9107,1204,16,2024-10-05 06:37:00,97,119.67,10,1877.87
9108,392,18,2024-11-17 10:49:00,73,89.48,2,835.42
9109,1145,19,2024-01-29 06:48:00,74,61.91,1,1033.04
9110,1132,34,2024-08-25 00:16:00,88,111.04,2,1518.36
9111,1662,8,2024-10-07 20:29:00,38,27.24,22,306.9
9112,1162,22,2024-01-27 19:26:00,27,20.79,25,229.67
9113,53,44,2024-07-05 23:46:00,82,105.32,7,1836.59
9114,1133,47,2024-11-11 17:15:00,41,60.28,6,750.94
9115,1068,32,2024-04-14 21:42:00,39,34.86,1,392.63
9116,1850,36,2024-03-23 19:40:00,116,154.04,43,2160.09
9117,696,37,2025-01-17 16:04:00,46,67.1,0,753.85
9118,1260,22,2024-02-04 11:21:00,62,64.44,12,709.49
9119,1732,12,2024-08-24 06:03:00,14,13.63,12,148.98
9120,79,18,2025-02-16 16:30:00,17,14.69,4,195.44
9121,1283,3,2025-05-10 08:59:00,95,103.24,3,1449.27
9122,1271,19,2025-04-07 20:17:00,66,64.67,22,928.38
9123,933,32,2025-01-30 19:36:00,40,42.37,26,669.36
9124,1607,3,2024-02-28 07:53:00,11,8.57,14,105.4
9125,23,18,2024-10-30 03:37:00,22,27.8,14,228.33
9126,680,30,2024-10-23 21:28:00,37,25.52,1,390.89
9127,1000,48,2024-02-05 07:27:00,31,41.49,5,708.05
9128,753,32,2024-09-23 09:04:00,82,49.88,4,463.07
9129,152,8,2024-04-22 22:32:00,75,73.79,2,999.77
9130,888,2,2025-03-26 15:00:00,88,115.75,2,1725.88
9131,1192,21,2024-09-10 05:49:00,42,28.55,13,387.55
9132,1520,33,2025-05-04 21:40:00,42,38.44,6,586.6
9133,1161,33,2025-05-15 21:04:00,90,57.14,11,571.19
9134,1787,20,2024-01-05 11:14:00,47,49.22,9,674.34
9135,1838,41,2025-02-26 06:02:00,97,105.32,1,1338.74
9136,1275,38,2025-04-06 07:17:00,55,53.1,2,886.18
9137,1208,43,2024-01-14 15:42:00,31,29.43,9,486.51
9138,1719,21,2025-03-08 07:46:00,38,43.83,4,489.56
9139,1176,38,2024-10-16 02:28:00,80,108.66,5,1391.79
9140,650,12,2025-03-22 04:28:00,40,41.34,5,632.71
9141,1866,27,2024-04-12 16:27:00,24,34.59,14,314.85
9142,1152,5,2024-04-08 17:53:00,34,30.78,3,488.32
9143,1039,7,2024-01-15 11:09:00,48,56.61,10,459.92
9144,644,30,2025-04-26 20:34:00,37,34.4,21,299.79
9145,239,46,2025-03-23 06:56:00,93,121.03,10,1541.25
9146,1623,26,2024-02-16 09:16:00,47,29.18,10,367.01
9147,1166,32,2024-11-05 17:19:00,38,25.63,10,248.97
9148,994,46,2025-05-05 19:05:00,24,14.68,39,162.21
9149,719,22,2025-04-24 01:25:00,57,73.36,7,594.0
9150,1340,1,2024-01-14 13:34:00,105,101.28,11,1470.21
9151,387,11,2024-01-26 09:08:00,116,71.91,9,690.14
9152,1814,18,2024-08-26 00:16:00,30,32.09,9,417.51
9153,648,4,2024-02-08 06:25:00,71,51.41,10,421.57
9154,1261,16,2024-03-13 23:03:00,118,73.14,10,1239.64
9155,1412,36,2024-12-14 14:20:00,28,18.44,7,177.03
9156,1242,20,2024-05-21 21:24:00,49,39.09,0,361.94
9157,238,48,2025-03-27 04:01:00,82,85.32,10,1466.19
9158,439,41,2024-07-02 15:07:00,92,113.32,15,1914.91
9159,1563,28,2024-03-10 00:33:00,104,118.07,14,1627.96
9160,1014,40,2024-04-08 08:35:00,37,28.0,8,369.5
9161,1009,17,2024-03-13 12:32:00,89,54.11,14,623.45
9162,196,30,2024-09-01 11:17:00,67,91.24,1,931.04
9163,156,27,2025-03-28 20:51:00,98,133.29,42,1229.67
9164,938,13,2024-08-06 13:19:00,102,62.49,13,849.92
9165,238,12,2024-01-14 00:13:00,82,50.73,3,761.98
9166,944,47,2024-01-30 21:19:00,66,63.71,10,698.77
9167,1951,19,2025-04-03 01:35:00,79,86.96,10,1464.19
9168,404,32,2024-03-24 02:58:00,112,124.99,0,1383.7
9169,189,36,2025-02-07 00:33:00,93,80.78,4,1119.74
9170,836,2,2024-12-31 22:18:00,63,46.69,15,481.81
9171,1128,20,2024-04-22 04:10:00,22,20.45,12,210.76
9172,1997,19,2025-04-02 06:38:00,101,104.79,4,1496.85
9173,263,16,2024-09-16 03:21:00,108,92.18,9,1580.92
9174,1442,11,2025-02-08 20:38:00,86,79.18,30,1272.89
9175,725,21,2024-05-01 16:14:00,56,35.17,11,525.69
9176,518,5,2024-04-06 18:52:00,13,19.46,40,280.22
9177,562,17,2024-05-07 04:36:00,72,80.05,0,789.1
9178,1544,9,2025-04-24 05:07:00,108,78.85,14,1334.66
9179,17,43,2024-04-27 04:40:00,114,135.14,4,1791.01
9180,1995,35,2024-11-07 23:30:00,111,72.51,5,1301.88
9181,1510,28,2024-01-16 01:40:00,55,39.88,13,656.67
9182,235,2,2025-01-21 16:18:00,23,31.99,12,499.37
9183,1864,43,2024-12-19 15:30:00,97,114.31,10,1129.53
9184,286,16,2024-10-08 12:12:00,95,111.71,15,1123.29
9185,826,47,2024-05-31 04:07:00,66,72.06,15,692.1
9186,347,33,2025-01-03 21:01:00,114,142.6,7,1705.5
9187,184,29,2025-05-09 23:18:00,116,89.14,6,1207.27
9188,109,49,2025-05-02 20:34:00,65,74.25,15,1025.62
9189,170,34,2024-01-28 18:56:00,78,54.1,40,594.78
9190,675,45,2024-03-08 22:28:00,108,95.91,6,1242.81
9191,20,2,2024-05-08 03:58:00,14,10.58,6,107.83
9192,792,50,2024-03-22 17:24:00,46,66.44,2,792.04
9193,1237,9,2024-09-08 15:41:00,16,13.11,7,193.74
9194,146,43,2024-04-24 22:42:00,64,76.18,0,1222.94
9195,885,46,2024-06-16 14:04:00,64,68.8,15,652.02
9196,1333,15,2024-02-06 19:01:00,19,12.07,15,162.0
9197,1967,23,2024-05-19 00:23:00,106,109.86,8,1193.6
9198,996,2,2025-03-26 07:57:00,81,54.86,15,492.37
9199,1672,18,2024-09-04 09:38:00,12,15.8,15,223.17
9200,500,10,2024-09-26 11:12:00,40,56.06,7,670.81
9201,408,2,2024-12-20 10:48:00,66,63.44,1,953.5
9202,947,11,2024-07-16 13:52:00,87,71.19,11,1138.76
9203,1585,22,2024-03-29 22:41:00,22,31.82,13,299.75
9204,455,39,2024-07-02 12:13:00,84,70.35,15,761.15
9205,274,17,2024-04-14 23:18:00,84,54.74,6,875.12
9206,292,25,2025-01-21 18:49:00,30,29.05,29,306.38
9207,1149,14,2024-01-04 08:07:00,12,16.35,9,185.95
9208,1774,34,2024-11-08 12:00:00,18,20.45,14,263.87
9209,1795,11,2024-10-09 12:31:00,50,58.89,13,709.13
9210,1101,2,2025-02-08 15:12:00,49,44.33,14,723.45
9211,48,30,2024-02-23 14:32:00,12,11.61,11,130.46
9212,77,12,2024-08-06 09:30:00,27,19.44,2,206.34
9213,845,44,2024-05-30 04:02:00,29,17.73,14,211.79
9214,999,37,2024-08-08 12:48:00,68,62.16,2,926.66
9215,614,15,2025-01-27 09:44:00,44,44.76,14,731.67
9216,779,48,2024-03-27 07:25:00,100,122.8,12,1483.28
9217,508,29,2024-10-08 13:07:00,33,48.45,0,794.28
9218,1964,23,2024-11-14 15:31:00,109,105.63,8,905.27
9219,1269,23,2025-04-13 00:25:00,110,159.39,5,1831.32
9220,175,48,2025-04-27 19:42:00,25,16.95,33,208.28
9221,1988,12,2024-11-11 04:29:00,95,104.46,6,1259.02
9222,530,44,2024-10-08 00:49:00,100,83.96,15,1065.94
9223,1247,15,2025-04-06 06:35:00,40,44.99,1,427.84
9224,1944,30,2024-10-13 12:42:00,30,36.24,12,363.03
9225,1385,7,2024-05-15 02:14:00,50,63.45,1,630.05
9226,1720,39,2024-08-18 16:54:00,50,33.66,2,328.73
9227,1726,5,2024-02-07 18:01:00,59,61.61,41,634.66
9228,856,35,2024-06-12 05:43:00,40,40.37,9,697.37
9229,951,27,2024-03-03 03:21:00,53,57.15,9,791.03
9230,1367,49,2024-09-01 06:32:00,48,29.22,3,255.67
9231,128,23,2025-03-10 04:05:00,31,25.98,15,317.76
9232,845,31,2024-09-24 12:44:00,110,76.04,12,1186.58
9233,781,19,2024-06-29 06:15:00,76,59.24,7,594.81
9234,94,29,2025-02-25 20:52:00,48,47.72,11,852.06
9235,177,3,2024-08-28 14:29:00,34,40.14,7,415.78
9236,839,17,2024-02-10 08:57:00,49,33.39,15,531.17
9237,757,31,2025-02-21 18:34:00,80,49.0,39,761.26
9238,117,40,2024-11-07 21:12:00,52,38.87,11,338.88
9239,2,40,2024-09-28 14:53:00,55,49.86,12,647.48
9240,1471,4,2024-01-06 09:30:00,55,66.83,14,563.6
9241,1984,7,2024-03-08 23:33:00,12,17.83,14,148.44
9242,562,7,2025-04-19 03:25:00,35,37.97,2,317.12
9243,19,34,2024-04-12 01:06:00,57,44.15,4,735.1
9244,920,36,2024-01-12 01:51:00,103,92.1,1,1205.41
9245,836,13,2025-02-06 17:42:00,112,96.28,12,905.31
9246,1116,20,2025-02-19 03:51:00,86,71.85,14,777.12
9247,1271,2,2025-01-05 11:31:00,84,62.97,5,921.01
9248,130,50,2024-10-04 06:36:00,51,52.67,11,524.8
9249,1242,15,2024-04-07 10:24:00,26,31.96,3,450.08
9250,170,30,2025-04-07 17:25:00,40,27.57,5,348.18
9251,779,40,2025-01-27 17:41:00,56,54.38,15,828.01
9252,1165,25,2025-03-29 22:29:00,99,77.43,11,916.01
9253,1067,3,2025-01-09 16:20:00,104,126.8,13,1567.84
9254,293,8,2025-04-24 12:54:00,37,55.04,9,729.67
9255,1132,25,2025-01-18 08:55:00,76,47.23,1,533.6
9256,239,42,2024-02-17 16:18:00,112,160.51,12,2765.62
9257,254,48,2024-01-03 05:09:00,113,157.73,11,2104.87
9258,660,38,2025-03-05 10:40:00,70,90.62,0,1355.37
9259,458,23,2024-03-09 12:54:00,32,40.12,14,418.97
9260,1885,43,2025-04-13 17:11:00,66,63.15,0,780.73
9261,1423,30,2024-01-19 12:09:00,56,83.89,2,1405.11
9262,966,47,2024-11-30 19:10:00,61,89.95,16,1275.72
9263,1449,35,2024-12-28 01:38:00,111,99.16,13,1490.39
9264,1613,25,2024-11-27 18:39:00,40,50.09,25,470.09
9265,398,28,2024-09-08 22:59:00,40,38.39,10,570.77
9266,1478,4,2024-02-11 18:46:00,71,56.28,14,500.76
9267,349,2,2025-03-08 23:09:00,69,51.9,3,619.87
9268,1955,5,2024-09-07 09:42:00,96,111.73,7,2009.07
9269,1165,9,2024-12-04 14:15:00,38,56.53,0,794.87
9270,688,35,2024-07-21 07:20:00,47,46.67,5,489.85
9271,286,25,2025-02-03 13:08:00,42,30.95,13,550.22
9272,1991,25,2025-02-23 07:37:00,12,16.58,14,178.6
9273,1356,25,2024-08-04 06:13:00,74,106.12,2,1034.03
9274,1081,2,2024-01-05 05:52:00,38,44.77,1,641.26
9275,1695,49,2024-12-13 23:55:00,62,38.39,6,334.5
9276,136,30,2024-12-08 07:44:00,120,98.88,3,949.27
9277,1206,14,2024-04-13 17:05:00,80,90.55,10,1627.69
9278,573,43,2024-11-30 18:59:00,66,60.47,15,899.97
9279,1396,22,2024-03-21 07:49:00,77,93.41,14,888.3
9280,44,50,2025-03-31 12:29:00,101,67.49,4,629.68
9281,1397,49,2024-04-22 14:52:00,100,126.87,0,1750.0
9282,1811,16,2024-02-23 07:19:00,60,52.86,7,741.96
9283,1439,6,2024-06-17 21:54:00,39,31.18,10,424.21
9284,1719,13,2024-12-20 04:52:00,95,93.22,1,1513.52
9285,27,8,2024-03-30 16:04:00,74,64.94,7,932.83
9286,614,22,2024-11-03 01:15:00,119,143.74,1,1706.84
9287,1903,37,2024-10-30 02:41:00,35,29.95,1,353.91
9288,1637,2,2024-07-15 11:25:00,18,13.14,15,215.7
9289,967,9,2024-07-30 15:11:00,37,32.32,1,575.79
9290,1105,35,2025-04-15 22:28:00,73,53.6,10,922.66
9291,1312,13,2024-10-07 13:24:00,80,90.85,15,1369.57
9292,911,14,2025-02-26 23:19:00,92,137.73,3,1842.02
9293,34,47,2025-01-22 16:39:00,96,133.87,3,1602.97
9294,1886,39,2024-09-15 04:56:00,119,155.21,15,2136.43
9295,1582,38,2025-01-15 11:15:00,101,88.0,0,993.93
9296,832,33,2024-01-12 14:14:00,55,73.19,5,875.35
9297,650,25,2024-06-29 05:39:00,118,151.18,0,1775.21
9298,1332,3,2025-02-13 06:25:00,25,15.2,0,257.22
9299,1284,28,2025-04-25 20:59:00,12,16.12,31,146.53
9300,1927,2,2024-02-19 18:45:00,89,80.76,12,1150.33
9301,1632,36,2025-01-16 15:10:00,60,50.66,13,477.92
9302,209,27,2025-04-07 14:22:00,112,80.29,0,932.39
9303,502,49,2025-01-09 10:53:00,43,28.83,15,441.43
9304,482,38,2024-09-10 08:11:00,42,55.25,9,524.42
9305,667,35,2024-10-28 03:39:00,119,133.64,10,1890.4
9306,1807,32,2025-01-21 09:27:00,51,34.71,9,424.63
9307,1688,24,2024-07-12 06:58:00,105,73.41,12,609.0
9308,418,12,2024-11-25 17:42:00,80,84.82,8,1247.72
9309,1965,37,2024-09-04 17:53:00,88,76.79,15,711.38
9310,1567,15,2024-12-20 22:22:00,27,28.81,4,482.95
9311,1029,1,2024-12-13 21:33:00,30,41.23,3,458.48
9312,1357,46,2024-01-20 21:09:00,54,39.64,0,576.05
9313,1589,37,2025-01-21 22:54:00,76,88.27,9,848.9
9314,849,37,2024-12-21 17:02:00,79,81.41,5,1371.9
9315,485,17,2024-07-12 15:42:00,10,11.28,14,189.63
9316,1033,48,2024-06-17 20:02:00,106,105.14,34,911.96
9317,242,42,2024-03-18 03:29:00,77,83.2,2,1027.14
9318,377,26,2024-08-04 12:39:00,75,77.16,4,740.9
9319,485,15,2025-04-16 16:59:00,113,166.78,9,2956.63
9320,819,5,2024-02-16 14:36:00,103,132.09,10,1455.49
9321,1489,24,2025-04-17 23:29:00,114,75.31,2,934.67
9322,22,19,2024-11-11 08:41:00,99,86.97,2,1011.81
9323,395,25,2024-03-03 08:21:00,119,79.11,6,691.49
9324,1697,15,2024-03-18 03:53:00,97,104.18,12,1669.83
9325,1655,3,2024-06-03 18:06:00,56,53.42,16,433.33
9326,120,32,2024-03-06 13:03:00,69,99.77,11,868.79
9327,1797,19,2025-01-15 01:41:00,117,114.93,1,2066.45
9328,106,22,2024-10-09 23:45:00,46,67.19,11,606.75
9329,1644,9,2024-09-14 05:30:00,110,163.05,8,2597.85
9330,1831,35,2024-11-13 17:04:00,24,32.64,13,524.7
9331,582,39,2024-08-31 05:42:00,44,47.18,7,752.65
9332,647,39,2024-06-13 15:19:00,99,108.53,3,1685.7
9333,1996,15,2024-04-15 15:22:00,84,94.14,6,963.61
9334,752,36,2024-04-05 06:35:00,78,53.01,15,483.34
9335,1211,17,2024-07-15 23:28:00,108,98.29,4,1523.87
9336,1287,12,2024-06-07 20:51:00,68,65.68,12,835.73
9337,676,31,2024-12-05 18:28:00,55,74.68,14,739.15
9338,664,48,2024-05-22 13:12:00,64,67.12,13,1178.14
9339,213,14,2024-12-17 13:52:00,11,10.89,9,176.53
9340,1209,18,2025-04-23 08:29:00,90,131.0,15,1225.06
9341,727,21,2024-12-07 15:24:00,86,97.06,15,1079.84
9342,215,40,2024-05-26 16:37:00,119,98.13,6,1489.19
9343,815,49,2025-03-30 06:39:00,82,109.47,13,1967.43
9344,138,20,2025-04-27 08:31:00,24,22.27,14,288.56
9345,1694,5,2024-10-21 08:59:00,90,76.13,11,1367.77
9346,1264,26,2024-02-10 08:02:00,88,123.53,14,1548.69
9347,633,6,2025-04-15 16:18:00,23,30.97,4,532.32
9348,517,2,2024-06-15 07:23:00,27,40.0,7,657.07
9349,277,30,2024-07-26 18:44:00,72,55.54,13,625.14
9350,932,12,2024-03-02 16:27:00,45,40.66,7,377.9
9351,892,6,2025-02-27 12:39:00,19,19.41,8,266.45
9352,455,41,2024-12-28 19:17:00,54,63.63,20,793.48
9353,1947,38,2025-02-11 03:33:00,112,68.29,10,1083.11
9354,1758,32,2024-01-27 01:45:00,120,116.93,15,2060.5
9355,1644,46,2024-01-03 20:08:00,113,125.02,18,1031.29
9356,708,48,2024-07-28 20:15:00,39,55.69,26,472.21
9357,1186,29,2024-07-27 04:48:00,79,109.26,14,967.13
9358,1353,11,2025-01-17 17:35:00,32,45.86,13,479.11
9359,41,47,2024-10-17 12:48:00,79,79.8,5,936.73
9360,614,3,2024-08-13 15:49:00,104,86.02,2,1514.89
9361,1826,27,2025-03-18 16:09:00,11,9.36,5,153.49
9362,188,9,2024-08-24 15:13:00,24,30.74,14,336.92
9363,1796,11,2024-12-13 15:34:00,87,128.66,8,1272.86
9364,1116,44,2024-10-12 15:10:00,44,31.89,11,414.93
9365,166,18,2024-01-13 22:24:00,51,68.82,10,926.33
9366,1696,47,2025-04-20 18:40:00,57,45.2,37,761.52
9367,904,4,2024-07-10 19:57:00,91,76.18,45,1265.65
9368,955,22,2024-04-07 22:17:00,14,14.49,6,142.01
9369,1302,19,2024-06-25 12:52:00,79,83.77,7,790.43
9370,1726,34,2024-02-03 20:58:00,71,48.17,12,649.64
9371,293,35,2024-03-02 18:17:00,17,13.48,26,184.5
9372,984,30,2024-07-02 20:40:00,88,115.57,25,1168.47
9373,907,50,2024-10-04 07:22:00,75,82.19,9,937.93
9374,1191,3,2024-12-10 17:26:00,72,84.25,3,850.49
9375,1384,10,2025-01-19 07:44:00,98,68.03,3,960.66
9376,1658,46,2024-09-12 22:25:00,95,81.04,10,1188.4
9377,1518,16,2025-03-30 07:22:00,58,54.6,5,931.07
9378,339,12,2024-08-16 00:25:00,96,134.02,15,1741.11
9379,995,16,2024-01-17 17:52:00,49,72.51,10,1238.39
9380,923,29,2024-01-20 20:08:00,37,36.6,15,538.8
9381,1475,43,2024-05-12 13:50:00,39,36.99,7,348.25
9382,40,6,2025-03-29 11:52:00,48,45.03,4,392.99
9383,1498,38,2025-03-09 02:46:00,32,37.63,13,555.71
9384,388,7,2024-12-05 18:16:00,103,72.99,26,1178.48
9385,1963,10,2024-11-26 13:58:00,103,124.23,3,1140.56
9386,679,45,2025-04-26 16:03:00,117,88.85,5,1287.8
9387,189,21,2024-11-19 20:10:00,22,26.41,44,214.74
9388,1918,27,2024-02-05 04:19:00,88,65.02,3,877.35
9389,1665,20,2025-01-15 07:20:00,103,128.53,15,2035.81
9390,25,50,2024-11-13 16:03:00,62,55.02,4,705.74
9391,387,34,2024-01-25 03:26:00,99,89.54,9,1478.31
9392,858,13,2024-04-03 21:16:00,116,105.73,0,1626.0
9393,464,28,2024-01-01 12:20:00,64,67.58,10,716.91
9394,18,39,2024-09-23 11:43:00,30,20.6,15,202.28
9395,1735,37,2024-08-11 04:59:00,29,32.49,7,494.66
9396,580,48,2025-02-07 13:30:00,23,24.96,8,303.74
9397,1347,29,2024-04-07 04:28:00,48,39.31,14,469.5
9398,1375,41,2024-12-04 22:24:00,67,91.35,8,1306.78
9399,1926,1,2024-02-20 20:33:00,102,147.13,29,1860.04
9400,1370,42,2024-08-06 12:37:00,86,115.26,11,1142.3
9401,1172,25,2024-01-13 14:05:00,28,23.7,1,319.95
9402,515,43,2024-08-31 12:22:00,99,73.17,0,1146.47
9403,711,25,2024-03-30 05:43:00,48,61.7,3,822.18
9404,385,41,2025-02-05 16:33:00,115,76.28,9,1092.15
9405,491,30,2024-02-22 01:57:00,46,57.28,10,826.46
9406,384,25,2024-01-31 18:25:00,105,66.38,11,1014.07
9407,646,4,2024-08-23 22:49:00,83,83.72,4,804.49
9408,152,30,2024-09-16 00:26:00,62,64.76,9,1069.13
9409,144,33,2024-10-23 06:00:00,100,116.37,12,1167.02
9410,1371,28,2024-09-14 08:08:00,118,168.31,7,2907.1
9411,896,6,2024-10-07 18:06:00,40,35.4,37,411.99
9412,333,30,2024-03-15 17:31:00,116,127.25,8,1875.76
9413,1483,20,2025-03-13 14:24:00,33,43.78,7,573.23
9414,324,26,2025-02-20 15:03:00,110,150.21,9,1813.32
9415,1142,28,2024-08-24 21:30:00,21,29.21,13,491.03
9416,571,5,2024-09-22 03:16:00,63,40.75,2,387.68
9417,1354,15,2024-08-07 06:49:00,28,20.51,0,348.31
9418,1355,11,2024-11-06 14:38:00,113,119.73,2,1212.25
9419,609,32,2024-03-18 23:52:00,15,21.67,13,279.55
9420,501,35,2025-01-06 13:24:00,71,64.64,13,759.12
9421,909,25,2024-08-22 00:15:00,89,122.86,5,1573.8
9422,1272,39,2024-02-13 09:14:00,79,64.24,14,946.97
9423,1677,1,2024-06-24 07:00:00,80,114.54,6,1159.88
9424,770,49,2025-03-23 01:57:00,23,19.87,15,341.45
9425,718,5,2024-02-12 20:34:00,96,106.07,45,1795.78
9426,377,32,2024-01-27 07:10:00,104,140.35,9,2136.17
9427,1254,5,2024-05-01 12:02:00,49,68.55,14,731.93
9428,757,29,2024-11-26 12:27:00,109,163.35,7,2237.41
9429,622,2,2024-10-01 02:36:00,26,27.22,8,410.72
9430,1876,11,2024-09-07 14:23:00,85,74.21,14,1041.6
9431,1740,11,2024-08-25 21:56:00,112,72.46,4,764.4
9432,769,30,2024-06-30 19:20:00,71,95.95,34,964.83
9433,972,8,2025-05-15 22:04:00,86,67.15,3,1119.58
9434,63,36,2024-08-21 03:26:00,50,32.38,3,410.5
9435,418,44,2024-08-12 12:04:00,37,33.09,9,315.24
9436,1983,7,2024-08-07 18:56:00,45,40.34,44,427.16
9437,704,20,2024-03-24 20:40:00,113,133.43,18,1438.81
9438,1310,29,2024-06-26 06:50:00,89,120.39,14,1721.59
9439,1194,45,2025-01-15 04:42:00,14,9.53,4,171.16
9440,1254,11,2024-04-11 15:39:00,116,152.67,11,2255.34
9441,1498,44,2024-11-03 12:34:00,62,91.4,10,738.81
9442,855,2,2024-03-02 02:25:00,54,48.77,12,562.73
9443,168,23,2025-05-14 00:15:00,51,47.32,3,757.84
9444,1114,44,2024-01-29 21:43:00,96,122.43,13,1469.02
9445,61,23,2024-08-04 21:48:00,71,73.28,5,1054.9
9446,385,28,2024-01-10 01:34:00,111,93.91,6,1258.34
9447,1879,2,2025-04-08 23:27:00,41,51.19,7,662.42
9448,283,50,2025-04-29 07:27:00,84,103.46,3,841.57
9449,1392,40,2025-01-06 15:42:00,77,77.59,2,1068.0
9450,1661,25,2024-04-11 21:00:00,98,117.03,3,1441.86
9451,188,27,2024-10-05 01:01:00,44,59.08,5,532.75
9452,408,22,2024-08-29 21:02:00,12,13.82,10,180.85
9453,1795,6,2024-09-05 01:57:00,33,20.09,11,349.28
9454,1928,43,2024-07-05 00:41:00,23,29.32,14,510.96
9455,1186,1,2025-04-09 01:41:00,51,73.31,8,692.43
9456,269,23,2024-06-26 21:16:00,112,87.56,6,926.11
9457,351,44,2025-01-31 06:11:00,92,120.03,5,1773.01
9458,408,1,2024-03-13 10:32:00,94,110.22,6,1153.07
9459,34,14,2024-07-23 20:04:00,40,28.86,41,488.8
9460,1504,38,2024-01-08 08:52:00,93,112.19,15,1960.88
9461,540,20,2024-09-11 20:55:00,39,23.82,42,214.84
9462,1718,2,2025-03-05 23:28:00,91,113.66,0,1826.77
9463,1712,36,2024-09-06 13:52:00,58,59.88,9,682.36
9464,1900,13,2024-05-28 20:41:00,34,42.71,32,631.33
9465,943,33,2024-06-01 07:29:00,15,19.54,2,255.47
9466,1944,44,2024-01-24 06:12:00,104,154.44,2,1551.52
9467,436,31,2024-12-27 10:01:00,63,39.05,1,398.58
9468,1961,47,2025-04-20 11:06:00,110,144.87,12,1501.31
9469,1490,43,2025-01-30 15:35:00,106,149.31,9,2658.42
9470,725,44,2025-04-15 14:40:00,40,38.85,5,447.24
9471,1729,16,2024-01-07 07:17:00,94,111.41,13,1765.15
9472,8,11,2024-08-13 07:11:00,26,24.99,4,435.58
9473,923,9,2024-11-21 16:29:00,13,9.32,9,144.0
9474,34,38,2025-01-01 15:21:00,20,27.24,2,218.92
9475,382,37,2024-05-01 19:40:00,118,145.44,10,1999.46
9476,1620,37,2024-07-30 11:26:00,69,94.42,11,1351.75
9477,563,48,2024-06-30 19:43:00,77,91.89,38,793.98
9478,1795,3,2024-04-23 05:57:00,85,62.1,9,681.97
9479,1475,11,2024-02-24 06:34:00,47,59.35,6,550.65
9480,1579,16,2025-03-25 07:48:00,14,19.54,1,212.85
9481,1883,11,2024-11-14 10:24:00,10,7.71,4,107.65
9482,1398,1,2024-10-24 10:55:00,74,77.06,5,636.82
9483,49,50,2024-08-19 11:09:00,16,9.89,5,111.32
9484,805,39,2024-04-18 02:32:00,65,39.41,5,403.09
9485,1307,8,2024-05-16 07:33:00,71,60.59,7,783.7
9486,503,1,2024-06-28 07:22:00,88,86.04,15,1044.22
9487,30,3,2025-01-11 18:31:00,58,74.7,21,840.6
9488,938,43,2024-05-05 19:28:00,59,61.19,26,825.66
9489,182,15,2025-04-30 18:06:00,45,32.92,10,339.4
9490,1022,24,2025-02-01 12:39:00,49,32.16,9,337.11
9491,1713,20,2024-01-15 03:15:00,85,91.4,15,1369.96
9492,633,11,2025-05-10 19:23:00,40,49.57,22,753.76
9493,947,7,2024-09-20 18:16:00,106,81.48,28,661.53
9494,1100,45,2024-11-17 17:48:00,109,149.54,11,1811.81
9495,455,33,2024-01-05 05:42:00,79,102.71,4,892.56
9496,1556,4,2024-01-26 09:41:00,21,20.24,11,305.44
9497,1764,24,2024-06-29 18:54:00,61,50.97,40,829.5
9498,386,9,2025-04-21 03:33:00,69,42.33,11,646.64
9499,1488,43,2024-10-07 17:35:00,76,64.72,7,949.75
9500,743,40,2024-05-15 00:08:00,103,136.03,13,1870.75
9501,1422,3,2025-04-08 13:35:00,18,14.49,12,145.49
9502,1458,25,2025-03-16 04:09:00,44,53.53,13,840.75
9503,1959,28,2024-06-19 11:26:00,25,23.21,15,338.12
9504,263,15,2024-06-22 21:22:00,118,79.72,15,743.07
9505,575,45,2024-10-08 09:29:00,86,104.4,14,879.98
9506,724,38,2024-11-02 08:59:00,45,42.3,14,433.03
9507,464,26,2024-01-29 13:45:00,74,63.51,9,824.64
9508,1395,1,2024-08-04 23:44:00,72,63.11,2,936.31
9509,790,2,2024-03-19 20:32:00,68,96.91,13,797.93
9510,1998,29,2025-01-22 02:06:00,13,12.82,9,167.77
9511,1825,49,2024-03-15 06:09:00,55,66.32,12,904.05
9512,1652,41,2025-04-07 16:59:00,12,7.87,3,85.36
9513,616,35,2024-11-21 19:19:00,59,71.86,31,763.26
9514,1433,5,2024-04-02 08:45:00,32,46.96,13,841.18
9515,122,28,2025-01-27 19:05:00,41,53.62,21,849.42
9516,246,31,2024-12-30 05:47:00,108,125.48,4,1866.59
9517,1144,27,2024-08-08 14:33:00,118,86.04,13,1103.89
9518,881,47,2024-08-20 13:45:00,57,64.2,12,657.5
9519,1141,31,2025-02-25 20:42:00,77,70.43,38,1215.45
9520,1828,6,2025-01-29 16:39:00,71,87.03,9,1319.23
9521,1839,8,2024-09-28 23:28:00,12,17.22,6,175.24
9522,1290,35,2025-03-05 14:16:00,66,48.67,13,762.93
9523,907,47,2024-04-18 05:53:00,59,75.05,3,776.27
9524,135,22,2025-05-04 21:46:00,88,70.4,9,596.56
9525,1418,26,2024-03-09 01:44:00,90,120.81,4,2113.49
9526,1460,2,2024-09-03 09:40:00,85,126.58,10,1911.34
9527,837,12,2025-01-14 08:05:00,92,75.56,4,815.82
9528,1229,47,2024-02-25 23:08:00,40,48.39,2,525.3
9529,1400,6,2024-05-18 05:05:00,113,103.55,4,1183.22
9530,1751,17,2025-05-05 10:47:00,109,132.61,3,1393.78
9531,627,14,2024-10-04 04:22:00,17,11.07,12,193.39
9532,1238,50,2024-10-28 04:02:00,54,35.76,6,375.91
9533,1590,5,2024-07-03 18:19:00,106,158.98,18,2413.37
9534,1113,13,2024-05-24 18:18:00,29,30.9,32,504.18
9535,1992,9,2024-08-14 01:26:00,11,11.02,2,118.47
9536,1705,31,2024-07-21 09:09:00,39,37.29,3,482.04
9537,1713,42,2024-01-24 07:49:00,26,22.91,5,235.22
9538,143,30,2025-05-02 20:29:00,85,124.96,19,1953.02
9539,1531,6,2025-05-05 21:06:00,68,44.43,11,427.69
9540,644,40,2024-07-20 00:39:00,13,8.91,15,147.04
9541,986,11,2025-03-06 01:36:00,96,104.09,0,995.54
9542,1588,3,2024-11-25 18:17:00,35,52.26,32,506.95
9543,190,49,2025-02-10 19:52:00,106,122.57,41,1130.94
9544,1071,27,2025-01-04 05:22:00,93,137.16,2,1602.21
9545,494,28,2024-10-11 17:25:00,44,65.51,12,940.42
9546,693,42,2024-01-10 09:48:00,51,47.84,12,385.24
9547,1531,27,2025-04-21 05:33:00,54,43.47,15,704.26
9548,1239,11,2024-10-13 20:51:00,18,19.36,40,341.61
9549,1660,49,2024-02-07 22:12:00,100,96.98,11,1522.85
9550,392,8,2024-04-29 07:07:00,21,25.73,15,397.65
9551,895,47,2025-02-08 09:20:00,49,50.57,6,858.18
9552,1170,48,2024-12-01 18:53:00,12,10.21,40,143.66
9553,184,2,2024-05-02 01:46:00,36,28.91,15,401.24
9554,237,26,2024-02-06 16:21:00,101,60.73,14,728.0
9555,108,50,2024-08-07 08:18:00,118,71.45,6,1114.37
9556,1438,49,2024-06-12 15:28:00,64,86.99,2,949.05
9557,26,25,2024-10-26 23:09:00,60,37.2,11,403.33
9558,1143,27,2024-04-20 11:31:00,45,28.55,10,258.91
9559,630,17,2024-06-01 09:04:00,41,60.93,4,679.97
9560,1329,12,2025-01-03 07:49:00,94,86.13,4,1027.01
9561,942,14,2024-05-05 17:49:00,17,25.35,12,396.53
9562,1015,31,2024-11-12 19:32:00,82,52.51,23,700.64
9563,178,4,2024-01-06 12:13:00,23,13.86,11,114.75
9564,1602,26,2024-03-04 08:00:00,95,79.47,13,1037.92
9565,232,43,2024-08-10 19:03:00,71,102.65,25,1841.85
9566,462,36,2024-03-15 03:03:00,86,65.67,1,933.29
9567,239,18,2024-11-04 23:33:00,87,63.0,12,853.51
9568,1803,2,2024-10-20 16:53:00,87,74.08,6,1047.43
9569,1715,42,2024-04-22 21:24:00,42,59.38,0,848.43
9570,864,41,2024-02-27 00:39:00,64,40.45,7,533.87
9571,318,50,2025-01-25 04:43:00,118,93.05,5,914.41
9572,766,14,2024-08-22 10:20:00,96,100.52,4,1271.66
9573,77,22,2024-11-09 04:48:00,91,80.56,2,1409.29
9574,1748,41,2025-03-05 17:28:00,29,18.61,12,215.87
9575,1579,29,2024-09-11 12:31:00,103,133.24,14,1794.44
9576,1601,33,2024-08-29 03:12:00,119,72.46,8,1171.82
9577,1030,14,2024-11-04 15:08:00,10,14.25,12,214.21
9578,436,9,2024-11-12 10:27:00,75,83.03,12,957.99
9579,636,33,2025-04-27 18:48:00,109,160.95,35,2036.57
9580,1667,41,2024-01-10 13:47:00,18,19.99,15,343.42
9581,17,1,2024-04-21 16:04:00,113,141.03,9,2042.27
9582,528,14,2025-03-24 17:34:00,10,6.79,6,59.08
9583,1975,1,2024-01-06 11:44:00,78,61.54,6,678.47
9584,1110,21,2024-11-30 17:18:00,110,84.21,10,1008.54
9585,565,5,2025-01-11 14:33:00,48,38.24,14,455.05
9586,201,50,2024-09-24 23:12:00,33,42.94,15,635.2
9587,1048,8,2025-05-09 22:24:00,86,79.08,7,1142.46
9588,750,10,2024-05-13 21:46:00,62,79.63,6,1239.63
9589,876,4,2024-05-13 22:11:00,51,56.89,0,601.97
9590,1644,44,2024-12-11 22:00:00,18,20.75,7,357.15
9591,1629,21,2025-01-07 17:36:00,75,50.38,9,521.86
9592,382,18,2025-02-21 09:56:00,110,101.84,9,1656.73
9593,639,42,2024-04-03 10:37:00,55,64.2,5,1117.56
9594,1141,26,2025-01-23 18:21:00,28,31.52,24,527.86
9595,1488,41,2024-09-13 05:06:00,16,15.87,12,214.65
9596,710,9,2024-02-20 21:02:00,15,18.5,7,210.19
9597,67,5,2024-04-13 05:46:00,114,134.0,14,1102.52
9598,1565,20,2024-05-26 02:50:00,43,45.53,4,491.37
9599,429,2,2024-04-03 10:39:00,51,53.75,11,903.06
9600,1694,21,2025-04-06 14:13:00,86,117.11,15,1250.23
9601,1311,26,2024-01-04 17:22:00,55,35.2,12,337.02
9602,1705,24,2025-02-09 18:39:00,24,20.14,25,330.81
9603,649,14,2025-02-08 18:52:00,56,81.33,30,981.85
9604,1722,8,2024-08-26 05:00:00,70,45.88,13,689.24
9605,1267,36,2025-02-24 16:38:00,110,86.14,6,1024.09
9606,1841,4,2024-02-19 11:57:00,93,71.13,15,1263.91
9607,959,19,2025-01-02 17:50:00,21,14.92,9,160.39
9608,1013,35,2024-10-23 00:22:00,29,32.39,9,352.87
9609,1166,2,2024-02-01 05:21:00,113,100.5,14,1317.06
9610,664,30,2024-04-11 03:13:00,12,9.14,0,160.55
9611,928,49,2025-02-28 07:59:00,90,82.04,1,1359.73
9612,749,41,2024-04-29 06:43:00,97,80.27,0,1286.22
9613,197,27,2024-05-22 21:29:00,79,99.61,1,1613.76
9614,853,3,2024-11-15 23:14:00,35,36.73,12,423.52
9615,1886,21,2024-02-06 00:08:00,100,139.5,2,2250.62
9616,592,26,2024-06-14 08:34:00,23,25.47,6,247.93
9617,1659,11,2025-03-23 00:50:00,112,106.65,2,1229.64
9618,1402,21,2025-03-16 00:05:00,86,114.35,14,1466.37
9619,1894,33,2024-12-30 14:36:00,50,30.94,9,391.72
9620,1436,3,2024-01-06 12:11:00,27,24.04,1,210.59
9621,925,32,2024-06-19 19:04:00,69,83.98,44,1213.49
9622,77,39,2025-04-20 05:12:00,118,130.58,7,1578.41
9623,36,45,2024-06-06 20:17:00,72,44.36,11,540.95
9624,105,47,2024-07-02 15:39:00,58,81.56,4,1037.91
9625,1183,36,2024-05-06 02:46:00,22,16.36,10,227.83
9626,1767,11,2024-03-12 02:32:00,100,113.8,14,1810.11
9627,226,28,2025-05-02 04:43:00,47,57.15,8,653.7
9628,811,39,2025-04-27 13:05:00,37,38.47,7,408.4
9629,1691,35,2024-12-08 09:38:00,70,74.82,7,689.72
9630,1462,3,2025-02-13 04:40:00,68,79.73,7,1086.87
9631,1921,39,2024-12-31 03:54:00,82,56.67,12,653.06
9632,646,38,2024-05-23 17:01:00,62,44.71,10,714.82
9633,1511,49,2024-09-10 19:21:00,74,106.85,35,918.32
9634,322,23,2024-02-01 19:12:00,34,39.87,24,633.26
9635,45,10,2024-01-26 13:49:00,80,61.37,4,499.15
9636,440,33,2024-05-24 10:50:00,30,33.0,6,346.59
9637,960,33,2024-06-11 14:59:00,50,68.96,7,651.54
9638,772,6,2025-05-14 01:13:00,80,59.19,3,783.95
9639,355,1,2025-01-26 10:50:00,106,67.71,4,793.6
9640,1754,21,2024-02-03 07:03:00,82,104.98,12,1701.61
9641,1248,20,2024-04-02 21:26:00,47,55.39,15,866.1
9642,34,31,2024-01-11 06:18:00,53,49.82,2,575.9
9643,677,9,2024-09-05 08:09:00,119,83.19,3,1151.49
9644,731,49,2024-09-05 11:52:00,82,107.15,9,980.04
9645,1164,47,2024-01-08 08:20:00,43,58.48,1,722.09
9646,617,47,2025-03-18 15:33:00,105,141.56,4,1558.19
9647,1343,40,2024-09-13 16:24:00,112,110.3,2,1905.79
9648,1352,7,2025-03-19 16:55:00,119,118.96,1,1956.53
9649,898,18,2024-11-09 17:38:00,113,69.09,13,615.85
9650,81,10,2025-03-23 01:58:00,34,23.91,11,294.56
9651,952,30,2025-03-16 10:11:00,24,35.66,13,354.96
9652,1269,11,2024-11-16 08:46:00,45,39.2,11,667.61
9653,60,29,2024-08-10 10:19:00,68,73.11,3,1167.9
9654,1625,24,2024-11-15 07:39:00,78,87.86,15,1532.43
9655,1931,44,2025-04-03 21:07:00,120,105.2,10,1817.58
9656,1025,2,2024-09-11 23:18:00,28,20.8,5,166.66
9657,394,50,2024-08-28 23:13:00,112,108.89,0,986.72
9658,660,12,2025-04-22 07:11:00,41,29.44,3,458.84
9659,274,41,2025-04-08 01:16:00,106,73.2,6,1111.57
9660,672,15,2024-09-18 09:12:00,11,15.29,2,227.75
9661,623,27,2024-08-08 00:38:00,13,10.65,10,96.92
9662,552,39,2024-01-27 20:13:00,37,52.95,16,554.45
9663,400,25,2025-01-13 01:58:00,112,103.06,15,977.27
9664,1558,4,2024-12-13 14:12:00,21,13.94,13,179.77
9665,1983,27,2024-12-16 05:59:00,40,42.1,13,487.89
9666,272,26,2024-04-29 00:50:00,22,27.21,2,354.78
9667,387,3,2025-05-15 21:13:00,77,76.54,8,732.98
9668,433,44,2025-04-18 09:00:00,103,94.65,15,1095.8
9669,149,22,2025-03-05 21:25:00,89,95.06,5,938.62
9670,1684,38,2024-02-06 22:51:00,80,112.27,5,1467.25
9671,1287,1,2024-11-07 02:51:00,82,122.96,14,1561.39
9672,59,6,2024-10-21 22:33:00,33,44.67,14,646.1
9673,1615,8,2024-08-21 18:21:00,61,63.85,31,1120.28
9674,1149,29,2025-02-22 12:27:00,25,18.48,14,238.26
9675,1508,48,2024-05-24 23:16:00,49,34.18,12,396.47
9676,586,14,2025-04-30 15:57:00,52,77.75,5,849.8
9677,1092,5,2024-04-20 04:59:00,78,102.15,3,1333.81
9678,29,7,2025-05-06 05:39:00,97,90.16,8,1323.11
9679,649,29,2025-04-20 06:20:00,31,29.5,1,472.67
9680,222,45,2025-01-03 09:54:00,90,129.18,2,1288.74
9681,86,17,2024-08-08 23:23:00,28,29.36,1,520.31
9682,538,23,2024-08-09 08:20:00,45,59.17,2,848.26
9683,1178,4,2024-05-01 16:52:00,32,31.36,3,298.89
9684,1202,17,2024-08-18 05:36:00,84,60.33,7,600.33
9685,67,42,2025-05-05 01:38:00,54,38.29,6,622.88
9686,1243,6,2024-12-13 05:53:00,28,20.73,13,186.33
9687,1133,17,2025-02-02 04:22:00,99,66.92,15,999.11
9688,1905,12,2024-03-21 07:07:00,81,72.54,6,1289.11
9689,1937,45,2025-01-22 06:10:00,89,92.05,15,760.56
9690,597,2,2024-11-14 14:54:00,25,31.41,2,335.37
9691,1096,24,2024-06-06 07:25:00,28,32.89,14,577.49
9692,547,34,2025-03-08 23:06:00,81,82.47,3,1054.64
9693,1134,50,2024-06-09 04:37:00,71,70.21,5,1134.73
9694,1042,17,2024-12-01 12:35:00,50,35.59,4,428.08
9695,999,45,2025-04-20 21:49:00,55,66.97,12,1093.18
9696,305,29,2024-12-25 22:18:00,30,35.75,1,582.49
9697,109,15,2024-11-13 03:25:00,25,15.93,2,144.69
9698,218,7,2024-09-07 01:19:00,12,10.33,15,138.85
9699,1348,31,2024-04-27 15:19:00,75,48.33,4,443.68
9700,1407,30,2025-01-07 00:08:00,15,15.74,7,214.87
9701,990,50,2025-04-30 01:40:00,20,19.49,7,344.18
9702,867,9,2024-10-23 10:32:00,18,25.69,14,328.5
9703,1192,26,2024-12-02 15:27:00,72,99.49,8,861.88
9704,825,25,2025-02-28 01:25:00,44,48.11,9,763.18
9705,1641,20,2024-05-16 21:08:00,46,41.73,8,639.81
9706,1530,33,2024-09-18 12:18:00,119,109.32,13,1485.67
9707,1532,19,2024-06-10 03:11:00,63,56.51,5,730.94
9708,852,27,2025-04-30 14:15:00,23,20.9,5,233.25
9709,553,6,2024-12-21 14:53:00,79,117.96,5,1048.22
9710,310,25,2025-05-02 17:06:00,80,77.69,11,640.08
9711,801,14,2024-06-01 10:33:00,96,87.05,15,1496.07
9712,130,1,2024-05-27 11:41:00,58,61.15,5,754.78
9713,1432,16,2024-06-03 05:52:00,48,36.7,11,519.78
9714,1087,34,2024-11-22 15:00:00,12,10.78,11,95.09
9715,430,26,2024-04-03 15:58:00,119,90.24,12,827.87
9716,377,7,2024-02-03 20:16:00,11,13.62,27,240.44
9717,1490,33,2024-08-27 08:09:00,62,43.54,9,551.94
9718,1643,11,2024-02-05 23:24:00,26,26.65,14,381.26
9719,494,46,2024-04-04 01:01:00,63,43.2,7,533.4
9720,1249,23,2025-04-23 04:39:00,98,117.69,15,1857.12
9721,1660,50,2024-10-03 00:10:00,120,149.58,7,2146.47
9722,735,11,2024-05-02 10:55:00,76,88.69,11,1239.42
9723,483,36,2024-04-19 21:41:00,76,66.67,1,833.63
9724,1195,5,2024-07-20 23:39:00,76,103.73,10,1168.92
9725,893,7,2024-04-09 19:27:00,106,130.2,29,1656.76
9726,663,49,2024-02-29 20:00:00,47,36.01,18,403.46
9727,1140,17,2024-07-20 11:33:00,85,95.46,6,996.83
9728,1637,22,2024-09-01 02:28:00,65,71.0,11,704.5
9729,1688,18,2024-10-29 19:50:00,44,27.27,27,420.27
9730,952,10,2024-08-28 19:28:00,29,30.74,18,398.86
9731,937,48,2025-05-10 02:19:00,10,14.92,9,237.82
9732,1891,17,2024-01-27 16:31:00,86,93.54,15,969.02
9733,226,33,2025-05-15 16:21:00,67,85.29,4,913.12
9734,745,11,2025-04-11 03:24:00,47,66.24,1,988.75
9735,1983,6,2024-02-26 23:33:00,16,17.16,10,180.52
9736,1151,42,2024-06-12 04:05:00,103,149.09,2,2162.71
9737,231,45,2024-07-05 18:56:00,49,64.09,25,633.38
9738,1152,7,2025-01-19 23:30:00,82,98.67,8,934.91
9739,861,38,2025-04-09 01:06:00,69,70.41,12,1000.99
9740,107,45,2025-02-12 10:59:00,39,55.27,14,476.13
9741,253,39,2024-11-20 07:24:00,39,44.57,13,683.97
9742,1883,5,2025-04-01 08:40:00,37,35.79,13,352.12
9743,781,46,2024-12-23 18:03:00,54,47.57,31,466.26
9744,1207,3,2025-02-04 18:10:00,60,61.61,21,1086.93
9745,1100,18,2024-01-06 09:51:00,73,71.05,1,928.85
9746,1347,16,2025-02-19 23:01:00,66,54.27,8,662.26
9747,32,48,2024-09-06 18:29:00,100,82.88,40,1316.84
9748,896,34,2024-06-28 12:17:00,43,58.18,4,647.59
9749,696,37,2024-04-28 07:16:00,78,109.24,12,1494.18
9750,632,27,2024-10-06 01:00:00,26,19.74,0,289.26
9751,908,28,2024-05-20 12:23:00,35,23.17,15,393.6
9752,766,45,2025-03-31 19:21:00,82,80.12,40,852.62
9753,1689,14,2024-04-28 09:42:00,25,35.12,4,472.62
9754,493,19,2025-02-24 07:40:00,70,43.48,14,495.95
9755,804,40,2025-02-18 13:32:00,57,58.7,7,1021.21
9756,133,25,2024-11-25 19:06:00,34,39.42,34,532.5
9757,1248,15,2024-04-30 04:30:00,60,57.42,2,675.43
9758,446,40,2024-09-13 08:33:00,23,30.09,14,286.35
9759,1597,10,2024-06-22 03:11:00,112,99.96,9,1317.76
9760,1764,23,2025-02-05 06:11:00,49,48.49,1,696.78
9761,1753,15,2024-11-05 16:06:00,90,96.47,10,1110.3
9762,353,3,2025-01-31 12:00:00,88,102.46,7,1444.92
9763,1281,26,2024-01-28 01:45:00,72,78.69,8,1083.31
9764,1558,14,2024-06-22 00:25:00,22,30.72,14,301.32
9765,420,33,2024-03-09 01:29:00,54,35.92,7,395.1
9766,1588,28,2024-06-22 14:37:00,63,77.86,3,632.22
9767,382,4,2024-03-11 05:16:00,10,6.89,7,101.9
9768,1146,6,2024-06-12 19:44:00,90,128.07,29,1292.27
9769,133,10,2024-05-13 20:26:00,72,59.41,10,987.3
9770,592,1,2024-06-02 07:28:00,80,55.27,9,480.88
9771,1196,24,2024-09-27 14:45:00,117,93.81,1,1573.49
9772,845,45,2025-03-17 07:16:00,15,14.01,2,236.58
9773,75,3,2024-06-27 14:11:00,39,43.24,6,426.84
9774,2000,37,2024-02-28 16:10:00,39,31.14,3,376.46
9775,244,27,2024-03-11 19:56:00,84,81.79,45,707.88
9776,959,50,2024-06-19 09:35:00,21,18.03,4,261.38
9777,505,15,2024-06-25 04:42:00,22,19.44,1,182.88
9778,1375,41,2024-03-27 09:56:00,113,162.1,15,1793.84
9779,812,34,2025-04-28 15:36:00,26,37.9,2,511.97
9780,726,48,2024-02-06 07:29:00,16,12.6,11,190.32
9781,1509,38,2024-08-19 19:29:00,120,162.14,11,2203.21
9782,1037,41,2025-03-25 09:06:00,68,72.14,13,1295.58
9783,966,40,2024-11-28 07:39:00,108,151.7,13,2117.88
9784,1170,20,2025-01-12 23:56:00,86,96.98,10,1561.47
9785,380,2,2024-03-08 01:13:00,50,37.36,1,411.83
9786,1970,7,2024-03-01 08:59:00,63,67.79,2,706.64
9787,1094,38,2025-01-06 07:15:00,19,15.02,13,150.04
9788,1950,43,2024-05-27 18:08:00,37,48.59,18,750.38
9789,1244,13,2024-09-06 23:51:00,24,15.36,8,138.16
9790,815,12,2025-02-16 17:58:00,52,70.4,3,1178.61
9791,512,42,2024-01-04 02:26:00,45,60.98,8,503.34
9792,1257,45,2024-08-27 21:25:00,26,18.3,0,226.32
9793,76,18,2024-05-05 16:37:00,20,13.94,4,121.27
9794,1850,37,2025-02-18 03:10:00,10,9.38,8,162.45
9795,131,34,2024-06-10 00:04:00,95,134.3,13,2056.83
9796,1371,6,2024-06-23 00:38:00,88,81.94,15,1263.48
9797,1863,22,2024-07-16 16:52:00,21,14.0,7,147.38
9798,158,22,2024-04-24 05:38:00,38,51.65,8,715.28
9799,1239,9,2025-04-03 23:33:00,92,68.01,5,685.42
9800,1443,40,2025-03-11 12:15:00,45,63.09,15,1025.81
9801,343,50,2025-03-03 13:10:00,103,86.84,14,785.17
9802,1217,49,2025-01-16 07:36:00,22,21.53,5,267.8
9803,1833,29,2025-03-14 23:59:00,35,21.17,15,317.87
9804,1384,17,2025-03-25 00:14:00,60,51.49,1,418.3
9805,1410,11,2024-12-06 11:52:00,94,80.7,13,1218.12
9806,1848,48,2025-05-04 20:42:00,58,69.74,39,852.55
9807,1938,5,2024-09-08 04:30:00,105,110.18,10,1713.72
9808,322,37,2024-02-27 04:13:00,91,86.0,10,1062.45
9809,530,7,2024-05-13 18:12:00,10,6.28,33,88.98
9810,448,36,2024-04-03 08:00:00,40,25.7,5,241.1
9811,1379,33,2024-04-24 09:12:00,59,49.83,9,582.76
9812,870,13,2024-01-12 18:50:00,117,161.32,12,1901.74
9813,1170,21,2024-10-08 01:59:00,105,90.11,8,737.91
9814,802,27,2025-03-05 09:19:00,62,84.67,2,957.98
9815,193,32,2024-12-05 18:09:00,98,79.25,13,644.02
9816,281,34,2024-09-14 06:50:00,45,50.41,4,862.95
9817,547,19,2024-06-18 10:48:00,15,15.42,5,249.46
9818,1389,33,2024-03-13 17:01:00,35,43.42,8,463.72
9819,108,1,2024-02-03 00:56:00,52,51.48,15,655.9
9820,104,15,2025-04-25 23:27:00,116,96.48,12,1064.99
9821,276,43,2024-03-19 03:52:00,61,68.57,5,1025.18
9822,886,37,2024-09-06 18:51:00,68,99.56,24,1633.63
9823,1025,21,2024-11-13 13:56:00,34,46.51,15,430.33
9824,1649,43,2024-04-12 23:05:00,50,35.7,12,297.5
9825,1410,30,2024-10-30 09:35:00,18,15.87,10,211.08
9826,49,3,2024-02-09 23:23:00,49,43.0,11,371.3
9827,535,24,2024-09-08 07:30:00,96,106.85,8,1400.82
9828,78,46,2024-01-30 04:51:00,10,13.27,7,128.46
9829,1999,34,2024-09-10 20:48:00,16,15.96,43,251.26
9830,1757,25,2024-12-31 02:30:00,77,96.38,7,1539.43
9831,1358,9,2024-07-10 21:03:00,86,106.14,11,1613.52
9832,739,29,2024-04-27 05:11:00,28,21.44,4,257.67
9833,76,6,2024-08-20 11:18:00,28,26.71,6,258.31
9834,1872,40,2024-10-21 20:05:00,27,22.82,23,253.5
9835,386,42,2024-11-13 20:48:00,116,73.53,36,646.05
9836,1059,18,2025-01-29 10:25:00,99,122.06,4,1511.64
9837,718,31,2024-04-10 00:08:00,100,144.29,6,2108.33
9838,1213,19,2024-10-12 09:30:00,99,98.77,8,1179.28
9839,479,14,2024-11-26 18:46:00,102,65.65,19,605.37
9840,1532,29,2024-01-21 03:33:00,37,49.72,15,528.15
9841,1864,13,2025-05-14 03:27:00,85,73.11,15,1168.53
9842,496,17,2024-02-13 17:33:00,24,35.12,11,585.95
9843,915,42,2024-08-07 21:48:00,118,110.22,2,1293.76
9844,125,10,2024-02-19 16:25:00,43,61.57,4,545.49
9845,621,8,2024-07-05 02:30:00,62,79.57,7,1043.67
9846,182,36,2024-11-30 19:01:00,80,73.2,10,1047.3
9847,457,4,2024-04-09 04:22:00,38,35.46,10,492.88
9848,1483,24,2024-04-10 19:28:00,33,20.13,30,325.33
9849,33,1,2024-11-21 13:45:00,106,155.25,4,1245.47
9850,356,10,2025-03-10 11:36:00,72,95.62,13,1208.46
9851,97,29,2025-02-15 02:02:00,59,72.9,0,1266.1
9852,1523,49,2024-02-13 22:14:00,90,119.65,7,1119.64
9853,433,43,2024-03-22 07:22:00,100,87.43,6,1300.97
9854,1477,17,2024-06-12 06:52:00,65,80.05,10,959.89
9855,1620,9,2024-07-18 15:45:00,49,68.31,5,601.67
9856,810,15,2025-05-09 16:10:00,42,37.08,12,637.66
9857,344,15,2025-04-12 19:40:00,72,52.47,44,848.29
9858,447,37,2024-08-06 23:47:00,99,123.46,12,1849.19
9859,1630,30,2024-10-25 06:37:00,120,80.57,11,1411.42
9860,724,41,2024-01-16 23:29:00,18,20.97,1,364.16
9861,1088,5,2024-07-30 11:12:00,98,134.61,11,2060.86
9862,130,50,2024-07-05 20:12:00,90,123.07,13,1864.04
9863,350,36,2024-04-26 20:23:00,40,33.8,27,486.54
9864,679,1,2024-12-26 02:20:00,31,38.59,0,329.11
9865,1664,27,2024-05-14 16:58:00,62,44.02,10,548.87
9866,936,38,2024-10-24 06:57:00,119,143.82,8,1729.97
9867,1274,42,2024-07-23 22:17:00,87,119.73,13,1198.68
9868,1082,40,2024-11-28 18:36:00,62,65.6,16,646.0
9869,863,25,2024-10-18 23:39:00,34,45.85,1,513.62
9870,914,26,2024-05-23 05:47:00,46,53.19,9,501.01
9871,1152,12,2025-03-06 17:05:00,75,105.16,4,1195.97
9872,169,11,2024-07-11 12:50:00,103,151.4,2,1944.51
9873,1100,12,2025-03-07 14:10:00,87,88.11,5,803.96
9874,889,40,2024-12-19 00:35:00,60,59.11,5,1056.45
9875,1201,26,2024-04-27 02:26:00,55,74.83,3,1131.36
9876,564,4,2024-05-31 21:00:00,105,127.08,9,2263.33
9877,199,31,2024-08-01 00:42:00,96,110.9,3,1109.53
9878,1024,31,2024-09-02 19:13:00,76,71.5,11,759.16
9879,1683,2,2024-05-19 04:02:00,94,102.39,13,1639.56
9880,1477,20,2024-09-09 23:33:00,63,48.49,8,508.79
9881,1439,45,2024-02-08 04:08:00,59,67.49,3,758.85
9882,1348,21,2024-05-08 06:07:00,74,75.77,0,1095.83
9883,1327,23,2025-01-20 01:39:00,80,106.94,4,925.33
9884,833,9,2025-01-05 11:58:00,89,122.77,5,2040.98
9885,563,1,2024-12-27 16:53:00,47,55.05,15,602.57
9886,408,34,2024-05-04 08:56:00,20,19.33,7,318.45
9887,299,21,2024-11-27 04:32:00,73,61.95,0,582.46
9888,231,13,2024-04-17 04:09:00,71,69.63,0,1156.86
9889,1201,12,2025-02-11 03:36:00,23,34.23,13,547.63
9890,1026,49,2024-01-20 12:16:00,37,52.37,11,832.62
9891,1517,5,2024-03-12 19:37:00,74,72.66,25,1202.37
9892,1059,44,2024-01-16 10:32:00,41,54.17,0,765.89
9893,801,38,2024-01-15 21:18:00,58,45.25,10,372.44
9894,971,15,2025-05-05 23:06:00,80,107.25,10,1810.77
9895,484,30,2024-08-23 11:15:00,37,33.9,8,487.2
9896,1168,21,2025-04-13 20:57:00,93,76.22,22,1303.4
9897,1321,18,2024-12-13 20:47:00,41,60.96,22,1006.67
9898,671,2,2024-07-20 18:48:00,77,99.78,29,1040.94
9899,1498,34,2024-11-13 00:10:00,51,72.0,15,1114.42
9900,1360,12,2024-08-30 17:00:00,115,150.29,12,1579.73
9901,634,36,2024-07-05 20:26:00,113,116.9,45,1741.43
9902,772,33,2024-11-01 05:25:00,105,152.47,11,2310.34
9903,226,10,2024-09-02 01:47:00,22,15.24,6,186.09
9904,810,15,2025-02-13 23:31:00,11,14.38,10,163.47
9905,732,27,2024-12-29 10:06:00,52,43.97,2,719.76
9906,361,15,2024-12-23 17:26:00,19,28.03,10,230.25
9907,625,8,2024-04-25 20:41:00,81,61.0,32,959.01
9908,132,18,2024-12-30 01:05:00,91,55.35,3,814.36
9909,1182,2,2024-06-25 01:42:00,48,60.22,5,884.31
9910,209,27,2024-06-05 10:32:00,98,122.23,1,1770.87
9911,1081,7,2024-01-18 20:46:00,60,73.81,31,853.63
9912,1186,32,2025-02-04 04:25:00,34,29.33,8,339.42
9913,853,24,2025-03-05 17:10:00,47,49.1,4,731.73
9914,1728,21,2025-04-23 17:54:00,42,38.7,15,361.07
9915,99,24,2024-01-23 03:43:00,20,18.9,0,339.71
9916,877,34,2024-06-03 21:37:00,65,66.83,15,824.0
9917,249,38,2024-03-31 01:08:00,84,112.13,12,1174.74
9918,915,22,2024-06-26 11:42:00,109,108.84,9,1658.28
9919,213,44,2024-12-16 19:12:00,118,111.47,34,1387.34
9920,189,6,2024-07-23 05:51:00,55,43.04,5,402.52
9921,1243,15,2025-05-12 17:25:00,31,42.66,2,570.1
9922,1306,38,2024-04-12 21:47:00,92,111.89,14,1275.52
9923,1581,16,2024-11-16 14:40:00,26,26.79,3,272.36
9924,1597,50,2024-06-16 16:47:00,58,42.25,0,537.33
9925,1998,14,2025-03-13 16:36:00,42,43.19,14,766.36
9926,1135,22,2024-06-02 20:40:00,16,15.99,26,273.25
9927,505,40,2024-04-18 08:05:00,23,17.62,6,295.95
9928,614,27,2024-12-20 05:41:00,114,124.13,1,1458.86
9929,818,30,2024-12-18 04:46:00,120,72.66,8,915.94
9930,12,46,2024-06-23 11:45:00,12,9.62,10,78.15
9931,1840,48,2024-07-28 00:20:00,56,58.26,1,627.82
9932,984,33,2025-03-14 14:42:00,18,25.63,4,264.54
9933,1495,48,2024-03-31 17:30:00,100,81.35,15,976.55
9934,1780,34,2024-07-02 13:16:00,29,33.68,11,340.85
9935,1610,40,2025-03-13 18:41:00,85,55.7,30,603.74
9936,168,32,2024-12-19 14:51:00,42,58.43,3,714.43
9937,866,32,2024-05-24 22:17:00,77,85.36,12,784.45
9938,1905,22,2025-03-09 03:42:00,93,91.98,0,1247.75
9939,522,19,2025-04-30 06:23:00,104,112.54,10,1710.79
9940,1559,7,2024-01-01 01:26:00,95,128.78,1,2048.0
9941,1479,29,2024-11-17 13:01:00,41,57.93,8,902.95
9942,751,15,2024-01-10 01:41:00,113,138.81,6,1500.24
9943,737,10,2024-09-02 08:48:00,94,69.42,2,1241.87
9944,1101,8,2024-05-05 06:03:00,87,127.43,7,2025.74
9945,1077,4,2024-03-02 17:55:00,17,18.46,15,309.08
9946,721,50,2024-04-06 14:19:00,23,32.0,5,488.03
9947,37,2,2025-04-20 05:59:00,64,74.84,14,798.16
9948,1401,49,2024-09-19 12:04:00,115,123.04,8,1145.15
9949,61,25,2024-03-18 09:34:00,78,78.88,4,1331.09
9950,1899,2,2025-03-05 05:48:00,81,59.04,6,931.76
9951,880,23,2025-02-11 10:09:00,29,17.97,6,289.39
9952,588,34,2024-02-01 07:00:00,32,46.67,3,533.96
9953,1591,8,2024-07-19 02:38:00,53,65.9,13,828.46
9954,389,39,2024-01-08 21:56:00,46,67.23,3,905.24
9955,1408,3,2024-08-15 02:53:00,106,70.99,6,1163.47
9956,1373,23,2024-02-04 08:27:00,41,37.92,14,454.93
9957,1098,18,2024-10-01 22:46:00,104,114.29,10,1927.8
9958,1579,46,2025-01-07 14:26:00,32,19.25,7,290.1
9959,1886,19,2025-02-03 16:56:00,59,85.02,6,1067.53
9960,1873,44,2024-04-04 03:45:00,86,88.55,3,1132.12
9961,532,13,2024-03-11 13:19:00,102,145.44,15,1395.86
9962,1377,12,2024-07-03 11:07:00,47,42.99,10,353.5
9963,1112,12,2024-10-26 18:36:00,11,12.65,10,218.94
9964,115,11,2024-07-12 07:55:00,84,101.85,0,1494.43
9965,1759,7,2024-11-04 18:01:00,67,83.55,27,1137.08
9966,1141,16,2024-06-05 00:55:00,37,42.21,13,623.41
9967,927,43,2024-08-31 02:57:00,78,112.55,14,1098.49
9968,1802,39,2024-09-05 01:12:00,43,37.97,11,510.8
9969,1728,49,2024-11-18 16:47:00,31,37.16,5,390.26
9970,1858,26,2024-12-09 18:18:00,90,121.16,23,1712.41
9971,1557,49,2024-08-29 09:11:00,29,25.87,15,360.5
9972,1492,33,2024-04-23 00:19:00,119,140.34,3,1507.9
9973,420,33,2024-03-23 06:15:00,31,21.13,1,183.52
9974,1216,14,2024-10-08 12:57:00,91,96.69,5,905.61
9975,955,12,2024-05-06 10:26:00,22,14.46,9,143.45
9976,202,19,2024-09-08 10:24:00,27,30.45,4,318.87
9977,695,14,2025-05-07 02:59:00,78,112.41,8,1228.1
9978,631,46,2025-02-08 12:38:00,15,13.04,6,148.12
9979,409,19,2024-09-07 03:52:00,65,71.36,1,646.82
9980,1697,31,2024-08-22 02:03:00,79,99.81,12,1164.57
9981,82,26,2024-07-04 00:03:00,28,21.77,12,331.75
9982,1599,6,2024-06-01 01:30:00,68,47.53,8,787.21
9983,167,46,2024-01-12 10:19:00,41,36.81,2,364.89
9984,206,33,2024-04-29 22:16:00,116,131.31,15,1969.96
9985,1174,10,2025-02-07 04:39:00,23,15.01,1,186.31
9986,1110,24,2025-03-31 21:32:00,109,163.42,2,2416.08
9987,357,33,2024-10-28 21:43:00,29,20.47,14,252.52
9988,1711,38,2025-03-07 13:51:00,17,24.54,7,434.45
9989,1782,16,2024-05-13 15:53:00,77,76.03,13,816.88
9990,1610,6,2025-01-04 12:07:00,52,61.71,1,534.84
9991,843,2,2024-06-21 00:15:00,51,75.64,0,1328.51
9992,1022,35,2025-02-01 12:04:00,118,81.05,8,665.96
9993,951,28,2024-08-19 00:14:00,48,70.24,14,576.34
9994,1037,9,2024-07-21 06:30:00,48,57.84,9,679.7
9995,279,43,2025-05-11 11:02:00,92,92.27,14,1139.9
9996,192,37,2024-10-07 18:47:00,41,59.37,44,914.95
9997,1524,44,2024-06-12 18:14:00,11,7.34,42,116.21
9998,1158,29,2024-02-01 14:04:00,85,95.91,11,1230.88
9999,245,7,2024-08-22 02:16:00,47,64.45,0,1078.49
10000,585,12,2024-10-01 14:20:00,118,137.91,14,1381.04
10001,1423,8,2025-01-09 03:49:00,16,11.4,12,135.15
10002,1892,12,2024-08-13 19:05:00,97,69.79,36,611.11
10003,568,3,2025-04-29 19:32:00,94,87.39,15,703.51
10004,1209,13,2024-06-01 17:07:00,17,11.1,6,123.44
10005,697,14,2025-01-28 18:12:00,24,28.12,29,427.79
10006,296,6,2024-08-09 11:37:00,74,50.83,11,780.64
10007,1596,31,2025-02-01 18:48:00,21,30.34,34,495.69
10008,909,43,2024-09-24 20:38:00,53,43.59,38,613.25
10009,1108,4,2024-07-18 07:39:00,58,69.75,4,740.1
10010,153,32,2025-02-19 20:54:00,33,38.01,16,386.81
10011,190,44,2024-06-16 23:32:00,114,85.69,1,1147.2
10012,1637,14,2024-05-22 21:11:00,21,28.89,3,512.18
10013,195,45,2024-10-06 23:11:00,78,83.66,5,1160.55
10014,532,23,2024-06-08 14:02:00,92,109.93,9,1883.39
10015,429,12,2024-02-17 04:20:00,85,104.73,9,1039.22
10016,1868,45,2024-05-21 09:45:00,37,46.83,5,456.06
10017,956,33,2025-05-12 20:41:00,24,32.05,31,488.4
10018,61,36,2024-10-25 17:44:00,94,106.91,8,1636.77
10019,108,48,2024-10-03 22:47:00,20,19.3,14,185.41
10020,1910,49,2024-04-19 12:37:00,41,38.33,1,484.51
10021,1051,24,2024-02-02 10:51:00,37,31.81,6,369.45
10022,978,38,2024-05-26 02:22:00,46,64.58,0,1091.1
10023,618,27,2024-02-18 14:17:00,57,50.57,6,806.04
10024,1138,49,2024-01-20 03:33:00,72,106.07,10,943.61
10025,1662,1,2024-01-03 12:12:00,47,29.7,13,475.06
10026,198,12,2025-03-25 20:59:00,85,123.48,20,1453.31
10027,305,44,2025-04-10 07:48:00,59,41.25,3,480.89
10028,1216,30,2024-08-14 13:18:00,26,20.32,10,170.08
10029,1873,37,2024-12-27 00:41:00,91,130.43,14,1531.35
10030,321,13,2025-01-22 00:49:00,41,55.42,10,793.74
10031,41,7,2024-04-01 07:10:00,82,49.62,1,787.76
10032,1544,8,2024-12-27 05:51:00,44,50.73,8,459.71
10033,1969,23,2024-12-17 16:58:00,29,21.03,5,349.97
10034,1543,24,2024-02-08 03:02:00,80,86.91,0,1304.3
10035,1111,37,2024-06-24 01:24:00,62,81.94,7,935.71
10036,1706,7,2024-12-29 08:55:00,17,10.57,3,116.41
10037,718,9,2025-04-01 20:56:00,113,123.87,10,1489.48
10038,1214,10,2025-02-17 02:30:00,104,91.13,15,1388.08
10039,1898,31,2024-05-08 19:42:00,103,92.59,18,1015.37
10040,1911,40,2024-05-15 21:38:00,92,100.4,14,1203.8
10041,470,37,2024-03-02 12:01:00,16,16.06,9,141.72
10042,857,21,2024-12-13 17:29:00,13,16.56,2,190.16
10043,1897,40,2024-06-27 01:48:00,113,110.26,10,1209.42
10044,1300,46,2025-05-13 13:28:00,77,114.5,10,1170.84
10045,567,20,2024-06-09 12:29:00,109,152.02,11,2196.1
10046,1051,44,2025-04-21 02:35:00,90,121.08,7,1987.01
10047,1311,20,2025-01-22 23:13:00,35,31.04,11,276.19
10048,236,9,2025-04-07 14:16:00,75,107.35,3,1270.47
10049,862,48,2025-02-04 19:33:00,57,43.1,11,491.23
10050,1364,27,2024-01-04 10:44:00,83,91.93,6,869.92
10051,1319,5,2024-10-22 14:49:00,44,42.3,12,425.79
10052,1293,34,2024-03-16 11:26:00,86,55.16,14,793.06
10053,188,45,2024-11-14 14:45:00,62,81.45,2,831.8
10054,1155,8,2024-01-12 04:41:00,15,16.35,9,136.12
10055,1949,35,2024-10-28 18:14:00,117,114.39,11,963.44
10056,1368,16,2024-02-02 19:01:00,78,68.99,45,1174.68
10057,1139,11,2024-06-11 16:17:00,120,87.21,0,1144.52
10058,1312,25,2024-07-01 04:51:00,16,16.14,9,263.94
10059,1995,25,2024-01-25 05:22:00,106,102.41,7,1305.8
10060,1042,6,2024-02-15 22:42:00,90,85.43,1,1268.22
10061,897,10,2025-03-13 14:15:00,32,38.09,11,446.65
10062,1587,32,2025-01-21 14:37:00,70,58.8,8,909.26
10063,2,34,2024-07-03 05:48:00,115,87.65,13,776.81
10064,1232,34,2024-03-05 14:09:00,62,80.82,0,951.6
10065,980,28,2024-09-17 05:49:00,100,115.7,13,1470.11
10066,1072,12,2025-02-23 09:06:00,114,170.62,14,2220.38
10067,1676,26,2024-09-16 01:16:00,31,33.3,15,436.61
10068,1221,11,2024-06-16 18:33:00,60,83.95,19,1253.85
10069,250,39,2024-07-02 09:59:00,25,29.06,15,252.64
10070,894,11,2024-07-25 18:24:00,69,93.46,44,1675.6
10071,281,24,2024-09-05 13:50:00,107,97.72,10,1667.15
10072,540,28,2025-04-12 11:38:00,85,89.68,2,958.32
10073,117,39,2025-04-18 19:22:00,39,28.96,44,398.63
10074,1724,16,2024-02-24 20:23:00,97,79.91,30,1170.4
10075,1479,25,2025-01-27 11:16:00,79,62.24,7,914.08
10076,1151,3,2024-08-05 15:06:00,87,60.32,9,587.18
10077,1936,6,2024-09-19 21:27:00,89,90.75,10,1330.88
10078,775,43,2025-04-13 15:06:00,116,161.96,14,2357.96
10079,1775,47,2024-03-05 09:54:00,114,137.45,14,2061.08
10080,1059,25,2024-02-25 07:41:00,109,151.95,7,1631.27
10081,964,17,2024-12-06 21:37:00,56,74.9,1,1339.33
10082,609,20,2025-03-17 02:34:00,118,108.82,1,881.12
10083,1550,28,2024-01-19 06:00:00,73,105.78,9,1098.5
10084,771,15,2025-03-06 08:33:00,61,41.13,13,460.61
10085,1046,31,2024-11-04 06:18:00,115,72.21,8,977.77
10086,1239,48,2024-05-07 17:45:00,43,28.57,15,233.26
10087,1069,31,2024-01-15 07:55:00,94,72.48,1,1134.7
10088,180,18,2024-02-03 03:32:00,29,41.17,1,506.98
10089,89,50,2024-07-17 16:10:00,101,126.7,15,1798.07
10090,1839,27,2024-05-19 20:25:00,73,45.13,31,757.3
10091,1634,20,2025-04-05 05:00:00,54,34.0,1,453.24
10092,1807,1,2025-05-05 01:04:00,77,91.52,13,1592.17
10093,1412,26,2024-04-04 01:07:00,25,28.84,0,458.94
10094,1706,35,2024-10-12 15:56:00,10,12.75,1,176.26
10095,1633,20,2024-03-24 07:09:00,62,78.26,13,800.9
10096,575,23,2024-07-24 09:21:00,14,16.4,8,258.19
10097,1441,31,2024-10-30 21:18:00,112,82.05,11,1351.67
10098,290,9,2024-01-08 05:04:00,39,45.33,10,717.67
10099,54,31,2025-02-24 13:57:00,43,62.63,7,716.27
10100,443,10,2024-07-06 13:59:00,25,35.78,6,532.63
10101,963,3,2024-03-04 10:29:00,117,155.74,9,1730.07
10102,1309,27,2025-04-13 13:09:00,24,20.59,10,314.35
10103,1054,20,2024-12-13 20:33:00,115,141.36,27,1809.19
10104,163,28,2024-11-23 20:36:00,98,78.51,16,1015.76
10105,660,25,2024-10-10 05:43:00,117,137.23,2,2303.83
10106,529,43,2024-02-29 11:21:00,94,58.9,2,845.15
10107,687,30,2024-01-08 00:18:00,96,59.01,3,758.37
10108,389,42,2024-04-26 14:21:00,84,121.93,3,1751.83
10109,1080,41,2024-08-03 22:04:00,39,27.6,6,389.37
10110,675,29,2024-01-19 02:26:00,13,8.94,2,130.58
10111,1271,48,2024-12-31 23:23:00,115,128.34,5,1472.71
10112,512,21,2025-01-19 04:55:00,56,45.54,0,643.55
10113,319,2,2025-03-02 22:24:00,55,63.87,10,926.99
10114,575,18,2024-01-02 17:00:00,103,116.07,10,1578.34
10115,319,42,2024-12-05 16:08:00,114,80.23,10,1281.36
10116,1756,38,2025-01-30 20:44:00,102,100.31,10,1308.71
10117,1246,45,2024-12-21 15:30:00,27,32.17,10,293.86
10118,1110,33,2024-04-27 06:35:00,90,101.79,7,1121.59
10119,1201,6,2024-01-18 05:51:00,59,47.34,13,514.97
10120,449,24,2024-05-30 08:37:00,89,105.2,0,1312.31
10121,1769,21,2024-05-28 11:12:00,78,85.17,5,814.06
10122,1326,47,2024-05-19 00:36:00,25,25.03,10,426.3
10123,994,20,2025-04-06 06:33:00,28,27.59,4,375.09
10124,903,23,2024-10-24 16:59:00,67,62.9,1,796.17
10125,1136,49,2024-02-05 01:53:00,55,39.03,7,354.77
10126,895,38,2025-02-20 05:37:00,116,134.85,6,2397.24
10127,1026,25,2025-01-15 21:13:00,43,39.66,15,384.61
10128,788,16,2024-11-30 12:09:00,77,69.15,9,1171.43
10129,1632,38,2024-10-05 02:06:00,115,135.21,11,1740.21
10130,1082,47,2024-08-23 07:57:00,78,108.87,0,1270.54
10131,1419,30,2024-06-03 10:06:00,25,22.5,9,284.08
10132,153,34,2025-01-14 14:47:00,20,26.57,0,386.23
10133,50,49,2024-04-11 00:57:00,16,13.13,4,217.63
10134,973,21,2025-05-12 03:29:00,91,68.75,12,702.53
10135,573,40,2024-06-05 17:31:00,109,133.8,7,1637.92
10136,1552,3,2025-01-02 21:02:00,28,32.11,9,488.03
10137,1433,24,2024-11-26 11:46:00,79,60.46,2,662.46
10138,827,41,2024-02-21 14:55:00,104,78.08,15,648.89
10139,1138,37,2024-02-29 06:32:00,81,84.66,4,773.21
10140,1382,9,2024-12-16 17:15:00,61,36.71,12,448.73
10141,1104,33,2025-01-19 08:49:00,42,45.82,9,645.97
10142,179,29,2024-04-09 06:59:00,27,19.36,13,319.53
10143,571,46,2024-10-10 00:29:00,30,41.64,9,423.43
10144,1715,33,2024-12-13 11:24:00,83,65.59,4,854.43
10145,1002,48,2025-04-14 08:44:00,41,57.51,9,538.78
10146,107,22,2024-01-09 05:18:00,17,22.68,0,261.5
10147,1146,41,2024-04-17 22:54:00,99,84.81,1,844.69
10148,1708,29,2025-02-19 07:23:00,11,12.62,12,215.9
10149,1164,12,2024-06-24 22:58:00,97,121.31,5,1487.12
10150,967,24,2024-02-12 11:54:00,42,28.48,4,479.94
10151,365,44,2024-09-16 14:02:00,17,12.38,6,152.18
10152,1334,6,2024-04-20 19:37:00,82,107.08,23,1022.59
10153,444,38,2024-12-14 16:45:00,66,88.96,8,1583.72
10154,1388,42,2024-05-28 10:06:00,119,173.33,4,2196.32
10155,1334,44,2024-12-03 00:55:00,117,117.67,13,1446.51
10156,1937,29,2025-04-20 22:25:00,47,40.41,4,631.15
10157,1870,30,2024-01-20 15:31:00,23,18.59,11,274.16
10158,1253,10,2025-01-03 07:58:00,41,27.85,10,255.36
10159,1041,48,2024-08-08 23:43:00,10,9.12,4,91.16
10160,155,7,2024-12-01 05:24:00,27,24.79,14,265.41
10161,1051,39,2025-04-01 08:25:00,61,75.33,9,893.68
10162,667,22,2024-01-13 11:28:00,50,59.56,8,614.76
10163,262,22,2024-05-21 16:09:00,91,80.72,0,1409.72
10164,747,48,2025-01-19 02:05:00,56,49.04,8,613.17
10165,1701,24,2025-03-16 23:57:00,11,13.4,13,230.1
10166,1754,24,2024-04-20 08:53:00,31,28.11,4,501.17
10167,1557,33,2024-10-14 00:41:00,39,48.18,13,386.82
10168,1167,31,2024-11-27 23:44:00,105,153.39,9,2415.58
10169,50,21,2024-08-21 19:27:00,98,131.46,45,1642.77
10170,1681,13,2025-04-20 06:48:00,54,40.32,3,532.1
10171,1240,30,2024-07-21 02:05:00,16,19.45,14,318.25
10172,1993,13,2024-01-20 05:52:00,76,106.83,13,1308.27
10173,1474,42,2025-03-24 20:22:00,41,38.06,45,333.64
10174,1704,38,2025-02-27 17:22:00,114,155.29,14,2203.74
10175,219,43,2024-08-14 05:05:00,43,45.94,5,659.68
10176,1140,46,2025-02-09 11:22:00,25,30.06,3,249.25
10177,1371,38,2024-05-05 08:25:00,64,63.64,1,831.29
10178,1108,1,2024-05-13 17:42:00,10,10.76,5,164.72
10179,1580,9,2025-03-10 15:44:00,45,44.44,1,391.11
10180,250,6,2024-07-06 13:59:00,117,113.95,3,2021.93
10181,1633,5,2024-01-14 23:58:00,75,63.06,11,719.53
10182,1439,39,2024-11-27 06:55:00,87,105.89,7,1729.66
10183,1061,7,2025-03-26 04:16:00,12,8.32,9,107.42
10184,791,38,2024-07-22 08:35:00,43,42.49,10,601.21
10185,56,8,2024-06-02 10:10:00,83,119.22,3,1497.16
10186,416,48,2024-01-05 08:12:00,96,137.2,2,1358.16
10187,1752,29,2025-03-25 10:00:00,82,63.3,0,971.06
10188,1464,7,2024-09-03 07:21:00,99,90.16,15,831.96
10189,980,31,2024-08-14 05:55:00,24,23.66,9,203.26
10190,1625,6,2025-02-17 12:11:00,51,56.48,6,993.53
10191,737,18,2024-08-20 19:48:00,70,50.77,11,660.96
10192,1223,49,2025-04-22 06:31:00,29,25.77,11,458.72
10193,879,7,2024-07-19 23:34:00,86,124.68,6,2058.06
10194,1372,21,2024-01-09 03:19:00,80,114.7,1,1965.36
10195,347,32,2024-01-15 21:15:00,60,83.18,12,958.62
10196,1437,31,2024-07-22 02:47:00,90,117.41,11,2086.65
10197,1668,32,2024-03-29 06:43:00,73,97.39,9,1669.56
10198,1849,21,2024-06-05 15:30:00,81,118.31,1,1087.28
10199,353,28,2025-02-22 21:00:00,72,62.43,12,852.84
10200,1272,14,2024-06-21 16:58:00,76,58.44,15,887.75
10201,1548,18,2024-08-17 19:07:00,101,122.79,35,2157.7
10202,1170,42,2024-02-11 09:19:00,43,39.45,7,386.15
10203,402,8,2024-03-17 08:40:00,75,112.44,3,1757.17
10204,1686,11,2024-09-07 08:08:00,97,86.86,3,1007.46
10205,1232,25,2024-06-13 09:21:00,96,104.43,15,1821.04
10206,940,45,2024-04-04 00:16:00,24,23.82,6,335.67
10207,547,11,2024-05-16 03:33:00,50,71.99,9,953.92
10208,1775,4,2024-01-06 12:01:00,60,62.58,15,1118.41
10209,259,18,2024-01-16 16:08:00,81,64.27,6,920.8
10210,108,2,2024-12-10 18:11:00,70,55.77,43,625.77
10211,1144,39,2025-03-06 05:54:00,50,52.23,4,790.34
10212,820,44,2024-09-11 05:04:00,79,59.33,15,1011.24
10213,155,24,2024-08-19 15:14:00,102,72.49,15,818.25
10214,1626,26,2024-04-26 19:28:00,78,100.88,12,1029.59
10215,239,34,2025-03-23 08:15:00,88,110.08,5,1056.6
10216,1198,33,2024-12-01 06:13:00,62,69.75,10,865.82
10217,975,36,2025-04-30 06:00:00,16,19.57,0,279.66
10218,777,20,2024-05-08 02:20:00,80,90.8,15,1494.43
10219,1068,10,2024-12-02 17:29:00,50,70.73,6,1213.29
10220,1400,13,2025-01-21 03:34:00,116,137.99,0,2132.87
10221,266,6,2024-06-16 22:31:00,40,53.28,4,927.33
10222,14,35,2025-05-04 06:44:00,62,88.39,12,1328.27
10223,291,33,2024-08-28 18:18:00,70,56.68,15,1004.63
10224,1760,1,2024-10-30 16:52:00,26,16.97,9,224.12
10225,229,27,2024-02-18 02:12:00,41,40.43,5,548.65
10226,1406,48,2025-02-27 11:30:00,110,129.52,3,1518.73
10227,1535,39,2025-01-23 13:30:00,23,25.58,11,245.44
10228,887,42,2024-05-02 22:00:00,31,37.31,13,634.11
10229,862,40,2024-09-26 01:50:00,36,26.09,14,396.55
10230,1832,14,2024-10-15 23:46:00,82,105.18,13,1245.66
10231,1180,2,2024-10-22 02:13:00,68,98.17,2,1607.2
10232,1117,14,2025-01-03 18:59:00,97,64.44,38,737.74
10233,1645,25,2024-09-05 06:48:00,53,34.0,5,316.32
10234,1772,1,2025-03-07 22:17:00,73,87.03,7,715.45
10235,1215,9,2024-05-14 18:43:00,13,17.73,27,312.16
10236,2000,34,2024-03-31 08:06:00,80,118.47,6,1365.42
10237,958,10,2024-01-16 15:43:00,120,145.71,0,1325.05
10238,1453,31,2024-04-24 23:17:00,104,149.65,14,1456.11
10239,1800,12,2024-01-26 16:36:00,113,105.29,0,1489.79
10240,1345,7,2024-07-03 02:29:00,117,100.05,13,932.98
10241,40,27,2024-10-01 13:30:00,41,39.73,8,412.66
10242,1095,39,2024-05-16 02:49:00,57,42.57,11,591.12
10243,1569,12,2024-11-26 01:55:00,27,40.23,1,350.04
10244,808,46,2025-01-26 12:23:00,23,21.31,14,226.47
10245,904,49,2025-01-22 05:15:00,95,81.07,13,967.16
10246,858,19,2024-08-12 19:33:00,94,123.2,28,1765.0
10247,1862,22,2025-02-12 20:00:00,37,30.2,11,322.02
10248,1035,50,2024-12-22 01:44:00,116,80.28,4,1002.04
10249,1970,26,2024-06-27 01:39:00,112,106.81,7,893.94
10250,1691,24,2025-03-24 22:32:00,53,51.28,6,835.5
10251,1539,45,2024-11-14 20:26:00,39,54.54,18,881.89
10252,355,38,2024-11-15 03:38:00,43,64.04,10,955.41
10253,1845,25,2024-04-30 20:16:00,37,51.14,41,444.6
10254,502,27,2024-04-22 01:27:00,25,28.66,14,434.26
10255,1366,47,2024-08-27 20:03:00,60,42.44,42,697.05
10256,1782,35,2025-01-07 01:59:00,92,61.86,14,991.42
10257,136,27,2025-03-26 12:41:00,84,124.64,6,1329.88
10258,180,4,2024-06-17 10:24:00,72,92.74,5,986.71
10259,1990,29,2025-02-19 08:08:00,14,20.2,14,338.91
10260,1893,49,2024-09-19 09:11:00,91,92.46,14,1600.92
10261,130,13,2024-08-12 10:56:00,61,81.15,13,1318.65
10262,1529,49,2024-02-27 08:52:00,38,36.92,7,606.85
10263,171,30,2024-06-10 19:00:00,74,78.56,40,1170.28
10264,1980,1,2024-01-31 04:23:00,23,32.96,5,447.57
10265,1773,26,2024-01-24 05:48:00,51,72.46,7,769.59
10266,142,50,2024-02-28 00:10:00,32,20.16,7,274.74
10267,147,27,2024-01-13 20:56:00,83,119.31,19,2051.04
10268,1792,40,2025-04-22 06:29:00,10,12.67,15,218.77
10269,1908,27,2024-05-05 07:09:00,82,63.65,7,932.47
10270,107,1,2024-03-19 06:10:00,79,96.83,5,890.77
10271,549,1,2024-01-21 12:53:00,27,19.37,3,248.56
10272,622,48,2024-09-27 12:02:00,12,11.53,5,121.14
10273,1415,28,2024-11-07 00:40:00,120,176.25,0,2933.56
10274,359,30,2024-07-24 18:45:00,87,97.72,27,1658.8
10275,96,44,2025-05-11 17:11:00,12,16.24,5,255.58
10276,1570,28,2025-01-04 19:08:00,68,74.53,41,716.4
10277,1505,22,2024-04-19 18:33:00,34,41.76,41,455.01
10278,463,29,2024-05-16 01:04:00,105,80.62,8,1252.36
10279,74,35,2024-06-25 13:18:00,35,25.49,0,308.77
10280,1919,22,2025-05-04 19:14:00,25,18.28,26,241.02
10281,1559,50,2024-09-29 05:28:00,87,56.08,10,993.36
10282,1722,50,2024-06-04 10:28:00,40,33.49,10,359.17
10283,445,9,2024-04-29 13:24:00,19,18.53,11,182.0
10284,66,43,2025-01-27 21:35:00,18,20.48,14,208.36
10285,1532,13,2025-05-13 22:40:00,43,49.61,10,468.72
10286,31,17,2024-07-01 04:17:00,28,33.33,1,384.67
10287,847,44,2024-09-08 06:33:00,92,119.12,0,1721.27
10288,1573,25,2025-01-05 03:15:00,25,29.23,15,438.89
10289,468,43,2025-02-09 21:52:00,88,79.59,1,655.98
10290,1845,11,2025-02-22 04:00:00,100,74.28,13,1166.19
10291,1145,36,2025-02-11 13:37:00,56,38.77,15,596.28
10292,1783,1,2025-03-08 10:31:00,13,16.13,15,159.78
10293,43,50,2024-12-14 07:33:00,119,91.04,1,777.76
10294,1373,3,2024-04-21 18:00:00,117,79.6,13,1081.87
10295,104,37,2025-05-01 05:52:00,81,113.2,3,1780.52
10296,1886,1,2024-04-11 17:53:00,77,79.54,3,902.18
10297,1825,19,2024-02-23 14:32:00,84,114.1,13,1331.54
10298,2000,4,2025-02-12 02:55:00,113,159.86,5,2455.63
10299,1773,9,2024-10-31 11:59:00,96,135.08,11,2318.36
10300,1045,31,2024-01-26 18:30:00,84,57.15,29,548.03
10301,1935,12,2025-04-16 22:47:00,120,77.54,6,1353.67
10302,1452,34,2024-04-26 15:04:00,99,92.8,15,1048.05
10303,522,40,2024-07-26 06:11:00,43,58.47,9,1007.67
10304,803,26,2024-01-30 09:31:00,33,37.59,8,358.53
10305,1837,2,2025-03-04 19:01:00,11,7.65,28,78.32
10306,201,3,2025-05-08 02:27:00,92,60.22,14,919.76
10307,1511,28,2024-08-23 20:02:00,42,52.38,10,503.13
10308,224,40,2024-04-20 11:02:00,74,91.38,0,1070.05
10309,1722,12,2024-04-14 07:49:00,54,56.69,2,655.35
10310,1961,36,2025-01-23 03:48:00,40,57.74,8,1012.51
10311,1404,35,2024-11-23 16:07:00,56,37.83,8,469.7
10312,1785,16,2024-10-17 23:56:00,83,50.5,7,638.48
10313,1864,42,2025-01-01 20:37:00,82,57.0,32,831.4
10314,686,32,2024-03-17 17:45:00,71,67.32,9,975.05
10315,204,34,2025-01-22 03:27:00,26,32.54,5,386.54
10316,1656,46,2024-04-11 12:09:00,43,34.85,9,510.03
10317,1179,6,2024-08-25 21:40:00,35,43.13,10,588.68
10318,312,38,2024-07-03 09:17:00,102,146.02,0,1657.38
10319,656,18,2025-02-02 20:24:00,40,48.7,15,659.29
10320,909,2,2024-01-06 12:49:00,115,170.05,4,2090.39
10321,1717,27,2024-02-18 01:35:00,109,141.47,9,2355.98
10322,858,3,2024-11-23 15:31:00,86,90.97,12,1350.29
10323,323,34,2024-07-30 15:18:00,37,29.91,10,484.54
10324,1585,10,2024-06-12 17:32:00,17,14.89,12,222.08
10325,730,11,2024-06-30 23:20:00,81,50.74,7,763.09
10326,1607,21,2024-04-23 19:47:00,52,68.77,14,1223.15
10327,399,5,2024-04-18 11:54:00,26,17.16,10,250.86
10328,694,5,2024-08-18 08:15:00,108,143.6,2,2019.66
10329,380,41,2024-07-29 04:05:00,85,123.01,7,1112.63
10330,745,29,2024-04-02 13:41:00,57,49.67,10,854.43
10331,1348,28,2025-01-12 12:00:00,114,80.44,8,1424.65
10332,1839,45,2024-02-22 03:27:00,10,10.85,0,139.38
10333,1366,22,2025-04-09 05:22:00,48,56.42,12,517.79
10334,1983,49,2025-01-12 10:02:00,77,71.23,3,635.64
10335,1764,41,2025-01-19 17:58:00,12,16.52,6,134.62
10336,1407,8,2024-06-26 09:30:00,21,13.75,10,173.65
10337,953,4,2024-05-06 20:29:00,23,18.06,17,160.44
10338,1561,38,2024-06-07 20:08:00,98,99.02,12,852.6
10339,858,25,2024-08-08 00:27:00,36,26.52,15,376.43
10340,1142,5,2025-01-24 11:37:00,44,54.6,10,670.86
10341,1978,48,2024-02-01 12:36:00,91,125.5,10,1819.31
10342,1470,38,2024-10-17 03:21:00,32,40.89,8,400.87
10343,1418,21,2024-12-06 01:38:00,13,8.99,3,102.19
10344,1825,41,2024-12-14 12:16:00,45,58.33,2,689.02
10345,453,1,2024-01-14 07:00:00,13,11.4,11,179.67
10346,350,3,2024-09-26 05:12:00,50,30.15,12,395.83
10347,1956,48,2024-09-19 21:58:00,80,100.56,7,871.55
10348,593,38,2024-07-26 06:44:00,75,72.79,13,976.71
10349,1867,17,2024-05-20 02:42:00,109,156.31,3,2613.83
10350,1623,5,2024-09-04 01:24:00,28,38.74,3,503.49
10351,1996,38,2024-06-06 04:57:00,107,103.94,0,1035.82
10352,30,1,2025-01-21 23:57:00,37,44.26,0,424.67
10353,1788,8,2024-06-20 09:08:00,55,63.12,4,824.91
10354,1588,38,2024-12-23 17:06:00,24,17.48,1,198.47
10355,1010,1,2025-04-06 02:11:00,97,80.98,8,1372.56
10356,1440,13,2024-07-22 00:44:00,28,24.84,15,257.16
10357,1836,12,2024-12-23 05:38:00,25,25.16,5,264.07
10358,383,4,2025-03-26 19:46:00,51,68.58,29,549.89
10359,400,18,2024-04-27 12:45:00,75,88.23,13,1211.27
10360,573,36,2024-01-29 06:01:00,60,78.88,11,1309.14
10361,813,44,2024-10-22 06:01:00,103,64.31,1,673.72
10362,1381,31,2024-06-12 20:21:00,63,83.47,38,988.67
10363,165,15,2024-05-16 05:35:00,26,21.01,8,345.76
10364,554,16,2025-02-24 00:44:00,42,43.14,9,419.36
10365,273,47,2025-02-15 00:22:00,20,25.24,6,354.22
10366,731,19,2025-02-11 03:18:00,82,113.61,13,2041.11
10367,1319,47,2024-02-15 02:09:00,77,63.9,10,1099.1
10368,1638,27,2024-11-24 02:38:00,60,80.6,7,1262.32
10369,1302,26,2025-01-16 17:26:00,28,26.06,6,330.41
10370,293,31,2024-07-21 21:38:00,10,9.2,11,128.86
10371,1780,33,2024-05-24 21:33:00,36,25.08,6,415.44
10372,635,27,2024-10-31 08:13:00,17,24.2,9,420.17
10373,1924,33,2025-03-04 20:44:00,32,20.56,40,323.68
10374,1323,26,2024-09-14 02:09:00,69,73.23,0,1239.68
10375,139,42,2024-04-01 04:25:00,89,98.69,2,1721.71
10376,1246,4,2025-03-08 13:10:00,87,111.47,9,1050.62
10377,759,12,2025-04-04 00:52:00,35,22.18,10,372.86
10378,1822,7,2025-02-09 04:35:00,73,67.08,6,683.36
10379,1361,19,2024-09-16 00:41:00,109,120.35,0,1052.04
10380,896,4,2025-02-23 09:52:00,82,70.95,8,1075.25
10381,1764,50,2024-03-07 03:17:00,32,28.89,5,362.18
10382,1147,38,2024-10-11 00:18:00,50,50.62,12,700.4
10383,348,37,2024-08-06 05:22:00,120,132.66,9,2071.67
10384,1915,41,2025-05-15 00:30:00,97,71.83,15,1196.61
10385,1667,39,2025-04-23 20:43:00,85,104.18,33,1483.95
10386,721,15,2024-01-24 08:17:00,111,88.8,2,1281.07
10387,1250,30,2024-06-02 01:25:00,41,59.28,11,842.32
10388,103,31,2024-01-01 01:39:00,66,94.99,1,1203.96
10389,501,16,2024-10-18 15:13:00,51,76.42,0,1207.09
10390,15,38,2024-04-12 21:13:00,21,22.44,7,329.37
10391,1073,44,2024-06-14 18:04:00,120,99.57,34,1412.82
10392,1772,26,2024-07-11 23:45:00,59,47.69,2,704.71
10393,1177,4,2024-01-22 18:07:00,74,91.0,40,941.21
10394,329,50,2024-02-18 16:37:00,108,125.58,3,1346.19
10395,1869,5,2024-11-10 15:44:00,36,30.6,12,254.64
10396,1400,6,2024-08-20 23:31:00,50,43.06,0,553.13
10397,1493,24,2025-04-22 22:25:00,74,88.23,0,965.93
10398,1004,32,2025-04-23 22:58:00,83,53.78,1,476.83
10399,1979,41,2024-04-07 17:50:00,98,105.82,14,1557.65
10400,944,5,2024-10-23 02:15:00,89,68.39,3,1212.14
10401,113,48,2024-06-15 18:53:00,47,44.66,34,404.89
10402,1666,17,2025-05-01 21:30:00,84,112.54,6,1888.85
10403,1190,9,2024-07-19 19:17:00,77,52.6,25,805.57
10404,1955,9,2024-10-28 21:22:00,104,142.76,8,2043.46
10405,1295,43,2024-01-16 11:47:00,47,42.16,0,467.63
10406,1808,7,2024-05-26 23:58:00,102,83.31,2,1240.1
10407,858,48,2024-07-28 11:07:00,81,113.42,8,935.09
10408,815,43,2025-03-28 23:16:00,15,10.88,2,134.17
10409,999,36,2024-11-22 06:13:00,33,31.08,3,254.29
10410,462,43,2025-03-15 17:21:00,75,86.47,15,803.76
10411,246,22,2024-07-08 03:20:00,95,71.81,6,867.55
10412,291,14,2025-04-12 22:01:00,78,52.45,14,493.74
10413,816,2,2025-04-25 15:27:00,21,14.97,4,267.59
10414,633,17,2024-02-08 10:25:00,79,96.28,1,1538.58
10415,317,31,2024-12-13 19:36:00,89,104.28,28,1430.26
10416,1257,18,2025-03-15 20:03:00,111,157.8,17,2387.95
10417,1266,34,2024-10-22 05:24:00,64,48.86,7,759.99
10418,1445,42,2024-07-14 14:16:00,17,17.95,13,209.61
10419,1502,3,2024-01-16 05:55:00,104,79.14,10,1231.03
10420,1864,32,2024-01-13 07:19:00,85,119.41,6,1369.2
10421,768,14,2024-05-18 03:30:00,59,38.54,15,459.91
10422,1220,39,2024-05-04 13:46:00,80,103.21,3,1782.02
10423,734,12,2024-01-23 18:54:00,77,67.56,25,1173.15
10424,1008,29,2024-08-27 08:06:00,54,73.84,13,1236.72
10425,1282,14,2024-06-03 21:19:00,101,71.78,1,637.29
10426,1134,2,2024-04-01 18:04:00,48,37.48,26,659.37
10427,299,50,2024-01-28 14:16:00,74,48.18,10,558.75
10428,938,11,2024-01-30 11:24:00,50,36.15,14,607.79
10429,1239,9,2025-01-18 13:40:00,80,49.33,11,877.45
10430,1340,4,2024-10-19 12:29:00,10,10.62,6,179.51
10431,1081,46,2025-04-27 16:00:00,64,70.82,14,1224.05
10432,1587,13,2024-09-28 04:32:00,71,75.09,2,1115.21
10433,906,10,2024-04-10 10:11:00,81,102.75,3,1187.52
10434,1754,7,2024-04-07 13:38:00,109,124.81,15,1120.86
10435,1444,2,2024-01-13 05:13:00,118,154.42,15,2556.97
10436,1710,2,2024-05-17 07:04:00,36,31.05,11,268.02
10437,422,34,2024-09-19 16:48:00,41,31.18,14,461.1
10438,1481,8,2024-01-21 11:29:00,51,42.78,2,391.73
10439,1550,35,2024-01-08 19:35:00,21,20.34,10,310.0
10440,1118,37,2024-10-08 20:38:00,23,28.62,19,374.5
10441,614,31,2024-02-20 08:15:00,80,96.75,1,877.83
10442,185,22,2025-02-21 20:18:00,13,18.42,22,183.62
10443,697,40,2025-05-01 13:53:00,84,54.54,14,457.7
10444,643,14,2024-01-09 19:27:00,27,33.95,38,606.56
10445,1132,27,2024-10-26 16:26:00,78,108.5,1,988.68
10446,1013,28,2024-03-31 12:03:00,88,106.1,4,1793.61
10447,1866,31,2024-12-13 09:23:00,41,41.94,11,652.02
10448,823,40,2025-02-27 13:35:00,31,29.65,1,447.35
10449,1237,10,2024-10-14 00:19:00,25,25.12,11,340.6
10450,1378,47,2025-04-12 06:02:00,40,32.08,1,265.39
10451,441,29,2024-07-15 12:02:00,14,10.66,10,120.21
10452,428,36,2025-03-22 08:43:00,66,85.8,2,692.01
10453,860,34,2024-11-28 19:31:00,34,44.19,39,462.94
10454,918,10,2024-05-07 22:05:00,17,24.43,3,369.41
10455,1277,19,2025-04-18 11:53:00,83,84.51,3,886.88
10456,224,11,2024-01-06 15:14:00,12,16.25,2,191.05
10457,1984,19,2024-09-13 03:05:00,12,15.44,0,144.29
10458,948,49,2024-03-26 10:41:00,66,86.89,14,1532.8
10459,354,28,2024-02-12 19:20:00,78,96.74,25,1648.56
10460,231,45,2024-03-24 15:12:00,54,59.68,4,650.57
10461,611,34,2025-03-21 04:09:00,77,109.89,0,1821.5
10462,1044,22,2024-08-17 12:59:00,31,37.06,6,439.12
10463,486,37,2024-02-12 13:45:00,23,29.99,10,479.66
10464,293,20,2024-09-30 21:46:00,113,102.73,10,1625.39
10465,362,22,2024-07-19 16:28:00,98,129.31,1,1713.83
10466,83,26,2024-12-22 06:22:00,119,161.23,15,2554.74
10467,1631,38,2024-09-14 20:38:00,80,58.59,32,647.5
10468,491,30,2025-04-21 23:54:00,32,47.82,5,676.7
10469,363,29,2024-02-12 12:59:00,46,37.2,12,528.44
10470,1896,42,2024-10-07 01:03:00,110,106.64,8,932.53
10471,1402,5,2025-02-16 13:02:00,31,36.16,2,350.34
10472,1780,7,2025-01-22 04:22:00,79,117.26,9,1859.89
10473,1006,50,2024-03-19 07:33:00,68,90.5,9,1182.25
10474,1844,45,2025-03-29 07:48:00,92,89.05,0,1338.25
10475,342,22,2024-01-24 18:06:00,37,34.64,39,521.78
10476,1151,50,2024-02-16 06:30:00,99,83.22,3,919.08
10477,161,21,2025-01-19 15:01:00,82,93.81,4,1559.57
10478,125,49,2024-05-16 12:51:00,10,9.09,5,109.47
10479,227,2,2024-12-10 09:53:00,47,59.03,15,911.41
10480,845,43,2024-12-24 03:44:00,114,97.75,8,977.1
10481,27,23,2024-02-01 02:14:00,114,147.58,13,2555.81
10482,207,39,2024-06-05 21:49:00,94,87.77,10,1412.69
10483,1440,45,2024-07-04 05:14:00,50,46.66,14,431.87
10484,1656,21,2024-07-05 00:22:00,114,105.82,4,1143.21
10485,204,1,2024-09-22 15:41:00,120,81.44,9,660.0
10486,1704,40,2024-10-15 05:11:00,89,128.07,6,1395.18
10487,817,11,2024-11-01 14:10:00,56,69.87,9,945.83
10488,723,18,2025-02-10 11:45:00,87,98.58,14,972.92
10489,425,20,2024-09-22 23:23:00,113,159.82,10,2334.32
10490,99,10,2024-05-07 21:50:00,13,14.92,14,259.85
10491,1219,25,2024-12-16 14:49:00,78,108.33,12,1276.88
10492,1174,33,2024-03-11 16:20:00,89,55.38,1,675.02
10493,109,37,2024-11-23 09:55:00,38,50.1,3,406.07
10494,311,15,2025-01-02 00:06:00,110,131.64,1,2029.99
10495,1632,5,2024-05-05 04:24:00,40,32.89,13,432.46
10496,1213,27,2024-08-06 13:33:00,61,63.09,8,968.53
10497,256,23,2024-12-16 07:57:00,83,124.21,2,1220.83
10498,1835,6,2024-11-03 00:16:00,34,41.79,12,347.88
10499,649,27,2024-10-19 01:17:00,107,87.08,9,1305.22
10500,522,17,2025-01-05 21:51:00,58,74.1,8,816.94
10501,1328,5,2025-01-01 02:00:00,62,61.92,1,1084.4
10502,428,41,2025-03-18 01:14:00,31,30.03,2,500.13
10503,193,41,2025-05-05 17:29:00,23,14.48,0,213.8
10504,626,18,2025-04-21 13:16:00,107,137.26,12,1412.2
10505,1182,36,2024-10-23 04:09:00,76,66.71,2,1167.47
10506,1492,17,2025-01-12 20:39:00,119,177.31,12,2653.31
10507,1875,43,2024-06-22 20:31:00,92,73.36,42,632.27
10508,1945,18,2024-02-26 13:15:00,23,24.38,5,415.84
10509,909,23,2024-01-20 00:26:00,94,113.45,5,1024.01
10510,389,40,2024-12-01 00:43:00,11,16.04,0,241.77
10511,1976,46,2024-09-04 22:45:00,46,59.37,3,934.75
10512,1667,29,2024-11-10 17:45:00,82,53.26,7,922.72
10513,1801,16,2025-03-27 18:15:00,71,65.45,42,592.42
10514,441,45,2024-01-01 22:06:00,117,84.52,14,695.63
10515,1200,46,2024-05-25 09:37:00,51,70.87,2,948.99
10516,424,17,2024-02-28 01:11:00,120,136.36,13,1250.71
10517,796,37,2024-02-20 22:34:00,107,153.02,10,1549.81
10518,158,4,2024-07-31 15:01:00,69,102.21,12,1309.31
10519,14,12,2024-06-15 22:33:00,89,63.24,4,806.21
10520,216,31,2024-09-03 07:50:00,30,28.74,10,434.85
10521,1798,42,2024-09-10 17:48:00,19,12.43,11,190.85
10522,1030,38,2024-05-28 02:26:00,114,136.27,13,2177.16
10523,151,33,2025-05-06 11:23:00,26,31.1,13,391.29
10524,1442,32,2024-10-03 14:39:00,94,136.13,10,2314.49
10525,616,8,2025-04-11 02:27:00,95,121.04,12,1689.92
10526,192,6,2025-04-11 11:13:00,46,28.46,10,268.83
10527,623,9,2024-08-05 19:49:00,89,86.37,37,1183.41
10528,1841,29,2024-07-29 16:27:00,88,115.06,0,979.0
10529,958,36,2024-03-30 16:51:00,25,24.01,0,254.86
10530,1564,16,2024-09-10 18:55:00,100,117.83,27,1732.59
10531,595,37,2025-05-08 15:02:00,36,39.47,9,353.24
10532,489,5,2025-03-24 03:04:00,57,52.48,15,448.32
10533,1104,15,2024-01-07 21:42:00,70,73.99,0,964.83
10534,1537,17,2024-06-26 12:00:00,97,131.4,9,2260.5
10535,1886,10,2024-01-13 03:12:00,15,11.04,4,110.04
10536,1575,41,2024-05-07 20:22:00,44,28.44,33,355.77
10537,478,13,2025-01-26 17:16:00,42,43.58,14,589.23
10538,268,8,2024-11-01 12:58:00,93,115.37,10,2059.47
10539,1703,45,2024-09-02 07:52:00,57,81.1,10,1181.56
10540,590,37,2024-07-13 01:43:00,59,58.41,14,878.62
10541,891,27,2024-05-16 15:05:00,28,23.67,9,362.37
10542,830,42,2025-02-23 17:14:00,43,46.19,9,643.33
10543,699,7,2024-12-17 10:53:00,72,81.83,1,674.98
10544,1725,33,2024-04-28 04:27:00,92,103.59,7,1248.34
10545,890,15,2025-05-11 23:57:00,17,11.28,4,182.63
10546,186,48,2024-01-21 19:21:00,89,67.62,45,1194.22
10547,1818,46,2025-01-11 07:11:00,78,70.13,12,1139.01
10548,471,17,2024-06-11 03:04:00,64,87.08,2,1302.94
10549,1691,25,2024-06-26 02:20:00,93,63.66,4,1103.0
10550,351,11,2024-07-31 04:39:00,108,83.94,10,1100.4
10551,470,18,2025-01-03 19:59:00,88,83.42,13,943.89
10552,69,47,2025-04-12 09:34:00,79,57.47,10,543.37
10553,1677,44,2024-08-26 21:38:00,19,24.01,11,213.95
10554,1031,26,2024-10-22 09:56:00,14,16.12,14,271.44
10555,1083,34,2025-02-13 04:38:00,88,59.2,14,789.57
10556,1841,50,2024-09-11 12:26:00,22,31.56,8,365.32
10557,1063,48,2024-01-05 21:40:00,64,44.47,14,379.16
10558,165,14,2024-07-30 10:04:00,28,21.45,2,261.94
10559,740,29,2024-07-20 19:06:00,40,38.58,38,379.03
10560,1402,22,2024-10-30 17:52:00,55,51.9,8,506.97
10561,207,46,2024-03-28 04:32:00,87,93.67,6,1466.91
10562,1672,17,2025-02-22 03:16:00,41,25.96,8,254.06
10563,1810,30,2025-04-12 07:25:00,34,47.82,10,812.13
10564,1644,7,2024-06-30 07:05:00,15,21.7,8,314.01
10565,48,35,2024-01-15 09:20:00,38,25.86,1,251.02
10566,1249,3,2024-05-31 14:23:00,47,57.82,15,714.79
10567,180,30,2024-02-25 07:22:00,82,72.94,8,1297.16
10568,1690,38,2024-12-21 03:30:00,29,30.67,15,497.83
10569,295,29,2024-02-27 19:38:00,29,30.17,29,267.28
10570,1691,35,2024-12-26 15:34:00,117,91.38,7,944.78
10571,114,28,2024-07-05 11:42:00,89,127.28,14,1999.63
10572,143,16,2024-07-01 10:08:00,100,72.5,4,1240.89
10573,1885,29,2024-11-13 13:06:00,94,97.85,0,815.99
10574,1666,12,2024-09-30 01:35:00,54,70.26,10,1047.54
10575,928,12,2024-11-28 18:17:00,79,86.32,45,903.89
10576,1443,45,2024-02-28 02:36:00,75,83.61,7,971.95
10577,70,24,2024-03-11 21:20:00,92,88.04,8,722.77
10578,1806,25,2024-01-13 20:21:00,60,52.59,23,899.96
10579,1798,39,2024-01-06 01:32:00,80,91.95,0,1474.2
10580,142,22,2024-09-12 21:11:00,73,105.14,0,1645.66
10581,883,45,2024-05-06 21:26:00,31,22.85,5,380.53
10582,332,22,2024-01-07 11:15:00,75,71.4,6,637.88
10583,401,21,2024-10-13 08:33:00,98,82.22,1,1127.8
10584,192,34,2024-05-19 09:17:00,65,80.64,5,1434.32
10585,91,18,2025-03-14 05:19:00,53,79.37,15,1139.2
10586,1199,30,2024-04-05 14:12:00,108,73.29,7,1247.69
10587,1748,40,2025-04-30 05:52:00,100,67.92,1,889.76
10588,1774,50,2025-05-06 20:48:00,120,89.25,24,1483.6
10589,1112,3,2024-08-22 08:13:00,77,109.65,14,1791.88
10590,1246,3,2024-04-29 04:05:00,94,92.76,3,1620.49
10591,650,24,2024-08-06 20:54:00,68,55.3,22,685.09
10592,150,4,2024-08-20 04:50:00,66,67.39,15,1029.85
10593,1291,22,2025-05-07 20:47:00,87,128.79,25,1225.74
10594,860,2,2024-07-07 21:30:00,106,151.01,1,1735.86
10595,1816,9,2024-12-20 02:06:00,86,62.19,0,945.2
10596,758,33,2025-02-27 21:49:00,37,35.4,5,399.75
10597,134,30,2025-01-29 01:40:00,28,23.85,11,347.23
10598,1983,24,2024-11-28 04:24:00,68,96.71,13,1322.62
10599,1869,16,2025-05-07 09:19:00,34,25.86,4,463.64
10600,1129,13,2024-08-16 05:52:00,19,27.29,0,268.85
10601,1013,14,2024-04-05 04:50:00,13,11.32,9,91.62
10602,51,1,2024-05-19 11:13:00,48,41.28,12,666.02
10603,379,11,2024-09-12 23:57:00,112,128.12,4,1665.89
10604,1011,10,2024-09-04 05:17:00,108,88.35,8,1119.98
10605,343,44,2024-01-11 08:55:00,78,102.45,8,1113.46
10606,1953,32,2024-07-15 04:40:00,80,106.91,10,1580.8
10607,1170,39,2024-06-06 17:18:00,81,60.47,15,695.01
10608,793,24,2024-07-07 19:35:00,73,72.29,26,1268.28
10609,1977,16,2025-04-24 00:00:00,74,97.72,14,872.9
10610,865,10,2024-04-22 10:49:00,87,102.93,12,1403.71
10611,1567,7,2024-09-15 05:42:00,118,98.83,8,1616.66
10612,1795,25,2024-12-10 09:37:00,51,69.33,12,1166.4
10613,786,43,2024-12-05 10:25:00,99,96.34,5,1410.67
10614,1012,28,2024-11-27 04:17:00,112,141.15,2,2534.35
10615,487,47,2024-01-31 18:26:00,24,32.81,19,413.52
10616,463,19,2024-12-27 16:53:00,52,69.8,9,1249.8
10617,612,5,2025-01-28 17:18:00,98,85.11,13,953.51
10618,568,38,2024-11-22 10:14:00,66,95.1,11,1208.98
10619,1663,23,2024-05-19 19:18:00,20,17.95,39,198.73
10620,1222,8,2024-06-23 21:00:00,32,23.25,10,201.63
10621,1116,48,2024-07-09 21:35:00,86,85.55,12,1124.89
10622,154,25,2024-12-25 10:22:00,10,13.46,3,149.41
10623,127,34,2024-08-13 13:38:00,82,57.87,11,732.14
10624,1136,49,2025-04-27 00:03:00,48,60.35,13,1048.48
10625,1975,37,2024-01-23 16:42:00,11,15.16,4,178.42
10626,1020,47,2024-09-20 04:10:00,42,46.87,7,520.35
10627,1593,32,2024-05-17 19:28:00,74,64.09,30,622.09
10628,1033,5,2024-07-08 10:04:00,50,48.28,9,682.77
10629,480,48,2024-09-07 04:37:00,86,76.03,4,634.48
10630,424,3,2024-02-18 12:03:00,46,33.36,13,552.95
10631,1534,32,2024-07-08 19:38:00,91,117.27,40,1748.39
10632,375,37,2025-04-26 16:19:00,59,68.74,11,899.64
10633,1941,22,2024-08-22 13:01:00,57,35.09,10,445.7
10634,1221,49,2025-04-05 18:30:00,56,69.45,20,1122.93
10635,1383,6,2024-09-29 16:49:00,90,130.54,3,1855.83
10636,84,23,2024-05-23 16:53:00,42,40.84,11,702.2
10637,1189,6,2024-12-25 17:37:00,34,31.44,1,366.37
10638,1842,13,2024-01-26 14:24:00,114,124.29,0,2117.97
10639,515,9,2024-07-23 00:09:00,106,90.17,4,1358.07
10640,191,31,2025-01-02 07:48:00,74,63.15,12,602.45
10641,923,17,2024-05-07 22:51:00,98,95.06,9,1275.38
10642,70,29,2024-01-12 02:15:00,99,86.34,5,887.41
10643,1487,21,2025-01-16 00:17:00,49,73.08,0,856.12
10644,1478,46,2024-02-26 01:52:00,116,138.56,13,1287.45
10645,1044,42,2024-01-17 04:00:00,24,28.43,1,300.42
10646,296,24,2024-09-18 16:58:00,62,75.61,9,1056.72
10647,805,1,2024-03-10 20:10:00,50,32.0,20,560.01
10648,64,8,2024-02-23 19:34:00,74,66.06,20,789.23
10649,1004,9,2024-09-21 22:08:00,72,45.8,12,798.33
10650,265,24,2024-10-15 04:49:00,66,74.08,12,1280.93
10651,515,3,2024-04-03 14:07:00,78,107.57,6,1698.29
10652,1624,8,2024-01-06 01:32:00,95,138.26,11,1308.62
10653,1886,17,2024-01-20 00:47:00,104,82.17,3,1290.82
10654,1496,36,2024-09-17 20:49:00,88,69.59,30,899.62
10655,1948,19,2024-10-15 09:28:00,74,88.44,14,1256.62
10656,792,45,2025-01-19 21:46:00,84,98.24,2,1184.04
10657,1592,45,2025-01-09 02:26:00,98,117.59,12,1389.87
10658,1374,41,2024-04-20 05:27:00,65,52.06,2,683.5
10659,278,39,2025-05-09 14:32:00,115,135.39,14,1600.51
10660,1430,10,2024-05-29 11:33:00,91,79.41,10,703.77
10661,882,12,2025-04-24 13:14:00,53,52.77,10,578.56
10662,1045,49,2024-05-30 10:11:00,48,30.11,11,538.28
10663,1609,8,2024-07-30 17:12:00,108,84.17,8,822.99
10664,1372,46,2025-01-28 09:29:00,32,38.1,1,634.65
10665,323,29,2024-01-26 10:21:00,48,40.84,5,524.62
10666,606,6,2025-04-08 05:16:00,38,28.13,0,494.61
10667,1514,22,2024-09-27 18:40:00,30,18.79,40,264.86
10668,32,42,2024-05-13 20:09:00,59,84.95,37,761.65
10669,1517,16,2024-07-13 20:29:00,63,94.26,29,1343.39
10670,1069,24,2024-03-08 17:20:00,97,141.65,10,2363.37
10671,15,14,2024-12-22 21:06:00,29,18.07,7,278.63
10672,345,48,2024-09-04 23:38:00,60,63.68,11,1000.36
10673,1663,26,2024-06-13 20:10:00,19,24.06,40,414.69
10674,1790,47,2024-10-09 00:00:00,31,32.56,1,364.73
10675,1154,14,2024-11-05 00:51:00,41,26.61,9,426.2
10676,252,25,2024-09-12 21:51:00,12,8.98,2,98.92
10677,381,41,2025-01-23 19:03:00,111,113.29,22,1218.83
10678,206,2,2024-08-24 14:42:00,27,24.72,0,230.09
10679,1657,3,2024-10-26 17:59:00,53,59.65,1,855.25
10680,1410,1,2025-03-18 16:17:00,35,37.0,4,602.92
10681,186,16,2024-07-10 06:50:00,85,110.74,8,1974.3
10682,185,44,2024-11-28 03:32:00,117,169.15,15,1594.78
10683,557,12,2025-05-01 19:12:00,39,51.38,39,587.95
10684,1669,5,2024-04-07 13:12:00,119,83.79,11,1166.45
10685,780,42,2024-11-07 11:40:00,56,78.96,2,1211.59
10686,939,36,2024-01-31 17:35:00,53,75.27,15,897.92
10687,537,8,2025-01-18 22:27:00,33,30.88,3,525.31
10688,545,2,2024-11-27 05:44:00,36,36.21,6,637.26
10689,111,47,2024-05-16 11:45:00,98,99.59,8,893.34
10690,258,40,2025-04-25 17:27:00,12,15.11,7,192.6
10691,1811,37,2025-01-22 00:54:00,52,43.32,10,685.63
10692,1933,6,2024-08-31 20:01:00,26,27.14,41,483.93
10693,202,41,2025-03-13 23:49:00,97,98.16,15,1498.12
10694,1106,50,2024-08-20 16:09:00,108,102.52,0,868.88
10695,1283,14,2024-02-10 23:10:00,36,33.69,9,442.39
10696,1531,15,2024-08-10 13:10:00,50,40.23,12,519.12
10697,1127,14,2025-05-07 04:49:00,37,41.79,6,336.57
10698,145,22,2024-06-21 18:22:00,33,24.44,24,424.75
10699,694,39,2024-12-28 21:43:00,20,29.31,11,438.79
10700,1115,47,2024-06-20 01:41:00,71,104.14,15,1652.54
10701,336,33,2025-04-27 03:03:00,103,113.51,3,1541.47
10702,1034,29,2024-01-05 16:38:00,81,72.91,1,1251.8
10703,452,34,2024-10-07 20:39:00,22,15.21,24,141.23
10704,65,15,2024-07-23 00:36:00,60,37.57,7,485.86
10705,1154,26,2025-03-17 02:10:00,61,68.54,0,857.09
10706,1621,47,2024-09-14 01:59:00,70,80.02,9,1310.52
10707,1623,28,2024-11-06 12:38:00,10,11.75,3,99.63
10708,443,6,2024-10-22 07:28:00,84,105.69,1,1131.52
10709,1756,26,2024-01-02 00:31:00,83,116.39,8,1613.49
10710,442,22,2024-11-13 22:45:00,94,69.87,5,898.28
10711,431,43,2025-02-09 01:50:00,49,67.03,15,891.24
10712,70,22,2024-06-14 01:06:00,48,68.7,8,700.21
10713,202,7,2025-04-05 02:40:00,64,66.43,11,1119.14
10714,282,44,2024-02-07 01:30:00,50,41.04,10,409.38
10715,1558,44,2025-05-06 09:43:00,31,39.37,13,460.71
10716,431,50,2024-09-02 11:23:00,78,65.39,3,605.15
10717,1126,12,2024-07-15 09:11:00,49,54.42,8,860.47
10718,685,40,2024-07-23 03:32:00,88,76.12,12,854.34
10719,1617,35,2024-06-22 08:46:00,66,97.85,7,1417.57
10720,172,28,2024-03-01 05:30:00,87,63.33,5,746.08
10721,1871,33,2025-03-11 02:04:00,115,102.18,0,1276.44
10722,861,35,2024-10-17 04:13:00,28,36.31,3,615.34
10723,229,6,2024-05-22 12:59:00,69,102.11,6,1806.2
10724,187,21,2025-02-02 15:03:00,52,47.82,1,785.73
10725,564,16,2025-02-25 21:55:00,12,8.78,14,143.46
10726,802,29,2024-11-30 19:42:00,83,59.14,42,548.24
10727,1573,18,2024-01-05 08:58:00,28,34.96,7,324.61
10728,347,2,2024-01-22 19:21:00,44,29.63,42,474.6
10729,603,9,2025-02-05 19:29:00,87,106.33,40,1267.28
10730,286,27,2024-05-07 23:14:00,101,79.64,3,798.3
10731,731,27,2025-02-26 05:05:00,32,37.4,8,330.17
10732,1796,47,2024-12-18 09:00:00,100,89.92,3,1109.66
10733,1370,50,2024-03-06 23:38:00,69,70.41,4,994.8
10734,829,8,2024-12-10 13:37:00,38,54.6,8,750.99
10735,856,6,2024-08-23 09:25:00,42,45.9,5,393.05
10736,1730,43,2024-10-27 10:46:00,100,136.62,1,1774.13
10737,968,2,2024-05-16 20:49:00,112,105.94,44,1564.8
10738,1809,43,2025-03-12 14:05:00,50,39.46,1,391.7
10739,856,13,2024-12-13 03:31:00,45,59.76,3,1062.25
10740,1970,27,2024-08-22 08:14:00,23,30.21,4,278.27
10741,1109,12,2024-08-23 04:22:00,82,111.93,14,1144.76
10742,608,43,2024-09-11 10:55:00,34,40.14,15,641.48
10743,603,45,2025-03-09 02:52:00,64,76.03,8,958.95
10744,1497,22,2025-01-12 12:01:00,117,171.64,3,1940.31
10745,1494,45,2024-07-07 08:06:00,57,57.5,13,529.04
10746,535,49,2024-03-18 17:59:00,33,26.66,4,399.7
10747,347,4,2024-11-13 14:33:00,74,72.55,4,1301.38
10748,510,44,2024-06-15 07:54:00,45,56.41,4,518.57
10749,1847,42,2024-03-20 22:35:00,63,90.12,15,1345.95
10750,1351,32,2024-04-21 05:20:00,82,117.08,12,997.17
10751,1182,46,2024-05-04 19:18:00,73,67.24,33,954.64
10752,1972,39,2024-05-05 09:16:00,40,29.48,1,462.69
10753,1759,7,2024-11-01 08:43:00,11,12.72,11,111.13
10754,930,38,2024-01-12 22:06:00,72,48.02,9,777.03
10755,1199,17,2024-10-16 23:20:00,16,14.97,12,138.66
10756,490,28,2024-12-09 00:28:00,114,111.16,5,1853.32
10757,467,29,2024-05-25 22:01:00,58,61.02,10,835.98
10758,513,27,2024-07-05 04:51:00,18,16.12,15,270.78
10759,591,35,2024-11-09 10:24:00,101,96.36,8,1177.7
10760,440,39,2025-04-09 16:58:00,82,92.39,6,742.89
10761,904,1,2025-03-22 00:17:00,60,58.11,1,882.76
10762,1727,50,2025-02-21 22:23:00,97,72.5,13,1112.5
10763,1703,9,2025-02-18 09:31:00,24,18.62,0,210.48
10764,8,26,2024-05-17 22:01:00,102,151.06,2,2144.71
10765,163,47,2025-01-24 14:47:00,11,10.54,7,117.82
10766,1045,39,2024-02-24 22:41:00,12,16.54,2,272.79
10767,544,47,2024-01-15 18:05:00,50,44.08,44,398.2
10768,1003,13,2024-09-24 06:14:00,86,104.92,14,841.36
10769,599,40,2025-02-24 16:12:00,50,48.35,7,475.93
10770,964,4,2024-04-19 12:04:00,112,148.61,7,1411.24
10771,1036,42,2025-01-08 15:21:00,27,23.9,13,398.52
10772,1115,31,2024-06-27 21:11:00,61,51.2,14,883.31
10773,1392,32,2025-04-16 22:50:00,113,128.02,10,1200.18
10774,623,9,2024-02-21 14:05:00,107,143.47,3,1743.83
10775,547,46,2024-11-05 22:21:00,82,90.29,5,1493.89
10776,775,14,2025-04-16 09:44:00,84,72.62,10,1173.5
10777,1946,3,2024-06-15 22:13:00,120,122.2,8,1665.42
10778,113,18,2024-11-05 20:21:00,100,70.73,14,1068.35
10779,231,1,2024-02-10 00:35:00,88,110.9,14,1790.21
10780,344,25,2024-10-19 21:01:00,54,75.69,9,945.84
10781,411,32,2024-04-08 18:08:00,58,77.87,34,954.41
10782,1206,24,2025-01-27 21:54:00,102,117.29,2,1700.13
10783,411,50,2024-08-29 22:00:00,34,38.14,15,586.71
10784,1446,7,2025-01-31 05:48:00,111,129.12,8,1836.37
10785,1015,3,2024-09-10 11:06:00,47,52.11,15,635.45
10786,635,4,2024-01-30 04:34:00,61,63.25,3,768.62
10787,62,30,2024-05-02 02:37:00,76,70.21,8,1191.29
10788,976,35,2024-10-14 04:54:00,53,49.09,13,444.18
10789,1802,35,2024-11-17 05:48:00,48,30.92,4,418.91
10790,1372,29,2025-01-09 04:28:00,91,116.96,1,1377.71
10791,1022,3,2024-09-29 16:28:00,14,11.61,9,159.35
10792,1322,27,2024-12-06 00:30:00,99,76.4,0,1230.16
10793,982,45,2025-04-13 11:41:00,78,81.68,8,1379.49
10794,1801,10,2025-01-14 00:22:00,15,9.41,1,148.57
10795,1217,43,2024-05-16 21:13:00,59,53.24,13,822.17
10796,1668,32,2024-06-21 08:50:00,114,148.14,8,2243.68
10797,383,12,2024-04-18 06:55:00,65,39.5,8,392.04
10798,610,29,2024-03-09 18:43:00,64,71.77,24,687.16
10799,213,22,2024-03-07 18:44:00,84,77.68,35,682.79
10800,1641,29,2024-11-16 01:32:00,77,71.04,8,954.36
10801,1457,8,2024-10-13 16:08:00,65,54.6,0,941.05
10802,1208,17,2024-02-13 22:11:00,57,79.8,15,749.25
10803,871,14,2024-04-19 01:48:00,35,30.53,9,498.17
10804,1203,43,2025-01-12 08:12:00,15,15.84,9,165.83
10805,1533,28,2025-03-18 13:26:00,100,86.66,1,981.63
10806,1405,31,2024-02-19 18:36:00,61,43.07,12,532.63
10807,739,31,2024-12-20 01:30:00,25,20.02,0,336.18
10808,1350,42,2024-09-17 15:33:00,50,37.18,4,566.61
10809,637,2,2025-03-06 13:36:00,53,40.94,11,697.28
10810,151,32,2024-02-11 14:07:00,120,85.05,4,802.01
10811,1915,16,2025-05-08 03:28:00,28,22.63,2,227.25
10812,1820,42,2025-01-31 17:53:00,14,8.67,3,121.38
10813,1246,20,2025-04-18 00:33:00,91,111.2,15,1170.6
10814,727,2,2024-04-21 06:16:00,62,61.97,11,780.03
10815,920,13,2024-07-20 21:17:00,24,35.26,1,615.97
10816,376,25,2024-11-05 11:27:00,113,164.57,0,2344.44
10817,1044,19,2024-12-26 20:25:00,20,25.84,45,221.22
10818,1078,33,2024-03-17 06:36:00,74,80.31,9,797.72
10819,962,9,2025-05-06 03:04:00,75,58.8,2,796.67
10820,1421,22,2025-03-31 02:44:00,71,62.61,7,521.75
10821,1978,40,2024-11-24 15:10:00,97,59.77,12,949.76
10822,1667,35,2024-02-20 17:09:00,16,20.64,2,190.92
10823,1561,39,2025-01-11 04:21:00,15,22.02,7,215.3
10824,1891,17,2024-12-25 20:44:00,45,41.8,36,690.99
10825,1973,41,2024-10-12 20:48:00,64,89.35,15,991.39
10826,1949,36,2025-03-11 15:49:00,10,8.48,2,136.37
10827,745,8,2024-08-02 22:26:00,84,75.96,6,1070.96
10828,1575,6,2024-10-01 03:54:00,98,68.32,4,1206.56
10829,1704,26,2024-05-08 21:33:00,94,103.41,14,1857.91
10830,1781,35,2024-11-03 19:03:00,73,47.31,39,611.49
10831,45,37,2024-10-14 07:39:00,31,44.49,5,436.09
10832,298,8,2024-11-21 00:08:00,25,34.38,11,594.62
10833,402,18,2024-12-17 16:19:00,25,25.3,3,345.66
10834,257,11,2024-06-18 14:05:00,66,66.51,2,874.54
10835,88,26,2024-06-05 03:38:00,68,83.39,7,775.91
10836,445,26,2024-01-07 15:57:00,24,32.34,14,270.92
10837,417,29,2025-03-02 16:45:00,43,55.87,11,711.72
10838,1476,27,2024-12-06 14:27:00,96,76.16,9,700.93
10839,428,44,2024-02-21 22:39:00,32,36.98,6,364.72
10840,1498,15,2024-10-26 09:47:00,73,95.0,1,1542.56
10841,85,4,2024-06-29 00:58:00,108,106.39,3,1235.09
10842,770,43,2024-07-26 06:24:00,78,95.72,13,1260.98
10843,1361,4,2025-02-10 02:02:00,84,98.1,15,1545.79
10844,540,35,2024-12-11 05:39:00,16,23.68,11,191.97
10845,739,32,2024-04-18 04:47:00,62,72.56,6,623.0
10846,852,10,2024-12-16 11:47:00,85,84.86,4,1404.52
10847,418,31,2024-01-13 18:49:00,22,32.02,29,307.35
10848,1332,35,2024-09-21 08:21:00,115,125.02,6,1116.91
10849,1402,49,2024-08-07 00:18:00,86,81.62,1,1162.48
10850,385,14,2024-01-05 15:29:00,31,43.04,4,600.7
10851,1035,30,2024-06-27 01:59:00,47,43.34,4,735.3
10852,1422,34,2024-03-12 09:57:00,79,73.78,1,693.19
10853,670,30,2024-07-26 19:37:00,98,107.66,42,1491.26
10854,1235,31,2024-03-20 11:06:00,107,67.0,13,829.07
10855,177,30,2024-03-27 17:44:00,80,71.23,11,1214.16
10856,1909,35,2025-05-01 18:23:00,93,83.19,27,953.67
10857,567,23,2024-03-27 06:52:00,77,97.52,5,887.33
10858,842,8,2024-02-09 22:05:00,17,25.08,11,287.64
10859,1469,30,2025-01-11 18:47:00,101,86.16,20,1476.88
10860,1536,16,2025-02-07 08:06:00,41,29.99,5,364.03
10861,1864,11,2024-09-17 19:46:00,78,89.12,23,1047.93
10862,236,40,2024-06-27 13:20:00,101,85.79,13,1517.41
10863,463,23,2024-07-25 12:07:00,89,92.88,12,1493.48
10864,535,5,2024-09-02 12:42:00,90,113.34,10,1436.52
10865,9,31,2024-08-17 19:16:00,84,57.68,10,490.19
10866,267,24,2025-03-30 16:41:00,58,54.44,15,452.44
10867,163,27,2025-01-28 18:45:00,76,78.19,14,1396.42
10868,309,46,2024-08-10 13:44:00,69,48.21,15,490.42
10869,279,14,2024-04-15 15:38:00,72,49.43,0,782.33
10870,1633,11,2024-11-20 15:04:00,95,87.23,6,1460.68
10871,1861,14,2024-03-15 13:37:00,15,10.25,15,176.49
10872,391,27,2024-05-05 15:24:00,116,88.26,9,847.94
10873,1106,48,2024-07-23 01:02:00,32,22.13,3,379.89
10874,1398,20,2025-02-26 02:25:00,92,78.76,8,1400.84
10875,934,40,2025-04-26 13:55:00,76,82.37,8,1108.11
10876,494,9,2024-04-10 20:05:00,67,99.06,26,1621.13
10877,1447,20,2024-12-15 16:30:00,102,85.37,11,805.21
10878,27,50,2024-04-16 03:19:00,69,64.63,9,955.14
10879,1990,48,2024-09-24 00:50:00,58,39.25,15,433.47
10880,503,33,2024-05-02 23:25:00,110,108.03,9,1391.55
10881,1053,14,2025-04-09 09:17:00,88,101.26,11,1197.47
10882,603,30,2024-03-20 11:23:00,41,61.35,13,684.65
10883,1472,44,2024-07-07 10:25:00,10,13.64,5,134.97
10884,1061,38,2025-01-11 04:20:00,23,22.48,3,374.74
10885,1442,41,2025-02-20 00:26:00,79,116.95,7,1055.86
10886,1667,41,2024-04-03 19:08:00,77,69.94,25,738.25
10887,176,13,2025-04-03 10:39:00,14,14.7,1,244.18
10888,953,6,2024-07-01 02:20:00,30,41.24,12,404.91
10889,1778,32,2025-04-12 01:00:00,74,75.65,2,752.08
10890,358,40,2024-10-26 02:06:00,117,81.75,3,1289.88
10891,1806,45,2024-04-01 20:50:00,68,77.88,29,670.77
10892,1326,33,2024-03-12 15:14:00,45,57.82,12,667.62
10893,1274,36,2024-10-25 17:47:00,103,139.76,5,2057.31
10894,1122,23,2024-09-25 05:17:00,107,154.65,10,2641.4
10895,30,13,2024-11-16 03:27:00,111,90.25,1,1158.85
10896,1475,16,2024-04-16 11:38:00,105,118.5,10,1486.17
10897,1282,23,2024-02-07 04:55:00,101,127.42,11,2069.3
10898,1013,27,2024-11-24 18:56:00,76,66.8,19,1129.86
10899,1127,10,2024-12-10 08:54:00,21,28.48,8,472.5
10900,34,43,2024-08-16 02:53:00,92,58.44,11,712.33
10901,455,38,2024-02-20 16:47:00,15,17.53,15,201.25
10902,1283,32,2025-05-07 12:41:00,45,38.65,6,565.46
10903,300,37,2025-02-14 06:12:00,14,16.78,15,272.75
10904,333,13,2024-03-17 17:38:00,41,27.89,1,309.74
10905,1564,36,2024-10-04 01:26:00,82,71.22,1,859.84
10906,413,30,2024-03-11 02:57:00,94,74.27,13,1160.51
10907,1476,46,2024-03-01 23:23:00,87,65.78,5,645.4
10908,1206,28,2024-05-05 16:10:00,56,74.51,14,667.02
10909,1231,39,2024-02-10 14:56:00,50,46.53,9,751.47
10910,497,14,2024-01-17 16:06:00,57,68.89,2,997.91
10911,64,3,2024-02-11 01:59:00,105,94.45,3,857.29
10912,1635,17,2025-02-16 08:50:00,38,33.03,4,347.15
10913,1358,18,2024-02-04 10:47:00,59,41.95,11,697.43
10914,1689,25,2024-07-11 06:36:00,12,11.96,14,135.9
10915,643,44,2024-08-02 03:53:00,115,158.62,2,2601.33
10916,1601,12,2024-11-06 09:41:00,90,111.77,0,1225.23
10917,87,5,2024-03-14 15:08:00,120,105.03,3,1484.48
10918,1918,50,2025-03-06 15:22:00,13,9.58,14,95.61
10919,1134,5,2024-08-15 08:22:00,48,55.44,11,672.69
10920,1956,30,2024-07-01 14:30:00,67,80.36,6,777.89
10921,1308,48,2025-03-20 16:47:00,59,59.45,6,597.52
10922,910,10,2024-07-13 10:57:00,65,79.01,6,988.93
10923,1768,4,2024-02-01 09:20:00,18,23.82,11,275.48
10924,1972,40,2024-02-02 10:04:00,70,101.66,4,1260.27
10925,449,45,2025-02-14 10:03:00,33,23.18,5,208.56
10926,276,6,2024-11-11 19:33:00,86,118.03,18,1203.65
10927,1713,29,2024-03-11 04:16:00,26,27.55,6,493.52
10928,527,48,2025-02-16 04:39:00,97,63.18,14,581.71
10929,298,47,2024-05-02 00:10:00,109,98.59,0,1709.68
10930,1642,31,2025-05-14 04:14:00,113,82.78,8,885.01
10931,528,18,2024-01-31 10:06:00,35,41.86,14,699.14
10932,1296,35,2024-10-02 14:03:00,55,49.71,0,420.26
10933,959,48,2024-04-02 10:48:00,29,38.73,8,428.49
10934,471,4,2025-05-01 18:44:00,82,87.5,20,1395.95
10935,404,47,2024-03-12 02:22:00,36,50.99,5,672.04
10936,1779,12,2025-02-01 06:15:00,29,37.81,2,493.55
10937,1459,7,2025-04-29 12:10:00,60,70.49,11,1264.81
10938,112,38,2024-09-20 01:29:00,76,75.78,2,1324.17
10939,458,42,2025-02-10 17:19:00,72,84.31,1,933.41
10940,373,11,2024-09-06 08:56:00,89,69.17,1,1130.9
10941,1410,15,2024-09-19 21:10:00,111,152.37,11,2566.19
10942,464,25,2024-11-29 07:05:00,54,78.72,14,1135.13
10943,483,30,2025-04-30 01:14:00,81,100.66,10,1259.1
10944,264,42,2025-05-12 13:00:00,108,84.64,6,1365.94
10945,1761,50,2024-01-14 13:12:00,54,60.48,0,957.84
10946,898,41,2025-03-15 00:08:00,38,48.43,14,759.48
10947,93,34,2024-02-20 00:20:00,41,36.79,3,454.09
10948,1968,12,2024-03-06 18:26:00,55,39.53,20,357.34
10949,225,37,2024-09-27 23:26:00,49,61.8,15,546.06
10950,468,18,2024-02-13 16:06:00,30,34.19,12,533.02
10951,1965,26,2025-04-02 01:24:00,33,29.46,6,528.66
10952,1632,47,2024-02-06 06:42:00,76,52.15,8,685.25
10953,1077,25,2024-09-12 15:29:00,19,12.67,1,187.57
10954,497,13,2024-11-30 23:48:00,30,18.29,14,261.04
10955,370,24,2025-03-11 15:13:00,21,19.9,11,244.74
10956,1799,10,2024-10-10 10:36:00,94,115.25,12,2068.02
10957,142,23,2024-10-05 20:09:00,110,68.64,15,560.68
10958,23,16,2025-02-14 13:27:00,69,90.75,1,1301.53
10959,371,31,2024-04-27 07:31:00,68,77.24,14,1219.11
10960,1914,41,2025-04-05 19:49:00,105,82.31,32,1388.88
10961,1785,40,2025-01-04 06:25:00,51,52.29,10,686.41
10962,1068,22,2024-10-03 15:44:00,39,46.39,11,591.99
10963,1797,20,2024-04-27 07:34:00,112,114.36,4,2012.35
10964,389,17,2025-01-21 03:48:00,42,30.76,6,547.63
10965,1182,40,2024-12-08 03:05:00,83,103.16,13,1017.61
10966,232,7,2025-03-17 07:31:00,56,64.04,9,832.88
10967,926,48,2024-03-30 01:24:00,73,83.67,14,1221.29
10968,409,36,2024-05-24 04:32:00,108,72.69,5,870.17
10969,1403,38,2024-11-27 11:43:00,46,51.65,0,444.53
10970,1519,2,2025-04-04 07:58:00,77,108.57,3,1063.41
10971,1963,37,2024-03-10 08:40:00,47,45.27,6,452.35
10972,348,37,2024-08-16 07:53:00,83,109.13,10,1512.98
10973,1287,45,2024-03-19 15:47:00,49,31.46,6,323.22
10974,1243,11,2025-02-01 02:14:00,29,31.16,1,377.11
10975,1523,35,2024-05-13 01:03:00,106,93.99,10,1113.85
10976,1170,15,2024-07-06 03:52:00,40,59.18,7,833.47
10977,628,37,2024-03-12 23:02:00,99,146.93,6,2449.03
10978,386,42,2024-01-26 06:50:00,49,35.99,10,540.33
10979,194,36,2024-12-04 23:10:00,115,98.97,4,1157.73
10980,1782,25,2024-06-22 00:45:00,83,71.1,9,859.88
10981,1366,19,2025-02-10 11:23:00,63,71.43,0,724.35
10982,400,26,2025-03-11 11:17:00,50,41.03,10,524.37
10983,504,20,2024-08-27 18:30:00,57,55.69,25,531.71
10984,417,13,2024-03-19 18:39:00,86,125.88,13,1356.77
10985,493,12,2024-01-31 20:27:00,25,32.88,19,302.59
10986,1603,30,2025-01-03 00:17:00,107,84.73,13,1324.11
10987,53,36,2024-05-24 06:12:00,108,109.72,4,1152.57
10988,220,42,2025-02-16 14:19:00,85,54.35,14,733.76
10989,992,27,2024-11-07 17:06:00,71,86.51,3,1260.29
10990,589,10,2024-01-28 20:46:00,105,139.39,26,2501.83
10991,960,21,2024-12-15 02:42:00,68,90.21,15,1164.42
10992,628,9,2024-07-06 03:02:00,99,109.22,13,1244.56
10993,1031,35,2024-09-04 17:28:00,19,12.55,12,210.52
10994,1677,31,2024-05-13 21:31:00,119,176.24,10,2883.16
10995,1809,6,2024-07-15 04:42:00,110,112.27,15,946.13
10996,1526,25,2025-03-14 18:39:00,86,107.64,32,951.54
10997,1608,19,2024-01-31 07:50:00,29,31.78,4,534.68
10998,307,19,2024-08-20 10:15:00,111,107.19,13,1716.55
10999,1148,44,2025-05-04 00:10:00,81,117.18,9,1417.4
11000,1420,19,2025-02-19 11:20:00,44,41.1,2,683.35
11001,1654,47,2024-09-06 10:20:00,109,122.5,6,2189.39
11002,1364,34,2024-03-18 02:22:00,66,40.55,11,583.38
11003,628,25,2025-04-05 04:45:00,87,79.99,12,991.32
11004,440,1,2024-09-16 10:20:00,45,53.18,9,542.59
11005,843,50,2025-01-21 09:17:00,84,67.49,9,1204.69
11006,1616,31,2024-10-23 00:44:00,81,85.42,15,1318.27
11007,1907,46,2024-08-07 17:35:00,109,85.33,8,1399.45
11008,202,28,2024-10-24 15:07:00,105,97.56,12,1507.37
11009,1711,10,2025-04-01 17:37:00,48,52.85,12,822.8
11010,1469,14,2024-06-21 23:56:00,97,65.93,13,620.54
11011,829,17,2024-08-27 15:52:00,81,117.11,1,1609.55
11012,421,46,2025-03-01 13:51:00,68,64.19,3,806.98
11013,357,4,2024-11-18 20:01:00,31,24.93,17,353.42
11014,1238,3,2024-03-23 01:01:00,21,27.65,8,308.66
11015,160,49,2024-08-09 04:18:00,48,65.43,9,523.51
11016,1635,2,2024-11-12 01:14:00,69,49.34,4,544.34
11017,331,20,2024-03-17 09:14:00,16,14.67,13,255.93
11018,1349,2,2024-06-12 20:34:00,17,18.79,22,324.83
11019,60,26,2024-08-26 18:38:00,32,38.83,28,463.15
11020,1187,22,2025-04-20 10:21:00,58,48.02,5,453.78
11021,3,43,2024-09-29 03:59:00,67,88.94,14,1336.58
11022,1976,8,2025-02-25 21:51:00,21,30.56,0,398.91
11023,1719,18,2025-05-11 14:38:00,103,145.84,1,1684.45
11024,764,34,2024-05-24 16:58:00,76,80.3,11,1049.18
11025,1792,45,2024-02-05 05:49:00,105,68.41,5,1198.58
11026,336,21,2025-02-17 16:57:00,25,29.49,8,267.18
11027,1054,37,2024-06-23 01:49:00,61,55.81,14,996.36
11028,1783,7,2024-04-27 05:34:00,53,36.02,11,338.0
11029,954,17,2024-11-16 04:33:00,60,58.2,14,533.52
11030,1236,3,2024-03-29 06:12:00,118,164.66,12,2240.16
11031,1131,45,2024-08-16 16:46:00,110,72.13,14,595.01
11032,1305,38,2024-06-07 15:10:00,16,14.54,4,202.62
11033,1501,32,2024-08-25 11:41:00,14,15.19,7,247.21
11034,295,32,2024-08-22 22:25:00,85,111.55,8,1780.29
11035,386,8,2024-02-25 05:18:00,90,57.74,12,929.6
11036,1375,1,2024-11-30 08:15:00,61,59.44,10,768.94
11037,582,8,2024-02-23 16:23:00,39,34.86,8,322.68
11038,149,26,2025-03-23 08:11:00,98,126.85,13,1322.58
11039,627,26,2024-12-15 23:05:00,106,64.52,14,722.24
11040,1160,34,2024-07-20 00:28:00,78,101.76,13,1765.54
11041,1112,6,2024-03-26 09:02:00,51,52.63,4,878.52
11042,1129,9,2024-12-19 21:45:00,44,46.55,15,739.61
11043,179,26,2024-01-27 12:45:00,18,24.81,9,209.97
11044,1991,43,2024-04-18 10:05:00,85,103.26,14,1055.14
11045,2,40,2024-08-30 09:26:00,111,165.62,4,1786.58
11046,476,20,2024-10-04 06:57:00,94,63.63,9,744.92
11047,2000,26,2024-06-07 10:14:00,37,32.17,10,388.49
11048,312,18,2024-01-07 03:14:00,76,111.39,10,1559.44
11049,1910,36,2025-05-04 13:58:00,120,158.31,13,2101.99
11050,1832,19,2024-09-23 00:44:00,74,93.41,11,1595.08
11051,281,10,2024-10-05 05:19:00,75,77.45,6,729.74
11052,845,11,2025-04-27 20:39:00,74,87.27,30,1218.42
11053,678,42,2024-06-17 02:06:00,107,90.78,1,1067.75
11054,1486,18,2025-01-20 01:00:00,107,129.62,12,1651.25
11055,584,30,2024-12-23 03:36:00,88,58.38,4,487.56
11056,1360,7,2024-02-04 03:54:00,65,79.15,4,1289.29
11057,383,45,2024-01-25 23:22:00,57,72.11,8,660.45
11058,1217,46,2024-10-25 20:00:00,93,114.57,24,1583.36
11059,1343,44,2024-12-12 14:00:00,104,132.13,15,2041.31
11060,1657,50,2024-01-20 09:39:00,28,21.17,0,349.91
11061,1906,22,2024-07-30 02:42:00,30,20.71,15,309.42
11062,1875,11,2024-07-04 08:31:00,95,62.22,6,724.33
11063,1855,38,2025-02-13 09:17:00,68,48.61,11,436.74
11064,270,45,2025-05-04 03:54:00,26,16.08,13,229.57
11065,741,45,2025-03-25 10:00:00,84,93.44,15,783.47
11066,1263,20,2024-04-18 00:23:00,90,130.64,9,1626.68
11067,821,14,2025-03-29 08:16:00,25,22.17,7,388.24
11068,1639,7,2025-02-18 22:09:00,102,152.86,1,1532.17
11069,1900,2,2024-03-04 05:30:00,92,125.07,5,1573.52
11070,1225,7,2024-09-08 13:02:00,31,44.19,8,357.61
11071,1411,26,2024-04-30 22:20:00,108,105.88,14,1472.62
11072,1617,24,2024-06-23 05:36:00,85,58.22,1,942.6
11073,280,39,2024-02-04 13:38:00,65,67.12,1,893.82
11074,291,15,2024-10-04 14:35:00,26,35.32,0,476.0
11075,1391,19,2024-01-17 01:05:00,118,120.6,9,1505.39
11076,588,3,2024-01-07 07:55:00,93,102.72,12,871.66
11077,54,13,2024-03-13 13:05:00,120,92.22,8,917.23
11078,1935,29,2025-05-09 09:53:00,82,118.12,11,1440.72
11079,1055,37,2024-08-09 16:10:00,71,97.66,8,1252.64
11080,909,9,2025-03-14 09:27:00,33,48.95,15,677.78
11081,1158,28,2024-09-26 13:08:00,119,77.73,10,646.11
11082,991,9,2024-09-18 04:14:00,59,35.82,7,643.55
11083,1958,11,2024-04-07 06:37:00,20,22.7,13,213.02
11084,1986,42,2024-12-15 15:45:00,71,92.48,0,867.35
11085,1015,17,2025-05-12 17:49:00,112,126.2,5,1689.73
11086,382,16,2025-01-29 03:50:00,34,22.82,14,382.45
11087,1252,45,2025-02-10 03:08:00,40,26.24,11,397.63
11088,1765,13,2024-04-11 11:06:00,67,93.65,9,1295.75
11089,1425,19,2025-03-01 12:34:00,49,57.14,15,516.93
11090,1236,19,2024-08-21 03:19:00,39,46.54,11,414.64
11091,1741,27,2024-02-29 20:59:00,72,54.12,10,603.97
11092,1182,17,2024-08-22 14:09:00,91,70.45,2,723.1
11093,1941,46,2025-01-30 06:24:00,22,18.81,6,204.98
11094,651,28,2025-04-08 09:34:00,104,147.26,15,1290.86
11095,1965,6,2024-06-23 06:37:00,57,70.95,7,1065.07
11096,1978,14,2024-04-16 08:57:00,18,16.97,9,281.17
11097,792,11,2024-10-25 01:40:00,71,44.75,10,738.69
11098,157,49,2024-05-22 04:30:00,50,46.38,5,558.63
11099,751,17,2024-01-28 10:31:00,112,70.12,7,849.07
11100,350,17,2024-11-03 07:58:00,79,92.05,8,1382.22
11101,1792,22,2024-08-24 02:23:00,84,82.49,13,1228.8
11102,1233,6,2025-02-28 09:37:00,80,57.51,1,610.39
11103,164,26,2024-02-24 15:04:00,37,28.29,3,484.6
11104,1629,32,2024-02-25 02:34:00,50,47.52,0,579.42
11105,1942,4,2024-07-27 21:53:00,99,98.15,2,976.31
11106,371,8,2025-02-15 04:55:00,84,92.46,14,1613.12
11107,856,41,2024-07-13 16:15:00,51,35.29,12,310.39
11108,1490,49,2025-03-10 06:18:00,114,159.8,3,1403.08
11109,280,26,2024-04-14 06:38:00,107,82.69,1,1471.91
11110,1852,42,2024-06-26 16:41:00,28,20.63,7,342.13
11111,9,1,2024-10-22 08:24:00,38,33.15,2,448.67
11112,1934,38,2024-07-02 10:37:00,93,111.32,2,1884.46
11113,1390,49,2024-10-09 21:37:00,91,61.22,1,914.11
11114,1135,39,2024-11-15 04:04:00,31,42.09,6,649.66
11115,26,36,2024-12-26 05:43:00,68,54.13,13,875.33
11116,411,42,2024-07-14 10:26:00,70,82.09,12,1139.04
11117,723,50,2024-05-11 05:02:00,85,122.21,10,1654.81
11118,315,11,2024-08-18 20:56:00,50,30.34,29,329.9
11119,1977,21,2025-02-11 23:56:00,58,58.29,3,873.04
11120,1586,10,2024-12-09 19:54:00,117,136.0,45,1772.52
11121,1640,46,2025-01-30 11:56:00,79,69.04,2,832.22
11122,1629,23,2024-09-24 09:37:00,18,25.17,9,229.86
11123,1079,25,2024-01-10 11:11:00,55,74.71,7,1078.04
11124,563,39,2024-10-16 23:32:00,109,98.59,6,829.03
11125,424,33,2024-11-15 04:16:00,44,58.69,1,474.42
11126,1704,5,2025-04-22 10:55:00,103,85.54,5,754.27
11127,1145,20,2024-04-11 22:53:00,30,23.69,0,301.15
11128,1811,33,2024-08-25 09:54:00,100,131.43,6,1402.44
11129,1358,41,2024-01-04 03:03:00,116,139.41,14,2020.51
11130,1166,41,2025-03-03 01:09:00,104,122.6,15,1213.97
11131,1352,24,2024-10-24 14:40:00,30,32.6,1,359.3
11132,808,27,2024-08-15 09:26:00,114,98.66,7,921.85
11133,223,25,2024-06-08 18:39:00,75,77.62,21,1004.25
11134,1899,2,2025-04-01 02:44:00,75,86.61,5,1394.44
11135,1783,39,2025-02-20 16:59:00,117,142.28,14,1939.18
11136,1056,4,2024-07-24 13:26:00,55,48.8,8,642.35
11137,739,15,2024-01-17 07:18:00,64,70.14,13,1134.6
11138,921,14,2024-01-13 08:53:00,16,22.84,0,194.59
11139,760,14,2024-07-11 11:52:00,92,91.33,6,1185.88
11140,1238,12,2024-07-30 16:49:00,118,123.06,2,2214.13
11141,1949,9,2025-01-28 16:49:00,79,66.55,3,739.7
11142,754,15,2024-11-28 07:26:00,12,17.04,13,238.98
11143,1472,36,2024-09-18 15:30:00,50,73.7,15,981.36
11144,1000,13,2025-04-25 11:37:00,118,99.52,9,1205.31
11145,496,18,2024-03-30 16:42:00,57,81.8,11,1039.93
11146,1601,50,2024-08-06 04:03:00,64,89.85,10,857.2
11147,464,22,2024-12-31 19:41:00,58,51.68,19,687.35
11148,1044,3,2025-01-26 01:05:00,73,90.3,12,1577.02
11149,807,28,2024-11-18 15:45:00,119,84.74,13,1247.08
11150,409,2,2024-11-20 23:28:00,104,96.58,4,1102.51
11151,922,40,2024-08-22 14:41:00,59,55.61,1,875.01
11152,1631,49,2025-04-04 00:10:00,67,52.73,3,547.93
11153,283,49,2024-08-02 10:04:00,27,39.75,10,540.98
11154,962,40,2024-10-23 04:56:00,57,81.13,7,863.17
11155,1289,4,2024-04-02 22:05:00,25,28.54,1,342.6
11156,431,28,2024-11-15 14:29:00,104,116.5,8,1913.76
11157,1352,30,2024-05-26 19:10:00,95,124.29,12,2078.31
11158,80,14,2024-02-22 17:48:00,32,33.1,7,389.72
11159,1548,43,2024-12-08 05:06:00,87,110.14,13,1674.11
11160,982,46,2025-01-13 14:05:00,110,68.94,12,823.49
11161,1180,49,2025-03-18 08:28:00,87,71.57,1,663.92
11162,404,38,2024-03-12 14:53:00,79,54.7,15,724.4
11163,1637,23,2024-12-10 05:30:00,106,112.65,0,1619.82
11164,63,41,2024-01-13 09:22:00,22,16.59,14,266.45
11165,1383,39,2024-02-22 23:26:00,104,151.74,2,1803.17
11166,505,31,2025-04-24 01:06:00,74,89.59,3,804.19
11167,1446,29,2024-04-13 11:22:00,120,90.34,15,1187.21
11168,753,46,2024-03-02 04:28:00,103,127.09,0,1487.34
11169,1350,45,2024-04-21 21:32:00,99,107.11,9,1669.3
11170,1388,35,2024-08-16 21:29:00,79,93.66,8,851.63
11171,1545,25,2024-08-31 18:28:00,97,121.02,43,994.71
11172,890,36,2024-06-01 14:26:00,26,23.55,12,294.39
11173,1540,50,2024-05-07 06:19:00,59,81.11,2,1210.77
11174,1048,37,2024-02-19 15:30:00,20,13.0,5,111.86
11175,995,35,2024-08-10 08:07:00,25,27.21,9,340.87
11176,965,5,2024-08-22 18:36:00,35,37.59,35,494.52
11177,1095,32,2025-05-08 17:26:00,106,87.23,5,933.35
11178,1222,35,2024-08-15 02:40:00,62,66.99,11,580.5
11179,1927,15,2024-02-13 05:31:00,91,110.3,6,970.08
11180,1709,9,2025-02-11 17:05:00,55,63.07,0,680.34
11181,393,26,2024-11-23 03:47:00,27,30.62,3,462.61
11182,1424,8,2024-12-13 12:13:00,87,129.28,9,1474.26
11183,1391,11,2025-02-13 17:21:00,99,105.53,2,1048.66
11184,10,33,2025-04-28 19:33:00,118,79.6,41,1131.32
11185,1696,7,2025-02-05 03:54:00,99,88.48,14,834.69
11186,540,34,2025-01-14 06:18:00,40,58.36,1,959.47
11187,1288,27,2024-08-28 09:04:00,60,86.56,3,801.71
11188,1216,34,2024-10-07 19:06:00,37,45.75,41,646.07
11189,1088,35,2024-09-03 16:39:00,87,90.98,5,1444.23
11190,403,32,2024-03-05 09:44:00,91,133.36,6,1645.89
11191,956,22,2024-03-05 06:46:00,102,94.91,13,988.77
11192,957,7,2024-01-09 21:40:00,98,141.16,14,1398.62
11193,1685,22,2025-01-13 13:04:00,110,85.17,0,1134.67
11194,289,19,2024-09-11 02:36:00,57,77.43,11,1369.27
11195,92,48,2025-05-08 14:28:00,108,77.42,3,1017.11
11196,218,25,2024-12-05 06:18:00,50,69.02,15,1116.73
11197,1692,33,2024-05-15 16:14:00,82,91.06,15,992.56
11198,442,24,2024-04-29 03:51:00,101,72.44,8,874.63
11199,1227,11,2025-04-16 23:36:00,72,99.88,7,1241.38
11200,102,5,2024-03-08 08:31:00,25,35.79,2,303.35
11201,460,33,2024-05-03 20:52:00,37,29.55,15,282.77
11202,1986,29,2025-04-08 19:29:00,92,76.21,26,868.45
11203,995,41,2025-05-07 13:42:00,87,84.51,12,1255.08
11204,1342,20,2024-03-17 16:11:00,35,36.38,12,370.7
11205,1048,35,2025-01-13 07:05:00,38,24.07,13,293.92
11206,211,10,2024-11-20 06:44:00,72,77.66,8,1302.54
11207,1703,15,2024-04-12 17:12:00,107,133.3,8,2179.26
11208,730,43,2024-06-08 22:53:00,79,58.15,7,832.75
11209,741,17,2024-10-08 21:41:00,22,21.41,3,230.72
11210,1063,31,2025-03-03 22:06:00,13,13.83,5,211.36
11211,888,33,2025-04-26 20:09:00,89,63.6,32,888.63
11212,1203,18,2024-08-28 04:06:00,53,72.43,11,851.86
11213,289,45,2024-06-21 04:23:00,120,127.04,11,1839.25
11214,1046,9,2025-04-01 02:58:00,28,33.36,1,314.68
11215,436,33,2024-02-28 08:01:00,110,131.8,8,1869.71
11216,1527,4,2024-11-01 17:29:00,40,27.1,6,246.01
11217,1601,10,2024-12-09 10:26:00,109,161.47,0,2240.4
11218,493,42,2025-02-06 08:32:00,87,70.73,10,973.27
11219,599,24,2024-11-17 22:42:00,54,75.77,0,666.86
11220,1471,50,2024-12-05 14:10:00,70,74.11,11,749.89
11221,1650,37,2025-01-10 16:45:00,103,104.94,10,1567.39
11222,1020,14,2025-03-07 13:17:00,25,20.65,4,275.52
11223,577,43,2024-01-03 03:35:00,109,73.32,2,1068.76
11224,1195,2,2025-03-26 01:11:00,103,124.38,2,1029.62
11225,1164,27,2024-11-30 07:59:00,58,55.29,0,986.5
11226,9,22,2024-02-18 00:38:00,110,128.49,5,1970.85
11227,1638,11,2024-02-23 05:45:00,55,39.61,11,458.91
11228,1526,2,2025-04-14 04:49:00,85,122.92,2,1946.35
11229,687,9,2024-10-10 20:15:00,41,43.75,18,587.32
11230,691,21,2024-12-11 22:50:00,93,138.48,13,1769.42
11231,794,46,2024-04-12 23:03:00,30,43.33,11,596.75
11232,1878,34,2024-12-13 12:00:00,17,11.04,0,119.24
11233,807,34,2024-04-13 11:09:00,100,87.34,3,1261.31
11234,113,30,2024-08-02 11:10:00,99,142.3,6,2192.19
11235,649,31,2024-01-24 23:07:00,84,58.12,10,492.23
11236,281,39,2024-09-23 21:03:00,61,82.38,11,1428.52
11237,202,23,2024-03-09 14:59:00,14,9.59,4,143.51
11238,566,1,2025-01-07 03:09:00,86,123.32,13,1776.02
11239,958,27,2024-05-16 04:17:00,86,106.89,10,1176.29
11240,1008,27,2024-09-09 02:37:00,29,38.55,4,626.83
11241,930,35,2025-01-28 04:10:00,25,31.46,7,467.46
11242,710,35,2024-09-24 00:54:00,73,70.38,4,975.84
11243,266,31,2024-01-01 13:42:00,57,74.02,7,1069.97
11244,1904,26,2024-02-23 04:48:00,99,66.86,4,679.41
11245,947,39,2024-03-19 16:52:00,117,79.68,1,761.12
11246,1560,40,2024-09-19 06:46:00,104,93.85,14,998.27
11247,609,49,2024-05-17 03:41:00,26,35.27,0,380.89
11248,1089,17,2024-04-05 22:33:00,104,141.32,7,1469.3
11249,715,48,2025-01-05 21:52:00,19,12.79,5,163.14
11250,18,11,2024-05-10 20:56:00,99,125.51,33,1211.55
11251,756,37,2025-02-27 05:14:00,47,40.18,7,605.88
11252,438,11,2024-02-16 02:04:00,88,113.09,15,942.08
11253,1787,5,2024-09-10 04:42:00,40,56.27,12,575.47
11254,1307,6,2024-12-31 18:41:00,12,16.98,16,253.74
11255,1423,41,2024-01-22 14:40:00,65,47.93,15,813.11
11256,767,23,2024-08-06 14:07:00,31,24.66,1,216.01
11257,1020,20,2025-04-23 07:02:00,29,42.6,4,760.85
11258,1705,28,2024-07-25 07:10:00,104,103.34,7,1433.59
11259,1957,34,2024-11-14 09:32:00,41,58.81,12,645.25
11260,1981,27,2024-05-18 03:08:00,59,57.78,0,657.33
11261,844,33,2024-11-25 07:49:00,117,162.55,4,1680.96
11262,131,31,2024-08-29 15:55:00,39,38.57,9,598.12
11263,1315,16,2024-04-17 10:44:00,112,93.4,2,1189.21
11264,1478,22,2025-02-26 20:54:00,53,54.46,30,737.99
11265,1331,36,2024-01-25 12:24:00,74,87.99,12,1370.24
11266,1218,25,2024-11-29 17:46:00,55,76.82,0,986.16
11267,797,27,2024-04-17 17:25:00,102,77.21,6,1030.13
11268,552,5,2025-01-29 01:42:00,19,28.45,11,380.06
11269,11,45,2024-05-20 19:57:00,57,55.5,36,473.41
11270,648,28,2024-12-25 05:56:00,34,41.2,0,393.04
11271,1592,21,2024-07-09 15:35:00,21,21.72,9,367.37
11272,396,10,2024-12-07 19:22:00,24,34.41,36,432.39
11273,932,4,2024-11-29 04:13:00,69,63.99,12,1073.25
11274,1889,7,2024-11-13 01:16:00,33,28.06,12,259.92
11275,1553,20,2025-01-17 02:27:00,101,119.75,8,1648.16
11276,565,34,2025-02-11 19:39:00,55,71.68,45,738.51
11277,789,3,2025-02-07 08:56:00,74,57.86,3,759.81
11278,1857,49,2025-02-24 02:53:00,23,25.1,3,275.67
11279,1847,24,2024-01-17 13:06:00,118,130.44,13,1367.77
11280,1350,18,2024-01-12 13:45:00,14,17.66,5,196.08
11281,1366,38,2025-02-10 04:41:00,28,20.94,15,278.98
11282,421,50,2024-01-11 20:50:00,101,113.23,15,1411.16
11283,1171,12,2024-12-14 05:45:00,88,117.43,6,1793.44
11284,1541,44,2024-10-26 17:38:00,120,148.96,1,2302.37
11285,1049,23,2025-02-07 11:54:00,38,28.34,15,419.58
11286,971,3,2024-07-01 11:42:00,113,72.91,6,1253.61
11287,187,35,2024-02-08 21:40:00,86,81.17,9,1376.93
11288,969,28,2024-07-27 21:20:00,100,113.09,10,1889.0
11289,1744,13,2024-05-16 19:41:00,71,65.32,38,686.86
11290,671,5,2024-01-29 03:40:00,96,88.41,8,1007.79
11291,714,17,2024-06-20 13:08:00,37,28.03,2,351.89
11292,201,18,2024-12-20 21:00:00,23,30.96,12,327.34
11293,1469,23,2025-01-04 15:04:00,62,41.44,0,720.21
11294,1230,31,2025-01-29 05:31:00,27,17.54,4,240.72
11295,736,22,2024-12-15 09:27:00,83,105.77,5,1301.93
11296,542,10,2024-05-17 09:33:00,37,53.13,8,478.09
11297,927,24,2025-04-02 15:10:00,37,23.88,12,207.03
11298,286,42,2024-07-29 18:18:00,45,67.01,32,1156.16
11299,742,6,2024-08-26 23:13:00,70,50.46,9,471.32
11300,477,33,2024-03-16 06:34:00,88,65.04,13,742.28
11301,518,28,2024-07-13 22:50:00,119,92.62,13,1389.91
11302,1615,10,2024-09-27 15:17:00,92,67.9,10,1163.72
11303,574,13,2024-09-02 07:47:00,57,63.34,3,1110.54
11304,1090,5,2024-06-28 16:00:00,74,95.64,8,1234.69
11305,1288,25,2024-11-17 05:30:00,38,41.39,4,439.61
11306,1111,27,2024-04-07 10:42:00,119,134.48,5,1226.5
11307,837,37,2025-04-20 07:14:00,73,67.41,6,813.1
11308,169,18,2024-04-14 05:52:00,60,87.72,11,892.9
11309,1753,28,2024-09-19 17:55:00,97,71.66,1,1010.8
11310,1402,6,2024-11-04 08:40:00,110,77.57,5,1287.46
11311,1193,21,2025-01-15 09:29:00,12,9.82,6,176.72
11312,1769,6,2024-10-27 05:25:00,98,86.02,5,1164.0
11313,1174,33,2024-03-23 02:29:00,42,54.72,8,633.69
11314,1318,33,2025-05-10 12:30:00,37,50.51,4,777.9
11315,220,9,2024-02-26 18:25:00,18,19.23,21,296.91
11316,1891,2,2024-01-31 02:00:00,27,30.76,14,279.8
11317,281,9,2025-05-07 22:39:00,11,12.34,9,131.28
11318,1533,32,2024-06-25 00:31:00,56,35.04,8,421.73
11319,147,46,2024-03-09 21:08:00,42,43.82,8,386.08
11320,821,32,2024-04-14 19:40:00,107,130.63,29,1490.18
11321,811,32,2025-03-04 13:05:00,49,73.39,3,1309.98
11322,931,50,2024-08-24 12:58:00,103,114.75,6,1632.72
11323,231,2,2024-11-08 17:49:00,91,112.13,6,1671.47
11324,1247,30,2025-03-21 23:12:00,82,74.08,14,753.85
11325,840,31,2024-06-02 03:12:00,15,18.64,11,149.29
11326,536,30,2024-05-09 23:17:00,27,36.25,8,358.87
11327,467,29,2025-02-09 07:37:00,10,13.23,0,228.0
11328,252,43,2024-04-17 13:44:00,50,64.81,3,925.57
11329,1966,4,2025-05-07 13:06:00,77,60.34,11,639.33
11330,894,38,2024-12-27 08:17:00,69,99.44,0,1265.4
11331,1329,39,2024-12-27 21:49:00,30,40.04,11,563.61
11332,658,8,2024-01-27 14:10:00,52,64.47,11,808.89
11333,16,11,2024-09-09 21:35:00,87,66.58,4,1172.87
11334,631,30,2024-07-13 04:10:00,76,88.09,5,1310.62
11335,357,36,2024-01-08 06:57:00,22,25.98,1,467.28
11336,1457,49,2025-05-09 16:18:00,111,109.2,3,1358.03
11337,1172,12,2024-08-01 10:36:00,85,67.6,14,973.72
11338,1048,35,2025-02-14 16:57:00,50,55.21,4,743.52
11339,1061,36,2024-10-27 12:24:00,68,95.6,4,1612.32
11340,230,34,2025-04-26 10:51:00,13,15.58,2,173.09
11341,511,23,2025-01-21 17:03:00,80,108.82,11,1563.76
11342,1212,5,2024-08-10 06:15:00,92,104.15,5,1501.43
11343,1880,35,2024-03-25 19:33:00,21,14.0,34,136.06
11344,1453,14,2024-09-29 00:44:00,108,74.06,1,1119.55
11345,1478,13,2025-01-04 16:42:00,60,54.1,6,900.03
11346,795,41,2025-01-30 12:25:00,93,83.95,10,1342.85
11347,696,7,2024-10-10 08:45:00,113,81.28,2,899.59
11348,48,1,2024-07-25 12:57:00,62,50.71,4,471.7
11349,1113,8,2025-03-18 13:00:00,107,153.92,4,1550.29
11350,977,46,2024-09-09 18:40:00,84,70.37,13,1228.25
11351,1654,17,2025-04-06 22:53:00,85,78.03,4,726.73
11352,1291,48,2025-02-08 18:35:00,95,90.18,39,1550.65
11353,1332,20,2024-03-22 04:00:00,56,68.13,11,1223.17
11354,1845,11,2025-02-06 15:30:00,109,143.75,3,1483.65
11355,1318,38,2024-12-06 07:43:00,72,105.19,4,1882.15
11356,1158,31,2025-02-09 05:36:00,113,76.81,9,662.32
11357,373,43,2024-03-17 13:53:00,74,46.49,3,506.02
11358,816,48,2025-01-07 07:59:00,51,45.74,0,769.93
11359,1332,28,2025-04-21 13:40:00,118,138.43,9,1171.87
11360,1648,31,2024-10-28 03:15:00,108,128.64,14,2251.83
11361,55,22,2024-08-28 20:07:00,25,32.54,24,527.72
11362,1768,29,2024-11-29 21:10:00,39,34.58,13,594.75
11363,337,41,2024-06-15 14:35:00,37,28.38,2,442.7
11364,1505,25,2024-09-27 09:18:00,54,71.35,12,803.29
11365,320,4,2025-01-30 03:12:00,35,26.4,11,340.46
11366,1644,48,2024-04-14 14:06:00,99,132.61,8,1114.5
11367,1533,3,2025-03-24 15:07:00,32,33.04,15,428.3
11368,237,40,2024-02-15 01:06:00,64,53.0,12,446.52
11369,291,48,2024-12-02 17:08:00,115,80.56,5,1002.93
11370,1853,26,2024-06-29 21:52:00,68,61.36,11,597.0
11371,512,41,2025-01-18 05:31:00,65,67.91,6,1221.72
11372,82,11,2025-05-06 05:36:00,34,45.46,9,790.2
11373,1645,22,2025-01-21 02:43:00,21,14.12,0,249.79
11374,1516,34,2024-07-11 20:55:00,26,33.64,17,415.12
11375,1249,18,2025-01-27 05:01:00,28,28.02,2,367.14
11376,453,12,2024-06-15 05:19:00,48,51.96,11,931.55
11377,1988,7,2024-09-12 05:27:00,80,57.5,2,661.47
11378,1416,45,2024-06-19 13:31:00,93,63.15,4,1091.94
11379,156,12,2024-05-13 16:54:00,49,66.99,3,832.29
11380,1895,42,2024-06-29 09:19:00,107,141.76,12,1227.64
11381,1213,2,2024-09-07 22:34:00,34,22.46,4,233.22
11382,1156,39,2025-03-01 06:43:00,92,108.99,15,1655.8
11383,845,38,2024-11-03 11:06:00,118,132.1,3,2230.56
11384,383,1,2024-06-19 16:20:00,37,47.6,15,505.54
11385,1816,34,2024-07-05 16:03:00,43,46.07,14,551.52
11386,588,10,2025-04-26 06:42:00,34,32.88,6,448.06
11387,1711,39,2024-02-27 09:46:00,69,52.51,0,713.97
11388,89,40,2024-02-10 04:23:00,68,54.75,5,503.23
11389,676,26,2024-08-23 23:50:00,98,79.29,1,967.17
11390,680,9,2024-07-02 13:47:00,70,43.15,11,755.85
11391,604,13,2024-06-09 07:23:00,61,55.24,4,860.16
11392,991,6,2024-06-11 07:47:00,45,56.36,10,721.8
11393,1838,47,2024-05-18 00:18:00,42,47.05,5,602.67
11394,138,3,2024-12-03 16:50:00,35,36.18,1,481.29
11395,1178,44,2025-04-07 17:02:00,43,63.94,13,744.58
11396,939,13,2024-10-07 11:54:00,65,88.3,9,1570.21
11397,1971,34,2024-10-07 01:46:00,13,19.39,4,218.13
11398,496,40,2025-04-11 01:21:00,37,28.42,3,477.8
11399,1460,49,2024-11-01 12:12:00,115,112.04,9,896.78
11400,1462,9,2025-05-05 09:22:00,100,134.08,15,2282.3
11401,1214,20,2024-10-18 08:51:00,50,35.91,7,556.08
11402,160,22,2024-04-27 07:32:00,86,83.43,3,1483.74
11403,67,24,2024-03-29 17:08:00,33,32.86,10,328.81
11404,1644,37,2024-12-19 10:52:00,76,91.37,11,1110.59
11405,1776,20,2025-01-01 21:19:00,91,72.39,6,692.91
11406,1964,12,2025-02-16 10:45:00,12,9.62,9,168.87
11407,927,31,2024-09-19 22:07:00,73,85.13,7,1282.69
11408,258,26,2024-07-07 15:05:00,20,17.32,15,174.61
11409,606,48,2025-03-10 22:31:00,68,69.31,9,659.42
11410,645,38,2024-08-24 19:33:00,110,96.64,34,1521.82
11411,71,5,2024-09-01 03:43:00,24,16.01,8,157.91
11412,118,48,2025-01-19 17:04:00,81,65.29,14,617.26
11413,1818,50,2025-01-27 12:03:00,105,124.97,7,1900.69
11414,819,13,2025-04-24 03:28:00,75,86.44,5,905.72
11415,1726,32,2024-05-04 20:37:00,116,165.26,24,2041.82
11416,1187,28,2024-11-07 03:46:00,66,72.34,1,591.14
11417,1817,30,2025-01-09 08:21:00,35,37.94,7,353.56
11418,1878,6,2024-11-14 15:54:00,49,29.41,4,307.05
11419,826,18,2024-05-06 00:14:00,55,80.06,1,702.89
11420,147,33,2024-02-07 00:10:00,25,29.17,11,250.96
11421,374,21,2025-04-01 07:35:00,18,13.47,0,221.44
11422,586,27,2024-11-16 18:28:00,113,163.72,32,2678.21
11423,1298,22,2024-11-12 07:44:00,60,73.6,12,836.09
11424,1814,23,2024-06-14 05:49:00,18,24.37,0,328.24
11425,1810,21,2025-03-30 18:21:00,47,62.93,43,776.56
11426,611,35,2024-09-04 02:32:00,38,28.99,10,521.74
11427,72,26,2024-12-03 00:59:00,78,96.14,1,1706.11
11428,1197,33,2024-06-08 10:11:00,119,145.92,13,1295.29
11429,1517,46,2025-04-02 17:45:00,116,125.58,5,1334.31
11430,1674,10,2025-04-14 15:17:00,37,31.33,8,290.2
11431,549,14,2025-04-21 10:46:00,12,15.76,3,264.74
11432,1600,50,2025-02-06 09:34:00,54,43.69,12,734.97
11433,406,6,2024-10-08 11:37:00,31,45.86,7,494.89
11434,457,32,2024-03-08 10:49:00,67,66.97,0,828.72
11435,1129,24,2024-07-04 20:45:00,58,38.36,12,513.96
11436,793,16,2024-11-19 09:10:00,101,91.74,15,1513.37
11437,961,29,2024-03-24 12:11:00,53,62.44,15,759.05
11438,271,37,2025-04-14 15:32:00,30,43.24,2,583.81
11439,1833,20,2024-06-14 11:14:00,101,135.89,14,1320.39
11440,1583,10,2024-01-20 01:38:00,31,45.33,13,649.29
11441,1349,39,2024-06-25 04:34:00,10,10.5,1,134.66
11442,1359,30,2024-02-05 16:33:00,21,19.04,10,255.77
11443,1411,46,2024-03-25 04:29:00,85,104.48,11,1251.88
11444,1982,22,2024-07-02 18:05:00,63,56.59,29,561.08
11445,1256,47,2025-04-01 13:29:00,17,19.57,15,201.42
11446,1245,14,2024-11-19 18:06:00,95,64.85,19,1041.1
11447,189,7,2024-01-10 03:35:00,110,69.18,2,715.1
11448,1897,44,2024-09-19 20:41:00,15,13.89,19,113.29
11449,397,22,2024-09-10 04:42:00,44,36.2,8,300.98
11450,1753,46,2024-10-01 18:01:00,32,44.93,38,734.27
11451,912,12,2024-01-31 14:18:00,119,103.49,4,1713.91
11452,1513,9,2024-08-30 13:41:00,43,35.39,2,322.55
11453,370,11,2024-10-14 07:49:00,105,140.93,10,1296.07
11454,1942,35,2024-12-23 22:44:00,27,36.3,14,293.26
11455,1821,17,2024-09-27 10:38:00,54,61.91,15,836.73
11456,977,10,2025-04-14 12:06:00,87,118.74,13,2026.07
11457,1896,31,2025-01-14 02:46:00,61,65.62,14,986.1
11458,1796,23,2024-05-15 23:07:00,20,21.28,15,254.58
11459,1214,29,2024-12-01 08:36:00,117,96.72,14,1493.38
11460,191,26,2025-01-03 03:30:00,112,75.26,0,736.73
11461,1893,29,2024-08-08 20:15:00,107,65.64,13,598.2
11462,1597,41,2025-02-01 11:31:00,38,47.78,9,553.57
11463,385,6,2024-10-28 03:12:00,42,50.24,15,559.45
11464,1934,31,2024-05-28 13:54:00,72,96.98,12,1085.09
11465,1654,20,2024-03-15 01:56:00,87,94.07,12,1121.04
11466,584,23,2025-05-06 01:28:00,14,14.63,3,260.32
11467,129,20,2024-05-17 23:10:00,19,11.84,0,164.42
11468,77,41,2024-02-16 12:30:00,46,61.25,9,618.43
11469,1432,6,2024-11-12 07:20:00,35,37.46,4,410.48
11470,883,34,2024-06-23 17:35:00,84,99.67,2,1476.98
11471,685,50,2024-03-12 08:25:00,33,40.3,14,725.32
11472,84,12,2024-02-04 21:30:00,114,149.05,1,1383.89
11473,1823,13,2024-10-06 22:15:00,96,94.48,15,1487.32
11474,1214,7,2025-03-10 00:38:00,87,125.32,4,2068.95
11475,19,36,2024-11-04 12:36:00,56,59.19,5,986.71
11476,745,5,2024-08-29 22:18:00,89,61.79,11,720.26
11477,1169,11,2024-07-01 06:47:00,48,46.8,10,627.7
11478,1965,43,2024-02-20 03:56:00,85,75.04,7,1143.46
11479,222,16,2024-09-08 14:20:00,40,34.73,8,400.0
11480,1257,50,2024-02-12 04:56:00,55,72.27,7,1093.53
11481,1094,23,2024-10-07 13:43:00,44,58.43,6,579.91
11482,244,18,2025-02-21 11:50:00,107,122.38,6,1684.96
11483,291,46,2024-12-17 01:49:00,90,124.19,15,1070.42
11484,1632,13,2024-11-03 11:53:00,93,78.9,13,826.08
11485,200,25,2024-01-15 19:32:00,49,62.34,26,1117.51
11486,1415,17,2025-04-28 17:12:00,16,20.25,13,174.5
11487,867,21,2024-12-25 11:05:00,28,30.3,4,263.38
11488,1081,18,2024-01-30 15:24:00,61,63.76,1,696.35
11489,1875,1,2024-08-17 17:57:00,32,27.99,6,336.33
11490,1681,8,2025-04-12 12:00:00,104,102.2,6,881.32
11491,1941,12,2024-07-04 17:52:00,40,56.99,12,906.43
11492,1909,10,2024-12-10 09:03:00,59,85.47,6,1315.11
11493,1292,15,2025-02-27 09:46:00,65,95.44,2,866.18
11494,588,40,2025-03-04 11:14:00,77,109.11,12,1375.86
11495,1072,39,2024-08-18 20:26:00,48,41.04,24,364.53
11496,341,21,2024-05-21 15:43:00,57,53.72,0,440.9
11497,1265,15,2024-12-14 15:25:00,31,23.65,3,261.87
11498,1281,5,2024-11-12 17:45:00,23,28.94,4,322.52
11499,1011,35,2025-02-06 10:12:00,66,52.36,7,589.57
11500,1958,12,2025-01-28 00:27:00,71,88.79,4,1450.58
11501,1373,36,2025-02-04 04:58:00,68,73.17,8,889.72
11502,795,50,2024-09-07 12:30:00,20,17.37,7,234.76
11503,630,36,2024-10-06 15:33:00,98,131.41,15,1979.39
11504,1589,13,2024-09-16 02:54:00,29,32.2,12,376.01
11505,1839,32,2025-03-15 13:59:00,94,59.3,4,636.42
11506,195,9,2025-04-03 09:26:00,82,120.37,5,1404.07
11507,1355,25,2025-01-27 17:05:00,65,63.9,0,562.79
11508,547,36,2024-10-27 01:58:00,85,104.53,3,1578.93
11509,49,44,2024-04-04 17:30:00,98,136.51,7,2349.57
11510,330,42,2024-02-01 13:52:00,117,138.5,14,2083.08
11511,178,20,2024-08-06 22:30:00,90,122.56,6,1917.12
11512,272,33,2024-07-29 19:51:00,20,24.36,19,224.64
11513,1901,32,2025-01-10 10:54:00,31,46.41,5,693.37
11514,620,15,2025-01-01 17:27:00,34,46.26,5,767.55
11515,293,11,2025-05-05 02:30:00,17,20.44,1,253.89
11516,683,30,2025-01-09 17:00:00,44,45.52,8,393.5
11517,1590,25,2024-05-16 04:35:00,120,128.4,14,1093.47
11518,1514,16,2024-03-14 13:49:00,75,97.03,12,1178.46
11519,1223,4,2024-02-26 13:33:00,99,93.81,3,1260.54
11520,1446,18,2024-08-27 12:53:00,27,19.49,2,206.62
11521,1816,30,2024-12-10 02:06:00,104,146.14,11,1357.95
11522,1615,26,2024-06-27 06:12:00,13,12.39,14,206.21
11523,1580,15,2024-11-13 23:20:00,46,38.23,10,441.56
11524,867,34,2024-12-09 04:56:00,51,69.69,8,667.17
11525,1374,32,2025-03-20 03:56:00,81,104.12,10,914.02
11526,1092,43,2024-08-27 15:02:00,12,7.89,8,106.16
11527,733,28,2024-05-30 20:33:00,98,61.98,33,746.06
11528,1512,28,2024-02-29 02:22:00,63,53.94,1,602.44
11529,1009,14,2024-06-08 05:10:00,98,74.7,6,1339.24
11530,802,8,2025-05-15 21:33:00,25,36.7,7,338.26
11531,1851,15,2024-01-27 19:52:00,109,163.32,21,1388.5
11532,821,33,2024-02-09 17:13:00,64,73.15,4,768.26
11533,1278,44,2024-08-23 03:42:00,41,52.76,6,718.3
11534,1527,32,2024-12-19 04:16:00,90,57.72,1,917.01
11535,612,16,2024-03-20 08:00:00,53,33.54,8,461.34
11536,204,16,2025-02-08 17:03:00,105,147.03,2,2120.21
11537,163,15,2024-08-30 18:29:00,97,145.31,19,2528.31
11538,1972,41,2025-02-11 02:57:00,67,55.55,4,813.33
11539,848,21,2024-05-09 17:34:00,53,37.19,1,337.23
11540,1807,9,2024-02-02 20:48:00,24,31.56,22,337.36
11541,84,29,2024-09-15 02:16:00,32,31.57,12,330.67
11542,1892,32,2024-06-09 18:12:00,43,45.65,30,531.69
11543,491,21,2024-12-05 10:56:00,89,124.99,14,1789.64
11544,1495,38,2024-10-26 13:15:00,30,42.18,13,517.38
11545,616,12,2024-10-19 14:42:00,43,50.18,4,542.27
11546,184,47,2024-08-15 11:13:00,105,153.13,13,2532.02
11547,956,24,2024-04-22 13:08:00,119,84.16,0,792.52
11548,1871,32,2024-04-26 23:21:00,80,100.98,1,1252.99
11549,1420,38,2024-01-31 04:18:00,72,99.01,13,1264.55
11550,1736,41,2025-02-05 00:58:00,99,101.2,15,846.35
11551,1593,5,2024-05-14 15:58:00,114,95.01,11,1567.95
11552,1727,3,2025-04-08 02:41:00,44,55.77,4,560.62
11553,564,43,2024-08-16 19:36:00,38,27.0,27,477.88
11554,1364,45,2024-08-13 10:18:00,34,23.07,1,403.03
11555,1015,36,2024-04-10 12:31:00,118,169.77,0,2513.78
11556,1172,28,2024-09-23 23:47:00,68,75.98,4,1200.55
11557,783,16,2024-12-30 01:34:00,31,27.58,7,399.0
11558,1624,3,2024-01-10 11:17:00,38,24.97,14,372.32
11559,16,18,2024-01-26 08:54:00,82,59.75,5,628.98
11560,1762,43,2025-02-11 13:54:00,65,80.75,0,1274.63
11561,1681,26,2024-05-09 01:24:00,43,40.63,14,539.12
11562,1730,49,2024-12-29 13:26:00,35,37.25,0,374.01
11563,213,13,2025-03-12 15:23:00,77,93.92,1,1184.44
11564,794,29,2024-08-13 21:22:00,79,64.52,3,648.21
11565,1399,41,2024-02-17 04:37:00,72,76.27,10,726.36
11566,876,17,2024-09-25 21:39:00,93,73.99,13,1324.11
11567,1792,46,2024-02-28 06:37:00,55,48.97,7,532.15
11568,666,18,2025-03-27 21:43:00,20,19.24,5,216.33
11569,737,46,2024-10-10 01:50:00,114,120.9,2,2160.42
11570,1015,45,2024-09-15 12:38:00,72,74.11,4,1152.71
11571,1093,30,2025-01-27 07:27:00,13,12.06,2,96.7
11572,411,23,2024-04-18 11:35:00,40,58.06,10,541.93
11573,1028,4,2024-01-27 00:58:00,115,158.3,13,1572.67
11574,1078,3,2025-02-03 01:36:00,78,97.59,12,1018.01
11575,1494,5,2025-04-17 12:24:00,112,164.57,7,2921.05
11576,447,21,2024-01-26 02:02:00,36,38.43,0,460.92
11577,1415,39,2024-06-20 16:48:00,97,99.61,0,921.12
11578,370,20,2024-12-03 08:55:00,25,36.69,5,381.06
11579,1092,12,2024-03-18 05:18:00,69,46.61,10,699.42
11580,653,6,2024-06-21 20:10:00,75,103.65,28,1407.82
11581,1188,23,2024-11-11 16:28:00,103,70.46,13,1010.05
11582,1247,2,2024-03-05 03:14:00,76,74.54,12,1196.2
11583,144,41,2025-03-28 20:06:00,102,148.29,44,1533.71
11584,628,47,2024-11-15 15:49:00,51,37.28,15,656.89
11585,205,10,2024-10-24 21:57:00,11,9.38,9,76.62
11586,1703,12,2024-09-11 09:24:00,23,26.45,3,323.75
11587,638,20,2024-04-29 06:40:00,70,54.72,1,456.02
11588,66,26,2024-03-30 19:38:00,102,134.64,24,1896.73
11589,532,7,2024-01-07 20:57:00,45,63.58,13,756.94
11590,445,8,2024-05-23 14:52:00,60,62.84,0,533.74
11591,1255,7,2024-07-26 09:59:00,58,38.69,2,430.77
11592,1422,23,2024-04-18 01:33:00,89,86.94,14,913.73
11593,499,5,2025-02-15 23:36:00,47,42.73,4,691.21
11594,1412,13,2025-01-06 13:08:00,23,26.38,6,459.59
11595,153,46,2024-07-17 10:17:00,38,40.18,8,369.77
11596,1325,9,2024-08-10 07:10:00,92,119.44,13,1172.69
11597,980,41,2025-05-11 23:26:00,36,30.33,12,491.52
11598,1718,28,2024-04-14 11:54:00,90,111.42,6,1262.02
11599,257,45,2025-03-02 21:52:00,31,31.35,14,332.87
11600,1079,3,2024-09-05 13:25:00,62,87.79,1,1516.3
11601,1576,37,2025-01-20 13:20:00,49,45.05,5,647.25
11602,1282,21,2024-05-16 09:36:00,53,67.01,2,839.63
11603,883,20,2024-03-26 09:48:00,85,69.4,15,721.61
11604,527,35,2025-04-02 17:51:00,70,68.41,0,1138.09
11605,1347,21,2024-11-14 08:53:00,78,105.3,15,1822.24
11606,1565,27,2024-11-01 01:56:00,80,81.04,3,1425.36
11607,184,48,2024-11-10 14:09:00,75,68.29,1,650.2
11608,1643,1,2024-09-23 05:03:00,108,132.12,12,1443.17
11609,1899,2,2025-04-22 04:33:00,76,92.14,6,1114.02
11610,739,32,2024-09-30 13:02:00,102,69.41,0,732.97
11611,1272,14,2025-01-19 19:49:00,78,111.31,15,1616.78
11612,1047,28,2025-04-19 18:26:00,70,63.04,10,692.13
11613,864,18,2024-11-19 22:13:00,100,64.62,15,634.59
11614,97,30,2024-12-05 16:03:00,107,82.24,5,1230.67
11615,1512,15,2024-10-17 17:02:00,84,109.23,10,1120.19
11616,938,20,2024-08-16 22:58:00,59,68.54,0,745.95
11617,1600,46,2024-06-22 02:02:00,101,93.55,6,1203.82
11618,1753,20,2024-11-03 16:27:00,15,9.82,11,164.45
11619,613,9,2024-07-03 02:33:00,75,74.38,1,1194.56
11620,717,23,2024-01-09 15:30:00,75,81.43,7,1123.96
11621,1688,24,2024-12-01 21:01:00,104,132.94,3,1771.71
11622,593,40,2025-01-09 22:49:00,77,108.08,6,1220.79
11623,92,50,2024-03-27 13:49:00,55,40.64,15,557.68
11624,73,21,2024-11-09 14:14:00,10,12.69,14,196.58
11625,999,36,2024-02-26 01:34:00,105,115.01,7,966.38
11626,899,22,2025-05-08 08:06:00,12,7.3,3,88.54
11627,1199,39,2024-07-18 04:04:00,103,136.13,6,1869.64
11628,404,35,2025-04-05 03:25:00,56,37.86,4,541.89
11629,435,10,2024-11-05 08:58:00,30,35.21,4,465.97
11630,1589,20,2025-05-13 00:27:00,47,42.19,7,567.79
11631,738,11,2025-05-07 09:28:00,102,149.55,8,1356.24
11632,951,13,2024-06-19 14:06:00,78,84.96,5,1452.49
11633,760,14,2024-04-30 04:12:00,107,140.13,3,2454.57
11634,713,8,2024-03-21 03:44:00,52,43.81,14,587.68
11635,1244,32,2024-01-22 16:28:00,49,63.73,12,820.83
11636,540,4,2025-03-08 19:00:00,96,90.43,27,919.18
11637,1727,50,2024-07-13 21:40:00,41,55.6,0,743.58
11638,483,12,2024-11-23 02:07:00,25,34.82,0,459.25
11639,383,50,2025-04-07 09:43:00,92,127.22,13,1839.67
11640,1302,7,2024-06-01 02:26:00,37,34.16,11,438.68
11641,1075,18,2025-04-25 02:18:00,54,71.94,14,781.52
11642,496,23,2024-06-25 17:58:00,68,73.17,10,950.22
11643,982,50,2024-02-09 12:51:00,112,148.66,7,1640.22
11644,1723,18,2024-09-12 14:36:00,80,80.19,6,707.65
11645,1551,6,2024-10-20 14:56:00,54,79.52,11,834.37
11646,1939,42,2024-12-31 09:53:00,51,39.79,1,651.22
11647,555,43,2024-09-11 03:13:00,19,15.74,6,272.59
11648,844,37,2024-03-18 13:05:00,82,97.98,5,1669.92
11649,1353,30,2024-11-20 19:56:00,104,155.19,12,1927.31
11650,760,3,2024-05-13 14:21:00,69,86.34,14,953.99
11651,1649,8,2024-05-14 03:31:00,49,68.82,0,617.73
11652,1691,42,2024-12-04 23:43:00,22,26.81,10,375.34
11653,1558,40,2025-03-12 07:04:00,120,131.34,15,2236.35
11654,1421,5,2024-11-01 23:28:00,50,66.72,12,711.73
11655,1617,29,2024-09-29 10:55:00,80,89.21,8,1545.24
11656,1255,30,2025-01-22 12:10:00,120,81.01,0,1064.74
11657,1728,45,2025-02-06 23:31:00,43,47.21,11,846.87
11658,1973,46,2024-06-07 05:02:00,74,92.64,9,1648.37
11659,1669,47,2025-03-18 17:43:00,25,20.27,10,184.16
11660,1241,1,2024-05-23 15:28:00,25,26.5,15,272.06
11661,1069,23,2025-01-16 20:24:00,32,30.1,24,426.27
11662,369,18,2024-02-14 11:05:00,40,53.12,1,469.22
11663,562,39,2024-12-07 21:29:00,23,18.03,13,190.97
11664,263,21,2025-01-14 08:07:00,76,85.94,10,703.05
11665,1795,8,2024-12-13 22:25:00,44,48.28,15,483.67
11666,1223,31,2024-11-22 17:50:00,58,51.21,14,704.21
11667,1923,36,2024-11-26 11:59:00,109,133.79,4,1555.6
11668,1394,30,2025-02-21 09:43:00,67,40.85,8,637.39
11669,674,29,2024-02-16 20:29:00,38,52.37,38,916.34
11670,1300,44,2024-02-04 11:51:00,68,87.37,14,854.68
11671,1384,15,2024-01-02 12:00:00,114,151.52,2,2142.16
11672,36,39,2025-03-24 06:32:00,31,34.75,6,561.77
11673,641,49,2024-12-25 07:10:00,110,163.93,10,2135.68
11674,1857,36,2025-04-09 16:59:00,73,44.78,4,418.04
11675,289,41,2025-04-27 08:51:00,42,55.53,9,501.39
11676,870,50,2024-02-26 21:24:00,58,67.15,8,764.15
11677,640,33,2024-04-16 23:01:00,71,60.15,6,832.34
11678,1712,8,2024-12-19 09:43:00,55,45.86,4,433.86
11679,1045,38,2024-08-29 08:13:00,104,86.46,12,1485.23
11680,1212,28,2024-02-19 02:57:00,107,128.37,3,2070.0
11681,487,40,2024-07-19 01:58:00,80,61.98,4,538.23
11682,877,47,2024-03-20 22:50:00,102,146.53,8,1278.5
11683,1877,25,2024-07-09 12:58:00,70,54.48,13,737.14
11684,25,21,2024-08-11 02:00:00,58,43.41,14,644.74
11685,676,27,2024-04-05 13:38:00,28,22.0,7,336.91
11686,505,5,2024-03-16 09:54:00,63,79.11,12,1295.22
11687,1941,32,2025-01-09 06:52:00,66,73.79,0,1171.45
11688,1363,33,2024-06-04 22:41:00,36,38.23,8,520.48
11689,241,24,2024-12-18 19:24:00,86,115.04,45,1951.48
11690,431,9,2024-03-26 21:04:00,31,26.55,11,285.13
11691,1902,44,2024-03-25 18:36:00,13,9.99,31,101.27
11692,221,20,2024-05-22 07:53:00,76,91.38,11,795.76
11693,659,33,2024-10-30 10:49:00,95,119.9,14,1536.45
11694,1604,15,2025-01-24 09:03:00,117,100.49,13,1754.54
11695,721,4,2024-05-26 13:52:00,93,117.53,7,1544.48
11696,1439,34,2024-04-01 07:10:00,62,60.4,1,814.38
11697,802,13,2024-12-20 02:22:00,30,35.3,3,572.81
11698,906,27,2024-08-20 09:27:00,59,44.37,1,743.61
11699,689,27,2024-12-19 12:03:00,82,68.68,12,969.91
11700,1114,38,2024-07-08 11:03:00,16,13.28,15,188.9
11701,1776,10,2024-07-28 04:23:00,67,72.04,15,869.49
11702,1311,25,2024-11-26 17:09:00,82,79.14,2,1389.09
11703,1840,10,2024-10-05 02:00:00,74,74.35,3,957.63
11704,813,43,2024-10-05 04:56:00,24,35.18,12,571.0
11705,658,33,2024-10-07 12:35:00,12,8.89,13,91.41
11706,969,7,2025-04-17 08:42:00,24,29.99,7,358.39
11707,164,44,2024-09-09 14:27:00,33,46.78,12,376.54
11708,1888,34,2024-04-27 11:50:00,70,102.75,8,1807.81
11709,1582,30,2024-01-09 23:55:00,78,80.6,2,854.12
11710,18,27,2025-03-20 11:35:00,10,8.56,10,139.52
11711,970,22,2024-07-07 10:58:00,32,30.13,13,372.46
11712,522,45,2024-02-04 10:55:00,55,55.65,2,788.76
11713,1710,30,2025-02-26 19:35:00,106,90.26,14,1139.17
11714,1903,43,2025-05-15 06:59:00,76,83.39,2,1298.88
11715,1421,2,2024-05-09 22:02:00,110,67.24,10,806.57
11716,421,44,2025-02-12 20:36:00,48,63.63,31,650.14
11717,1338,11,2025-02-19 02:31:00,117,139.87,8,2309.59
11718,698,6,2024-11-29 12:26:00,118,80.86,15,1323.46
11719,744,37,2024-08-08 06:54:00,20,23.88,13,367.15
11720,412,45,2024-12-02 18:57:00,60,74.87,16,1076.98
11721,1901,32,2024-07-13 08:03:00,34,38.91,7,368.23
11722,1418,9,2024-08-13 22:40:00,57,74.43,9,1131.55
11723,301,7,2025-03-09 08:21:00,46,45.82,2,561.65
11724,1082,38,2025-01-11 12:43:00,55,50.31,1,672.86
11725,366,3,2024-08-17 12:27:00,83,108.84,4,1887.47
11726,914,2,2024-01-06 21:03:00,22,28.85,8,364.01
11727,1576,23,2024-08-18 17:25:00,30,19.7,0,261.85
11728,1691,41,2024-07-28 07:48:00,60,38.02,0,522.21
11729,839,9,2025-04-04 17:27:00,80,96.24,13,818.07
11730,526,18,2024-01-02 23:49:00,119,161.79,15,1860.45
11731,1565,29,2025-03-26 01:27:00,24,35.75,11,320.53
11732,1046,33,2024-11-16 13:11:00,16,14.03,14,184.37
11733,1619,6,2025-02-13 21:51:00,50,53.86,9,465.81
11734,40,35,2024-12-21 17:11:00,59,75.36,4,1156.98
11735,742,29,2024-07-02 21:58:00,102,100.06,1,1244.66
11736,1379,11,2024-04-11 18:47:00,43,37.41,43,556.25
11737,1300,46,2024-05-11 16:30:00,37,31.28,10,513.44
11738,1800,30,2025-05-15 02:29:00,88,108.93,10,1367.01
11739,1500,14,2025-03-13 18:56:00,43,41.37,28,411.92
11740,756,12,2024-01-06 17:41:00,33,30.61,1,441.4
11741,270,38,2024-10-10 04:21:00,21,27.24,5,363.69
11742,1767,26,2024-08-21 23:41:00,117,89.79,14,1274.64
11743,771,26,2025-02-02 08:04:00,114,68.96,1,601.44
11744,1038,15,2024-12-28 08:17:00,89,128.67,1,1879.48
11745,1288,15,2025-03-11 02:01:00,75,59.67,15,987.49
11746,1944,48,2024-09-29 19:55:00,10,9.05,23,117.25
11747,1277,37,2024-12-26 17:20:00,18,20.69,12,370.2
11748,313,35,2024-05-30 09:21:00,46,65.74,12,706.08
11749,1708,40,2024-09-07 14:27:00,79,90.68,1,918.11
11750,1489,15,2025-04-22 22:33:00,48,52.95,10,884.9
11751,39,1,2024-02-20 11:44:00,92,102.29,12,1428.61
11752,425,44,2024-06-29 08:05:00,85,89.75,6,875.09
11753,86,39,2024-10-12 18:38:00,41,40.33,30,561.11
11754,647,11,2024-04-29 12:26:00,32,30.92,8,540.3
11755,919,45,2024-08-19 02:20:00,68,83.35,7,1080.73
11756,95,13,2025-03-09 16:30:00,27,37.33,4,576.45
11757,955,33,2024-09-23 05:38:00,36,43.42,2,695.47
11758,552,20,2024-10-13 14:55:00,102,125.01,9,1584.9
11759,800,39,2024-12-03 07:54:00,28,25.12,15,246.74
11760,101,19,2025-04-03 09:49:00,88,118.47,4,1364.31
11761,307,50,2024-11-28 04:33:00,15,12.09,1,165.35
11762,1135,50,2024-01-01 04:21:00,92,74.67,11,704.8
11763,632,36,2025-02-23 09:28:00,106,127.53,4,1352.75
11764,1191,31,2024-09-04 17:31:00,90,118.51,5,1460.78
11765,734,27,2024-06-10 11:52:00,104,139.34,11,2074.06
11766,1063,18,2024-05-01 00:19:00,47,38.52,9,365.97
11767,858,17,2025-01-20 11:10:00,30,19.07,9,259.48
11768,1963,23,2025-04-09 07:50:00,103,84.67,11,926.57
11769,498,32,2024-10-01 05:53:00,91,89.4,5,1001.57
11770,1330,37,2024-06-02 10:34:00,115,138.09,10,2304.27
11771,182,19,2024-11-05 11:29:00,99,119.31,10,1523.53
11772,806,32,2024-07-23 00:11:00,108,152.61,9,1650.65
11773,1744,5,2024-02-24 09:12:00,32,41.06,10,629.64
11774,556,34,2024-09-20 00:14:00,71,53.09,3,686.0
11775,1137,34,2025-03-08 14:35:00,49,42.5,11,688.42
11776,98,24,2024-07-24 17:47:00,107,77.51,12,1349.62
11777,1930,4,2025-05-15 15:16:00,78,70.1,5,958.12
11778,770,30,2025-01-28 11:21:00,46,33.44,7,551.76
11779,350,20,2024-09-06 23:11:00,116,136.18,0,2028.3
11780,187,30,2024-03-22 15:54:00,56,67.26,4,790.26
11781,1154,15,2024-10-29 09:11:00,53,59.03,5,926.29
11782,1941,29,2024-05-30 03:57:00,98,66.28,3,1081.03
11783,371,7,2024-05-06 18:20:00,119,170.92,16,2051.86
11784,413,29,2024-05-13 21:52:00,87,91.03,5,1501.22
11785,1329,11,2024-01-23 05:06:00,52,43.78,9,406.75
11786,1089,40,2024-11-07 07:41:00,44,65.42,14,740.33
11787,556,14,2024-08-26 08:00:00,26,30.6,0,360.99
11788,260,48,2025-01-07 00:38:00,111,80.7,14,917.35
11789,742,36,2024-11-15 10:46:00,92,128.34,4,2132.7
11790,448,4,2024-05-12 11:43:00,93,137.6,3,2057.74
11791,331,20,2024-07-26 18:27:00,36,37.14,12,512.43
11792,1199,40,2024-07-24 08:51:00,21,15.77,11,187.44
11793,1104,35,2024-12-17 02:38:00,18,12.79,4,176.53
11794,1211,29,2025-02-25 08:55:00,28,27.59,8,252.5
11795,145,50,2024-02-15 14:43:00,27,21.25,8,309.2
11796,801,2,2024-04-29 16:00:00,82,51.32,7,846.03
11797,1014,7,2024-09-24 15:05:00,77,50.06,13,805.57
11798,1650,5,2024-04-25 22:16:00,67,76.78,3,1205.36
11799,1172,3,2024-04-23 22:09:00,105,111.83,15,1766.51
11800,232,31,2025-03-10 02:32:00,50,47.51,12,825.01
11801,965,8,2024-05-20 17:55:00,91,125.31,2,1459.59
11802,1928,46,2024-04-29 05:02:00,99,68.49,15,1013.07
11803,1588,44,2024-07-04 11:32:00,35,48.5,2,823.41
11804,50,28,2024-03-17 02:10:00,75,100.12,3,1214.2
11805,1211,20,2024-01-19 08:36:00,58,47.34,13,536.25
11806,1480,2,2024-10-03 22:53:00,74,99.23,0,999.12
11807,1998,8,2024-10-09 13:00:00,112,128.06,3,1542.1
11808,1885,25,2024-08-09 10:57:00,102,120.07,11,1446.17
11809,292,17,2024-06-16 10:21:00,35,37.3,2,552.76
11810,1262,3,2024-05-16 04:36:00,74,68.55,10,924.75
11811,194,16,2025-03-28 15:55:00,88,91.18,5,1175.88
11812,1715,17,2025-02-14 11:33:00,116,77.99,7,628.83
11813,299,13,2025-01-27 23:55:00,46,42.05,4,540.43
11814,1577,26,2024-12-06 23:27:00,31,37.23,13,594.86
11815,975,35,2024-06-11 11:21:00,107,107.18,13,863.63
11816,1034,31,2024-10-10 19:07:00,67,63.6,10,605.99
11817,800,18,2024-01-18 16:08:00,22,23.29,11,338.47
11818,1095,50,2025-02-10 20:02:00,61,51.41,31,718.22
11819,1652,38,2024-08-07 07:05:00,78,115.07,15,1655.62
11820,1283,34,2025-04-11 15:38:00,77,81.64,5,808.84
11821,712,8,2024-10-28 13:46:00,12,15.73,11,205.43
11822,1856,4,2024-06-19 21:01:00,52,77.22,3,848.85
11823,936,38,2024-11-27 21:06:00,29,22.2,3,251.87
11824,698,14,2024-09-19 01:57:00,84,59.15,11,792.39
11825,1054,18,2024-10-18 01:49:00,26,27.94,3,432.49
11826,527,7,2025-01-06 03:49:00,119,76.37,14,1076.15
11827,1622,43,2024-03-28 18:12:00,96,91.58,20,1025.43
11828,614,3,2025-01-01 09:01:00,105,135.98,6,2218.37
11829,1748,29,2024-04-15 05:24:00,14,15.4,0,201.46
11830,1097,29,2025-04-23 05:49:00,35,37.89,11,455.58
11831,1395,45,2025-04-19 10:25:00,63,58.67,13,909.2
11832,122,9,2024-12-21 21:24:00,37,51.85,12,804.99
11833,689,34,2024-01-21 00:00:00,92,127.01,2,1532.66
11834,1739,23,2024-10-09 21:44:00,49,32.16,13,368.91
11835,1820,42,2025-04-09 03:05:00,65,93.28,6,1325.6
11836,1272,13,2024-02-22 18:29:00,41,59.04,24,500.73
11837,1349,46,2024-12-05 16:25:00,75,86.69,15,1121.01
11838,1419,4,2024-06-02 05:22:00,101,140.78,3,1926.07
11839,701,12,2024-10-26 01:15:00,13,12.68,11,154.83
11840,608,45,2024-07-07 19:31:00,49,65.51,17,728.78
11841,217,34,2024-09-08 06:25:00,56,39.01,11,649.02
11842,1051,23,2025-02-13 09:58:00,40,34.5,5,280.61
11843,1848,46,2025-03-19 03:15:00,47,65.3,4,558.36
11844,575,27,2024-04-21 06:32:00,40,30.51,1,300.03
11845,1290,30,2024-12-15 06:20:00,39,46.43,8,428.53
11846,906,16,2025-01-25 14:53:00,19,19.29,9,223.99
11847,1004,22,2024-10-08 12:41:00,32,43.61,10,555.79
11848,556,13,2024-04-17 03:50:00,24,23.36,14,311.97
11849,818,5,2024-01-30 10:12:00,102,100.32,0,1636.08
11850,1002,19,2024-12-28 06:58:00,40,44.79,1,635.04
11851,957,23,2024-01-25 09:49:00,40,50.2,3,585.35
11852,1163,37,2024-11-15 17:58:00,93,97.69,15,787.43
11853,832,9,2025-04-03 17:04:00,52,59.44,6,931.2
11854,774,33,2024-09-14 23:47:00,99,78.91,3,1160.23
11855,222,47,2025-01-09 13:47:00,10,14.47,8,127.83
11856,1787,25,2024-09-18 02:42:00,102,83.8,15,1235.26
11857,1916,16,2025-02-16 02:07:00,82,106.39,5,1616.45
11858,1903,8,2024-09-14 07:53:00,21,25.76,1,336.94
11859,955,20,2024-07-03 07:22:00,20,21.41,14,289.66
11860,873,14,2024-09-22 10:34:00,46,59.11,14,892.01
11861,1568,44,2024-07-24 14:37:00,54,73.74,6,826.32
11862,707,33,2024-10-13 19:02:00,92,83.17,22,800.47
11863,684,32,2024-06-26 19:30:00,95,83.65,44,1385.45
11864,1692,35,2024-09-05 12:38:00,66,92.53,9,910.07
11865,1652,3,2024-03-23 09:17:00,110,99.11,1,962.71
11866,452,46,2025-04-27 15:49:00,14,17.31,4,302.98
11867,552,2,2024-03-15 08:41:00,24,32.94,15,452.36
11868,991,33,2024-06-15 18:59:00,117,86.23,43,1545.83
11869,1494,44,2024-07-18 17:56:00,65,67.87,3,715.58
11870,1177,6,2025-03-28 13:37:00,60,66.07,0,587.14
11871,1342,42,2024-10-21 17:35:00,51,35.21,2,505.34
11872,1094,49,2024-05-18 21:09:00,56,65.31,13,704.18
11873,645,5,2024-09-05 19:21:00,76,84.14,14,1186.62
11874,1293,31,2024-07-06 18:22:00,28,39.95,28,684.23
11875,310,4,2024-11-07 15:53:00,53,77.9,3,1321.37
11876,1947,29,2025-03-04 15:26:00,116,161.62,9,2767.51
11877,78,4,2024-08-15 04:01:00,36,52.69,4,601.93
11878,1593,35,2025-03-13 22:23:00,112,150.8,4,2282.01
11879,322,33,2024-06-12 20:39:00,72,49.86,17,567.09
11880,1088,23,2024-07-09 01:40:00,49,52.67,1,574.4
11881,1263,35,2024-08-20 22:21:00,13,14.92,9,138.96
11882,222,25,2024-12-20 18:58:00,32,21.26,40,368.35
11883,927,39,2024-08-13 15:05:00,71,63.62,7,529.77
11884,1386,2,2024-07-14 03:40:00,68,71.25,8,787.85
11885,756,6,2024-12-05 20:30:00,109,157.91,24,1359.85
11886,800,47,2025-01-02 16:31:00,38,56.26,7,908.06
11887,156,7,2024-06-19 17:49:00,42,32.89,1,300.66
11888,1860,5,2024-05-04 08:35:00,71,98.81,5,1775.49
11889,1984,32,2024-05-19 18:57:00,87,116.76,30,1103.43
11890,1441,8,2024-05-28 07:37:00,77,106.55,0,976.48
11891,625,44,2024-10-13 16:00:00,67,58.61,1,534.42
11892,368,30,2024-08-04 07:28:00,100,116.69,12,1135.21
11893,1133,49,2024-12-30 05:48:00,50,31.31,9,293.38
11894,1491,44,2025-05-14 02:19:00,55,42.0,2,442.98
11895,1980,1,2025-02-02 01:17:00,93,58.39,6,968.3
11896,1472,35,2024-08-01 23:41:00,85,103.64,9,1286.52
11897,1179,22,2024-02-14 16:25:00,53,70.03,12,637.15
11898,45,49,2024-04-06 10:17:00,93,77.83,12,1296.51
11899,43,22,2024-04-18 05:22:00,81,104.26,15,1707.63
11900,1099,26,2025-05-13 19:31:00,18,13.42,10,163.43
11901,1851,47,2024-09-27 06:23:00,69,69.52,14,1180.06
11902,1964,14,2024-11-17 08:05:00,33,45.12,14,384.48
11903,1290,16,2024-05-29 11:30:00,118,93.31,14,843.04
11904,120,11,2024-06-16 23:44:00,28,33.75,12,385.8
11905,1374,15,2024-10-14 14:14:00,96,74.48,9,649.74
11906,920,48,2025-01-30 21:09:00,105,147.23,0,1698.17
11907,522,47,2025-04-27 12:23:00,66,72.05,12,859.15
11908,1530,25,2024-03-14 14:06:00,36,23.66,9,200.49
11909,470,47,2024-04-03 12:22:00,41,41.04,7,695.39
11910,1757,29,2024-09-30 11:03:00,41,59.44,11,582.87
11911,500,23,2024-07-09 20:16:00,89,102.26,21,860.57
11912,779,30,2024-12-28 10:02:00,25,28.65,6,412.06
11913,1821,20,2024-06-04 06:43:00,65,60.66,3,943.22
11914,452,11,2024-09-11 13:57:00,111,86.93,10,1075.73
11915,1057,23,2025-04-15 02:17:00,93,67.05,6,860.02
11916,110,18,2025-01-15 16:21:00,57,39.38,3,641.96
11917,1982,15,2025-03-25 16:16:00,38,55.53,13,655.6
11918,1770,5,2024-04-09 11:44:00,75,103.57,8,1199.49
11919,1881,30,2024-12-03 21:20:00,13,18.94,14,307.98
11920,1369,50,2025-02-16 19:39:00,79,101.12,10,1595.91
11921,127,5,2024-02-28 02:34:00,23,25.63,0,297.82
11922,1109,22,2025-04-20 17:59:00,85,68.51,1,914.49
11923,208,1,2024-08-12 18:04:00,97,61.7,40,1100.38
11924,1012,38,2025-03-02 17:59:00,15,16.57,15,181.81
11925,835,16,2024-05-20 15:40:00,91,123.89,14,1198.42
11926,1975,36,2024-05-02 01:02:00,83,65.5,1,798.48
11927,472,36,2024-07-11 20:06:00,64,41.36,19,391.5
11928,1599,18,2024-12-07 04:44:00,112,76.07,5,1138.01
11929,905,5,2025-03-06 01:48:00,55,67.41,2,1014.0
11930,1139,50,2024-04-28 05:22:00,100,88.45,4,779.56
11931,1472,44,2024-10-06 06:03:00,74,60.96,6,618.55
11932,586,28,2024-03-14 05:26:00,42,30.56,0,492.99
11933,1551,45,2024-02-23 15:17:00,113,85.01,3,919.43
11934,537,31,2024-05-02 17:12:00,108,86.41,6,1036.78
11935,1827,3,2024-08-16 13:10:00,103,151.6,0,2246.79
11936,1560,39,2024-12-14 18:22:00,111,107.33,31,1005.4
11937,1678,20,2025-05-08 20:19:00,11,12.16,28,157.84
11938,1563,29,2025-04-30 22:06:00,12,7.6,14,86.68
11939,1015,36,2024-11-05 17:59:00,62,88.67,15,1308.53
11940,1117,8,2025-05-08 03:27:00,45,52.08,4,914.61
11941,626,35,2024-04-08 23:32:00,82,81.37,12,921.37
11942,1320,26,2025-04-06 20:30:00,61,48.42,38,466.94
11943,1111,29,2024-03-07 14:48:00,109,100.26,14,1438.61
11944,219,36,2025-03-19 05:43:00,104,120.28,6,1051.52
11945,459,16,2024-10-12 12:48:00,17,17.07,5,275.87
11946,1000,19,2025-05-07 12:47:00,27,20.07,5,187.72
11947,553,20,2024-07-11 20:52:00,41,47.43,22,738.15
11948,1374,40,2024-12-22 04:24:00,62,68.74,15,815.94
11949,1165,26,2024-04-10 06:00:00,33,43.72,2,487.06
11950,1427,40,2024-10-14 08:52:00,44,49.73,14,740.83
11951,528,35,2024-12-04 09:28:00,23,32.25,12,418.35
11952,1532,25,2024-10-20 21:18:00,107,113.35,13,1253.83
11953,1149,16,2025-02-09 23:01:00,86,112.87,1,1524.06
11954,669,21,2024-01-27 21:24:00,105,90.73,6,921.13
11955,1478,23,2024-11-29 12:43:00,30,29.55,9,436.93
11956,98,35,2024-06-29 22:57:00,82,74.29,10,661.57
11957,1544,49,2024-11-03 11:29:00,27,40.16,5,546.74
11958,776,3,2025-01-11 10:39:00,117,114.37,10,1074.4
11959,917,6,2025-03-28 13:37:00,68,68.84,2,961.11
11960,799,30,2025-01-07 21:48:00,38,26.96,2,257.71
11961,1618,32,2025-04-20 18:23:00,115,113.09,30,1663.42
11962,37,45,2024-03-20 01:25:00,53,34.81,14,590.69
11963,1650,2,2024-04-02 08:41:00,96,67.39,0,775.41
11964,774,10,2024-08-09 06:37:00,110,104.5,10,1600.22
11965,1232,3,2024-07-04 20:13:00,58,42.84,36,635.12
11966,758,19,2024-09-24 03:37:00,117,167.44,1,1522.08
11967,1321,7,2024-09-02 01:50:00,70,75.5,4,1112.31
11968,1923,7,2025-05-11 15:26:00,44,35.92,13,299.07
11969,960,23,2024-03-12 08:29:00,98,120.14,0,1538.56
11970,1333,5,2024-03-30 19:28:00,94,126.74,32,1703.19
11971,1119,31,2024-02-24 07:08:00,93,123.0,15,1418.86
11972,309,42,2024-09-21 18:01:00,12,11.2,39,123.52
11973,1736,34,2025-05-03 04:41:00,82,71.28,6,598.16
11974,77,18,2024-05-18 17:13:00,82,54.02,6,902.14
11975,1627,3,2024-01-12 17:25:00,102,90.92,15,1223.95
11976,1183,32,2025-02-05 01:17:00,22,28.21,15,297.12
11977,272,40,2024-10-21 08:13:00,28,18.71,13,228.1
11978,1312,35,2024-03-15 18:11:00,106,109.73,13,1569.96
11979,1986,31,2024-05-07 23:53:00,89,120.02,14,2085.66
11980,992,14,2024-05-24 17:20:00,110,141.55,13,1815.44
11981,1097,20,2025-04-23 20:36:00,86,51.88,13,783.48
11982,1212,31,2024-05-11 18:37:00,38,37.89,38,604.71
11983,320,32,2025-03-28 01:45:00,74,69.3,6,1065.08
11984,780,26,2025-02-09 11:03:00,47,66.38,9,1089.79
11985,1105,19,2024-07-24 13:46:00,120,162.55,3,2892.97
11986,1652,30,2024-02-15 13:09:00,40,26.01,8,340.87
11987,318,37,2025-03-08 16:50:00,118,161.5,6,2404.7
11988,375,3,2024-03-06 22:31:00,28,39.51,11,505.77
11989,339,12,2024-07-28 05:20:00,50,43.3,7,397.62
11990,1814,12,2025-01-01 04:36:00,37,23.45,3,210.07
11991,1229,25,2024-10-01 11:06:00,119,103.45,1,1588.74
11992,1121,23,2024-05-15 19:41:00,19,13.79,28,212.66
11993,882,28,2024-10-13 01:44:00,17,11.87,12,123.04
11994,548,14,2024-08-24 14:01:00,95,65.79,6,863.66
11995,1214,11,2025-01-05 00:46:00,48,63.88,12,640.68
11996,1098,22,2024-03-06 02:50:00,120,81.69,1,753.66
11997,1741,39,2024-12-28 18:54:00,31,20.13,40,168.79
11998,1727,32,2024-09-01 23:09:00,89,90.99,6,927.47
11999,1640,42,2024-06-18 13:23:00,67,51.97,4,721.33
12000,799,2,2024-03-03 04:46:00,75,100.91,8,1152.31
