customer_id,customer_name,city,subscription_type,join_date,age,is_active
1,Cindy Gardner,Hyderabad,Basic,2025-04-07,46,0
2,Tamara Rodriguez,Mumbai,Premium,2024-09-13,21,1
3,Olivia Davidson,Bangalore,Premium,2026-03-01,39,1
4,Jacob Ford,Chennai,Enterprise,2025-05-10,56,1
5,Douglas Browning,Mumbai,Basic,2023-12-03,39,1
6,Hector Matthews,Delhi,Enterprise,2025-04-05,55,0
7,Jessica Brown,Chennai,Premium,2023-12-12,24,0
8,Katrina Thomas,Pune,Premium,2024-10-28,53,1
9,Alexis Young,Delhi,Enterprise,2026-03-10,26,1
10,Matthew Chambers,Delhi,Enterprise,2025-06-20,25,1
11,Kelly Oconnor,Hyderabad,Basic,2024-02-03,57,1
12,Ryan Carter,Pune,Enterprise,2024-01-09,23,0
13,Dr. Thomas Munoz,Hyderabad,Enterprise,2024-03-06,58,1
14,Casey Smith,Bangalore,Basic,2023-07-02,63,1
15,Dr. Kendra Hale,Mumbai,Premium,2024-05-20,46,1
16,Maria Webb,Chennai,Enterprise,2025-10-10,40,1
17,Elizabeth Christian,Bangalore,Basic,2023-10-16,21,1
18,Caleb Palmer,Pune,Enterprise,2024-07-18,27,0
19,Steve Lamb,Pune,Basic,2026-02-25,53,1
20,Robert Moore,Mumbai,Premium,2026-01-11,25,1
21,Elizabeth Hayden,Bangalore,Premium,2025-05-13,31,1
22,Amanda Carlson,Pune,Enterprise,2025-09-08,40,0
23,Amanda Gonzalez,Chennai,Enterprise,2025-04-12,40,0
24,Casey Weaver,Mumbai,Premium,2026-05-04,28,0
25,John Jones,Chennai,Enterprise,2025-12-27,30,1
26,Sarah Logan,Bangalore,Enterprise,2026-04-13,34,1
27,Scott Scott,Mumbai,Enterprise,2024-08-02,61,1
28,Jessica Thomas,Pune,Premium,2024-07-22,37,0
29,Katherine Mills,Delhi,Enterprise,2025-10-27,48,1
30,Courtney Davenport,Delhi,Basic,2023-06-02,42,1
31,Phillip Patton,Chennai,Premium,2025-04-23,31,1
32,Gary Moore,Pune,Enterprise,2024-05-31,48,0
33,Larry Weiss,Delhi,Basic,2024-05-11,65,1
34,Kimberly Lewis,Pune,Basic,2023-05-28,44,1
35,Dylan Wright,Hyderabad,Basic,2025-03-17,23,1
36,Emily Rivera,Bangalore,Basic,2025-07-10,43,1
37,Tiffany Martinez,Chennai,Basic,2023-05-22,63,0
38,Katherine Hobbs,Bangalore,Enterprise,2026-01-10,47,1
39,Betty Young,Mumbai,Basic,2025-10-01,32,1
40,Cynthia Jones,Delhi,Basic,2024-03-08,42,1
41,Ashley Gilbert,Chennai,Enterprise,2024-05-29,36,1
42,Katherine Cordova,Mumbai,Enterprise,2023-08-20,27,1
43,Darren Lee,Delhi,Premium,2025-07-26,35,1
44,Rebecca Shepherd,Hyderabad,Premium,2026-03-12,40,1
45,Stephanie Gardner,Mumbai,Basic,2023-09-04,63,1
46,Bianca Nelson,Hyderabad,Premium,2025-03-16,38,0
47,Robert Anderson,Bangalore,Premium,2025-03-27,62,1
48,Brian Andrews,Chennai,Enterprise,2025-09-01,42,0
49,Cory Jones,Delhi,Premium,2024-12-20,32,1
50,Shirley Hawkins,Delhi,Basic,2025-08-05,59,1
51,Mary Thompson,Bangalore,Enterprise,2025-12-27,41,1
52,Jesse Thompson MD,Pune,Enterprise,2024-03-02,28,1
53,Linda Simpson,Pune,Basic,2024-07-13,37,0
54,Richard Harris,Chennai,Premium,2024-02-07,21,1
55,Jasmine Clayton,Bangalore,Premium,2025-01-14,25,1
56,Angela Gonzales,Pune,Premium,2024-05-30,63,0
57,Tanya Austin,Chennai,Premium,2024-05-09,53,1
58,Brett Frank,Chennai,Premium,2024-10-03,41,1
59,Jose Cobb,Chennai,Premium,2025-04-29,56,1
60,Michael Clark,Mumbai,Premium,2024-06-10,63,1
61,Michael Jenkins,Chennai,Enterprise,2024-11-19,32,1
62,Michelle Madden,Hyderabad,Enterprise,2023-05-27,21,1
63,Andrew Fritz DDS,Bangalore,Basic,2023-05-24,48,1
64,Noah Stevens,Hyderabad,Premium,2024-10-03,49,1
65,Jeffrey Norman,Pune,Premium,2023-05-25,31,0
66,Mr. Daniel Allison,Bangalore,Enterprise,2026-05-04,63,1
67,Nichole Ellis,Delhi,Basic,2024-03-07,64,1
68,Michael Henry,Mumbai,Basic,2025-03-24,30,0
69,Marissa Reyes,Delhi,Basic,2026-01-10,51,0
70,Jillian Yang,Hyderabad,Premium,2025-05-15,61,1
71,Judy Smith,Chennai,Enterprise,2024-09-24,45,1
72,Jose Rogers,Hyderabad,Basic,2025-12-12,30,0
73,Amanda Moore,Delhi,Premium,2024-02-01,35,1
74,Edward Salas,Chennai,Enterprise,2025-01-06,50,0
75,Amanda Mullins,Pune,Basic,2026-01-07,28,1
76,Linda Jones,Mumbai,Premium,2023-10-25,63,1
77,Vicki Lowery,Hyderabad,Enterprise,2026-03-23,53,1
78,Shannon Williams,Pune,Premium,2024-08-19,31,1
79,Karen Martin,Hyderabad,Premium,2024-06-12,36,1
80,Laura Walsh,Pune,Premium,2025-12-26,61,1
81,Dalton Hahn,Bangalore,Premium,2024-06-14,25,1
82,Yvette Scott,Mumbai,Premium,2024-09-17,42,1
83,Laurie Ballard,Pune,Basic,2024-02-01,29,1
84,Donna Kirk,Mumbai,Premium,2026-03-10,65,1
85,Todd Murray,Chennai,Basic,2023-08-05,25,1
86,Erika Moore,Hyderabad,Premium,2023-07-31,55,1
87,Peter Morse,Hyderabad,Basic,2024-10-24,34,1
88,David Williams,Hyderabad,Enterprise,2024-12-10,65,0
89,Thomas Garcia,Pune,Premium,2024-03-08,51,0
90,Lisa Edwards,Bangalore,Premium,2024-10-05,45,1
91,Dr. Rebecca Daugherty,Pune,Enterprise,2025-07-11,55,1
92,Tracy Reed,Hyderabad,Basic,2024-11-13,38,1
93,Patricia Pineda,Hyderabad,Basic,2024-06-04,45,1
94,Christopher Miller,Chennai,Enterprise,2025-01-23,46,1
95,Mary Dodson,Hyderabad,Basic,2025-05-06,60,0
96,Karen Smith,Hyderabad,Enterprise,2025-07-15,57,0
97,Timothy Rice,Delhi,Enterprise,2024-08-01,48,1
98,Benjamin Rodriguez,Hyderabad,Basic,2023-05-21,24,1
99,Jason Patterson,Hyderabad,Premium,2024-07-09,34,1
100,Michael Day,Bangalore,Premium,2023-10-28,45,1
101,Catherine Kim,Hyderabad,Premium,2024-12-10,26,1
102,Chase Adams,Delhi,Enterprise,2023-10-10,55,0
103,Barbara Perez,Bangalore,Basic,2024-07-09,62,0
104,Stephen Parker,Chennai,Basic,2023-10-21,22,1
105,Christopher Hunter,Mumbai,Basic,2026-04-24,60,1
106,George Perez,Mumbai,Basic,2024-12-25,51,0
107,Eric Riley,Pune,Basic,2025-04-17,50,1
108,April Rodriguez,Bangalore,Basic,2026-02-17,59,0
109,Gregory Hunter,Mumbai,Premium,2025-07-18,27,0
110,Darryl Coleman,Bangalore,Enterprise,2024-07-04,64,1
111,James Jones,Hyderabad,Enterprise,2025-05-12,33,0
112,Tammy Cochran,Pune,Enterprise,2023-10-09,61,1
113,Alex Schneider,Delhi,Enterprise,2025-08-06,40,0
114,Sergio Chapman,Pune,Basic,2026-01-17,43,1
115,Henry Gonzales,Chennai,Premium,2024-10-03,25,1
116,Randy Hurley,Delhi,Premium,2023-05-22,52,0
117,Christopher Johnson,Hyderabad,Premium,2025-09-09,61,1
118,Tiffany Welch,Chennai,Basic,2025-07-14,48,1
119,Lisa Nelson,Chennai,Enterprise,2023-09-16,62,1
120,Bridget Torres,Pune,Enterprise,2025-09-11,51,1
121,Eric Rasmussen,Hyderabad,Enterprise,2023-09-08,58,1
122,Jacqueline Williams,Bangalore,Basic,2025-07-10,26,1
123,Tracy Kramer,Hyderabad,Basic,2025-07-10,50,1
124,Maurice Williams,Bangalore,Basic,2024-05-11,52,1
125,Michael Jones,Mumbai,Premium,2026-02-24,34,1
126,Joseph Gill,Bangalore,Premium,2023-05-09,38,1
127,Karen Collins,Pune,Basic,2025-04-05,54,1
128,Rachel Hernandez,Delhi,Basic,2026-01-02,47,1
129,Megan Dunn,Pune,Basic,2025-04-30,65,1
130,Johnny Gomez,Chennai,Enterprise,2024-10-31,52,1
131,Jacob Jefferson,Delhi,Basic,2026-04-02,39,1
132,David Horn,Hyderabad,Enterprise,2023-08-09,36,1
133,Evan Wolfe,Chennai,Enterprise,2023-09-08,44,1
134,Dawn Collins,Pune,Enterprise,2024-01-11,43,1
135,Bethany Brown,Chennai,Enterprise,2023-12-24,42,1
136,Mandy Lee,Chennai,Premium,2025-01-09,38,1
137,Dr. Catherine Lewis PhD,Bangalore,Basic,2023-09-06,28,1
138,Susan Cox,Bangalore,Basic,2023-08-04,55,1
139,Danny Smith,Mumbai,Basic,2024-07-23,51,1
140,Alejandro Larson,Chennai,Enterprise,2024-11-20,54,1
141,Ronald Young,Delhi,Basic,2023-07-01,39,1
142,Kristen Fields,Bangalore,Basic,2025-06-03,40,0
143,Timothy Lewis,Chennai,Enterprise,2026-01-07,29,1
144,Christina Thomas,Delhi,Basic,2024-06-05,56,1
145,Joseph Montes,Chennai,Basic,2025-07-30,61,1
146,David Mckee,Delhi,Basic,2023-12-26,57,1
147,Bruce Phelps,Hyderabad,Premium,2024-06-10,49,1
148,Christopher Garrison,Mumbai,Basic,2024-01-06,37,1
149,Michael Gonzalez,Delhi,Basic,2023-09-03,46,1
150,Susan Combs,Delhi,Enterprise,2023-09-16,61,0
151,Jordan Fisher,Mumbai,Basic,2024-03-21,57,1
152,David Martin,Delhi,Basic,2023-10-30,28,1
153,Nichole Baker,Pune,Enterprise,2023-10-21,60,1
154,Misty Holloway,Pune,Premium,2026-01-20,49,1
155,Emily Park,Bangalore,Enterprise,2024-05-03,48,1
156,Susan May,Pune,Enterprise,2024-06-17,24,0
157,Mr. James Johnson,Mumbai,Enterprise,2024-04-13,34,1
158,Kelly Thomas,Chennai,Basic,2024-01-18,31,1
159,Mark Pearson,Mumbai,Enterprise,2024-02-17,25,1
160,Brian Bennett,Delhi,Premium,2023-09-29,49,1
161,Sean Romero,Bangalore,Basic,2025-10-17,35,1
162,Angela Crane,Chennai,Premium,2024-08-28,65,1
163,Jeffrey Richardson,Delhi,Enterprise,2023-11-11,35,1
164,Julie Wood,Chennai,Enterprise,2024-03-22,63,1
165,Erin Collier,Hyderabad,Basic,2023-09-09,55,1
166,Ryan Jones,Chennai,Basic,2025-10-05,38,1
167,April Jensen,Delhi,Basic,2025-11-28,31,1
168,Courtney Wood,Pune,Enterprise,2025-09-25,57,1
169,Barbara Bridges,Hyderabad,Basic,2024-01-30,50,1
170,Jennifer Gonzalez,Chennai,Premium,2025-02-15,38,1
171,Rebecca Mendoza,Hyderabad,Basic,2024-05-11,59,0
172,Jared Mills,Hyderabad,Enterprise,2026-02-03,41,1
173,Adam Lewis,Delhi,Basic,2025-05-14,35,0
174,Andrew Martin,Chennai,Premium,2025-06-05,57,0
175,John Hamilton,Mumbai,Premium,2025-02-08,54,1
176,Timothy Lopez,Bangalore,Basic,2024-04-10,58,1
177,Terry Davila,Chennai,Premium,2024-01-13,26,1
178,Melissa Gentry,Bangalore,Premium,2024-12-29,42,1
179,Deborah Middleton,Chennai,Basic,2026-01-08,31,1
180,Joshua Ray,Hyderabad,Enterprise,2025-08-10,52,1
181,Kristin Larson,Chennai,Premium,2025-03-12,56,0
182,Mark Thomas,Hyderabad,Basic,2025-12-30,41,1
183,Dakota Lynch MD,Bangalore,Basic,2025-08-02,46,0
184,Michele Schmitt,Chennai,Enterprise,2025-07-14,50,1
185,Peggy Oconnor,Delhi,Basic,2024-09-11,54,1
186,William Jackson,Pune,Premium,2023-06-27,61,1
187,Micheal Davis,Delhi,Basic,2025-10-21,38,1
188,Norma George,Bangalore,Premium,2024-01-23,65,1
189,Jennifer Warren,Delhi,Basic,2024-05-18,61,1
190,David Morris,Chennai,Basic,2024-06-06,40,0
191,Fred Brown,Pune,Premium,2024-01-25,26,1
192,John Murphy,Delhi,Premium,2024-12-24,28,1
193,Dr. Jennifer Dickson,Hyderabad,Enterprise,2025-11-06,39,1
194,Jessica Garcia,Hyderabad,Premium,2023-07-08,51,1
195,Krystal Mckenzie,Hyderabad,Enterprise,2026-05-03,30,1
196,Donna Rice,Mumbai,Enterprise,2024-11-19,53,1
197,Russell Mason,Delhi,Premium,2024-06-29,47,1
198,Bradley Patel,Pune,Premium,2024-07-14,21,1
199,Tammy Yates,Chennai,Premium,2024-08-02,58,1
200,Russell Miller,Mumbai,Premium,2025-04-17,55,1
201,Andrew Zimmerman,Bangalore,Premium,2025-05-12,56,1
202,Cole Hall,Hyderabad,Premium,2025-11-24,33,1
203,Carolyn Nguyen,Pune,Premium,2024-08-06,35,1
204,Randy Alexander,Delhi,Premium,2025-02-25,51,1
205,Erik Hunt,Hyderabad,Enterprise,2023-08-18,62,1
206,Mark Cruz,Hyderabad,Basic,2026-04-28,29,1
207,Tiffany Thomas,Delhi,Premium,2023-09-13,27,1
208,Justin Daniel,Delhi,Enterprise,2023-07-17,30,1
209,Janet Bradshaw,Chennai,Basic,2026-04-11,25,1
210,Michael Gallegos,Bangalore,Premium,2025-08-07,60,1
211,Antonio Robbins,Chennai,Basic,2024-07-01,42,1
212,Danielle Ramirez,Bangalore,Enterprise,2025-06-04,52,0
213,Andrea Schultz,Pune,Basic,2024-06-13,36,1
214,James Smith,Mumbai,Enterprise,2025-07-08,26,1
215,Sean Brown,Delhi,Enterprise,2024-10-08,27,1
216,Michael Smith,Mumbai,Enterprise,2023-09-14,40,0
217,Cameron Harris,Delhi,Premium,2023-08-19,24,1
218,Kelly Anderson,Bangalore,Premium,2026-03-07,48,1
219,Sandra Thomas,Mumbai,Enterprise,2025-09-23,47,1
220,Mrs. Megan Bishop MD,Mumbai,Basic,2025-06-01,26,1
221,Mr. Sergio Henry,Pune,Enterprise,2024-09-29,36,1
222,Alexander Montoya,Pune,Basic,2024-03-02,35,1
223,Kevin Jensen DDS,Chennai,Premium,2025-09-24,50,1
224,Kenneth Ford,Chennai,Basic,2026-01-08,50,1
225,Jeffrey Petty,Chennai,Enterprise,2024-03-03,31,0
226,Aaron Schultz,Hyderabad,Premium,2024-09-24,58,1
227,Edwin Brooks,Chennai,Premium,2024-04-05,65,1
228,William Martinez,Hyderabad,Premium,2023-10-25,33,1
229,Robert Reid,Hyderabad,Basic,2024-12-31,36,1
230,Paul York,Pune,Premium,2025-07-17,57,1
231,Brandy Chambers,Chennai,Premium,2025-07-05,22,1
232,Michele Miller,Bangalore,Basic,2025-10-19,57,0
233,Mrs. Sheri Fox,Pune,Enterprise,2025-05-28,52,1
234,Sheri Mason,Mumbai,Enterprise,2026-02-07,43,1
235,Shannon Harris,Chennai,Basic,2023-11-12,60,1
236,Jenna Johnson,Chennai,Enterprise,2023-08-24,63,1
237,Joseph Casey,Chennai,Basic,2024-07-03,61,0
238,Kaitlin Wheeler,Bangalore,Premium,2024-05-17,23,1
239,Paul Robertson,Chennai,Basic,2024-09-08,26,1
240,Paige Romero,Bangalore,Enterprise,2024-11-11,47,1
241,Virginia Hayes,Mumbai,Basic,2025-01-15,55,1
242,Nancy Smith,Pune,Enterprise,2025-11-25,38,1
243,William Hammond,Bangalore,Premium,2025-12-29,39,1
244,Sarah Hoffman,Delhi,Premium,2023-06-13,25,1
245,Timothy Bush,Mumbai,Enterprise,2026-01-25,64,1
246,Deborah Clark,Pune,Premium,2023-10-05,26,1
247,Adrian Thompson,Delhi,Premium,2026-03-30,55,0
248,Mr. Austin Tran,Hyderabad,Premium,2026-03-26,64,1
249,Jonathan Hartman,Pune,Premium,2023-05-27,61,1
250,Thomas Maldonado,Delhi,Enterprise,2026-04-05,35,1
251,Mrs. Autumn Kelly,Delhi,Enterprise,2024-09-03,56,1
252,Jose Lee,Pune,Basic,2025-10-24,62,0
253,Jordan Boyer,Chennai,Premium,2025-10-29,65,1
254,Joanna Briggs,Chennai,Premium,2026-02-27,28,1
255,Jill Rogers,Delhi,Basic,2023-09-21,40,1
256,Jonathan Ward,Delhi,Basic,2026-02-23,36,1
257,Keith Parrish,Hyderabad,Premium,2026-04-15,44,1
258,Stephanie Davis,Pune,Enterprise,2024-06-18,30,1
259,Justin Lopez,Chennai,Basic,2024-09-13,52,1
260,Jose Turner,Bangalore,Basic,2024-10-26,65,1
261,Barry Jones,Mumbai,Premium,2026-04-18,49,1
262,Thomas Gonzales,Bangalore,Basic,2023-07-07,64,1
263,Robert Fox,Pune,Enterprise,2026-03-03,43,0
264,Lorraine Foster,Hyderabad,Premium,2024-06-15,33,0
265,Christopher Bonilla Jr.,Hyderabad,Basic,2023-07-20,63,1
266,Joel Cross,Chennai,Enterprise,2024-12-19,59,0
267,Angela Tran,Delhi,Premium,2025-02-04,36,1
268,Susan Combs,Pune,Basic,2023-09-24,25,1
269,Ryan Johnson,Pune,Basic,2025-10-02,35,1
270,Vincent Shaw,Mumbai,Enterprise,2026-04-24,21,1
271,Joshua Rivera,Mumbai,Basic,2026-01-12,55,1
272,Jacob Zimmerman,Mumbai,Basic,2025-08-10,63,0
273,Richard Flores,Mumbai,Basic,2024-07-23,43,1
274,Angela Shields,Pune,Premium,2025-04-14,22,1
275,Sharon Wells,Bangalore,Basic,2023-12-19,29,1
276,Anthony Duran,Pune,Basic,2023-11-28,25,1
277,Kathleen Smith,Hyderabad,Premium,2025-11-20,53,0
278,Taylor Holmes,Hyderabad,Enterprise,2023-08-18,35,0
279,Justin Fritz,Chennai,Enterprise,2023-12-06,54,1
280,Donald Bowman,Hyderabad,Enterprise,2025-01-14,22,0
281,Alicia Rowe,Hyderabad,Premium,2025-12-30,48,0
282,Samuel Phillips,Hyderabad,Enterprise,2026-03-08,49,0
283,Marie Thomas,Delhi,Premium,2023-07-17,59,1
284,Erin Cruz,Delhi,Basic,2025-09-10,38,1
285,Marc Anderson,Hyderabad,Enterprise,2025-10-28,54,1
286,Jennifer Terry,Hyderabad,Enterprise,2023-08-14,59,1
287,Jessica Holt,Delhi,Enterprise,2023-12-09,28,1
288,Patrick Holmes,Hyderabad,Premium,2023-06-11,35,1
289,Brenda Parker,Bangalore,Premium,2024-12-19,46,1
290,Richard Ford,Chennai,Basic,2026-04-25,41,1
291,Roger Sanders,Bangalore,Enterprise,2024-04-15,37,1
292,Kevin Hood,Mumbai,Enterprise,2024-04-30,51,0
293,David French,Delhi,Basic,2025-07-17,26,1
294,Laurie Whitehead,Delhi,Enterprise,2024-04-25,44,1
295,Johnny Hughes,Pune,Basic,2023-09-01,58,1
296,Yvonne White,Chennai,Basic,2025-08-03,47,1
297,Jonathan Soto,Chennai,Premium,2026-03-20,24,1
298,Anthony Allison,Pune,Premium,2025-07-18,43,0
299,Michael Allen,Pune,Enterprise,2025-06-03,34,1
300,James Gill,Chennai,Premium,2025-11-27,35,0
301,Adam Kerr,Bangalore,Enterprise,2026-02-09,44,0
302,Kimberly Griffin,Bangalore,Enterprise,2024-10-29,35,1
303,Andrew Moore,Pune,Enterprise,2023-12-12,60,0
304,Jennifer Garcia,Pune,Enterprise,2025-10-20,65,1
305,Ashley Meyer,Delhi,Basic,2025-03-20,38,1
306,Andrew Graves,Bangalore,Premium,2024-06-06,21,1
307,Frank Davis,Mumbai,Enterprise,2025-08-31,63,1
308,Carrie Hughes MD,Delhi,Basic,2025-04-29,61,0
309,Jason Bautista,Delhi,Enterprise,2023-07-09,54,1
310,Christie Sloan,Hyderabad,Premium,2024-05-11,50,1
311,William Berry,Mumbai,Premium,2025-08-26,40,1
312,Michael Watson,Pune,Enterprise,2024-01-07,26,0
313,Catherine Shelton,Mumbai,Basic,2025-10-02,60,0
314,Kendra Suarez,Chennai,Basic,2023-12-27,38,1
315,George Mckinney,Chennai,Premium,2026-04-07,52,1
316,Eric Webster,Hyderabad,Premium,2024-12-24,34,0
317,Richard Ali,Bangalore,Premium,2023-11-20,28,1
318,John Atkins,Chennai,Enterprise,2024-04-28,58,1
319,Ana Mack,Pune,Enterprise,2024-12-15,40,0
320,Nicole Thomas,Mumbai,Premium,2025-01-24,59,0
321,Henry Bauer,Delhi,Basic,2024-09-12,40,1
322,Diane Lee,Mumbai,Premium,2024-11-24,39,1
323,Gina Simmons,Delhi,Basic,2023-12-08,52,1
324,Amber Williams,Mumbai,Basic,2023-06-12,45,1
325,Jamie Palmer,Pune,Enterprise,2024-10-10,63,1
326,Tracy Clark,Delhi,Premium,2024-09-22,23,1
327,Troy Patel,Delhi,Premium,2024-02-13,25,1
328,Elizabeth Jones,Pune,Premium,2025-12-02,57,1
329,Laura Watson,Chennai,Enterprise,2023-07-25,47,1
330,Tommy Wright,Delhi,Premium,2024-04-04,22,1
331,Shannon Watson DVM,Mumbai,Enterprise,2024-02-22,50,1
332,Darlene Wilson,Delhi,Premium,2025-03-25,27,1
333,Angel Heath,Hyderabad,Enterprise,2024-03-09,46,0
334,Aaron Franco,Hyderabad,Premium,2025-02-15,42,1
335,Daniel Vincent,Bangalore,Basic,2025-03-20,25,0
336,Justin Adkins,Pune,Enterprise,2025-02-28,33,1
337,Jennifer Gutierrez,Bangalore,Enterprise,2025-03-30,62,1
338,Kevin Ware,Mumbai,Basic,2026-04-06,30,1
339,Nathan Esparza,Mumbai,Basic,2026-02-06,59,1
340,Dale Smith,Chennai,Basic,2025-09-10,32,1
341,Deborah Kennedy,Hyderabad,Enterprise,2023-06-01,58,1
342,Tara Hernandez,Chennai,Enterprise,2024-07-28,62,1
343,Victoria Ritter,Chennai,Premium,2025-05-19,30,1
344,Craig Smith,Delhi,Premium,2024-03-07,49,1
345,Rebecca Brown,Bangalore,Enterprise,2026-02-18,24,1
346,Timothy Miller,Pune,Basic,2025-11-16,40,1
347,Cody Mason,Hyderabad,Basic,2024-06-08,24,1
348,Jerry Harrison,Bangalore,Basic,2024-01-29,62,0
349,Edward Paul,Pune,Enterprise,2025-02-20,53,1
350,Susan Cruz,Hyderabad,Enterprise,2024-11-12,56,0
351,Mercedes White,Hyderabad,Enterprise,2025-03-03,62,1
352,Andre Gonzalez,Bangalore,Enterprise,2023-08-25,51,1
353,Rose Castillo,Delhi,Premium,2026-01-02,27,1
354,Brittney Miller,Chennai,Basic,2026-03-12,53,1
355,Sherri Weaver,Delhi,Basic,2025-07-17,49,1
356,Ashley Smith,Pune,Enterprise,2024-09-11,60,1
357,Dawn Williams MD,Bangalore,Premium,2024-02-03,39,1
358,Jon Fry,Hyderabad,Premium,2024-10-19,64,0
359,Danielle Dixon,Chennai,Enterprise,2024-05-19,42,0
360,Joshua Sosa,Bangalore,Basic,2026-05-04,56,1
361,Julie Reynolds,Bangalore,Premium,2025-11-27,63,1
362,Michael Miller,Bangalore,Basic,2025-07-30,58,1
363,Becky Walker,Bangalore,Premium,2023-09-06,62,1
364,Michael Wolfe,Mumbai,Enterprise,2026-03-06,26,1
365,Anthony Parker,Pune,Premium,2024-07-10,62,1
366,Jerry Smith,Mumbai,Enterprise,2024-10-12,65,0
367,Jake Williams,Chennai,Enterprise,2024-08-22,48,1
368,John Sanchez,Delhi,Premium,2024-11-19,40,1
369,Taylor Pierce,Mumbai,Premium,2023-10-10,52,1
370,David Myers,Mumbai,Basic,2025-03-15,30,0
371,Tim Mitchell,Bangalore,Basic,2023-06-29,53,0
372,April Dorsey,Chennai,Premium,2024-10-08,60,1
373,Kimberly Moore,Pune,Premium,2024-09-23,30,1
374,Jerry Knox,Mumbai,Enterprise,2026-02-02,60,1
375,Robert Brown,Chennai,Premium,2024-08-12,23,1
376,Heather Warner,Bangalore,Enterprise,2026-03-13,36,1
377,Brandon Brown,Pune,Premium,2025-03-29,49,1
378,Jordan Buck,Pune,Basic,2023-06-20,40,1
379,Amy Harris,Mumbai,Premium,2024-09-01,64,1
380,Timothy Sanchez,Hyderabad,Premium,2023-06-20,45,1
381,Lisa Malone,Mumbai,Basic,2025-12-12,59,1
382,Curtis Meyers,Bangalore,Basic,2025-07-01,62,1
383,Andrew Reilly,Bangalore,Enterprise,2024-12-22,27,0
384,Jo Whitehead,Bangalore,Basic,2023-05-18,31,1
385,Vanessa Friedman,Hyderabad,Enterprise,2024-04-17,30,1
386,William Lewis,Delhi,Basic,2024-07-30,49,1
387,Nathan Simmons,Delhi,Premium,2025-08-28,24,1
388,Kevin Jackson,Pune,Premium,2024-07-25,36,1
389,Pamela Wade,Delhi,Premium,2024-07-04,35,0
390,Jack Dixon,Bangalore,Basic,2025-02-10,62,1
391,Jessica West,Mumbai,Basic,2025-05-04,23,1
392,Charles Morales,Hyderabad,Enterprise,2023-11-16,29,1
393,Timothy Wallace,Hyderabad,Enterprise,2023-10-31,21,0
394,Briana Smith,Delhi,Premium,2025-04-20,34,1
395,Jose Mason,Pune,Enterprise,2024-05-24,59,1
396,Nicholas Davidson,Delhi,Premium,2025-03-28,36,1
397,Steven Benjamin,Delhi,Basic,2025-12-27,36,1
398,Tracey Malone,Chennai,Enterprise,2026-01-17,50,0
399,Travis Jenkins,Delhi,Premium,2025-01-11,59,0
400,Chelsea Bernard,Chennai,Enterprise,2023-08-16,57,1
401,Cynthia Thompson,Chennai,Basic,2023-05-24,39,1
402,Kim Cross,Delhi,Enterprise,2025-07-11,43,1
403,Dominique Deleon,Pune,Premium,2025-03-20,32,0
404,Shaun Walker,Pune,Premium,2023-12-21,25,0
405,David Koch,Hyderabad,Premium,2023-10-29,23,1
406,Jason Johnson,Bangalore,Premium,2024-12-31,22,1
407,Adam Clark,Delhi,Premium,2024-06-21,36,0
408,Meredith Bell,Pune,Enterprise,2025-05-05,42,1
409,Laura Gross,Delhi,Premium,2025-01-25,55,1
410,Robert Blair,Chennai,Basic,2024-09-27,64,1
411,Brandon Harper,Chennai,Premium,2024-08-16,61,1
412,Nathaniel Tate PhD,Mumbai,Basic,2023-12-23,50,0
413,Suzanne Higgins,Bangalore,Basic,2023-06-30,23,1
414,Alexandra Schneider,Delhi,Premium,2024-05-10,40,1
415,Emily Nelson,Pune,Premium,2025-09-12,37,0
416,David Cline,Chennai,Basic,2023-08-09,39,1
417,Willie Chambers,Delhi,Enterprise,2023-10-09,42,1
418,Jim Adams,Delhi,Premium,2026-03-06,48,1
419,Heidi Holmes,Chennai,Premium,2024-03-13,45,1
420,Cassidy Martin,Mumbai,Premium,2023-09-26,65,1
421,Dr. David Harris,Bangalore,Enterprise,2023-10-04,38,0
422,Ashley Kaiser,Chennai,Premium,2024-11-27,26,1
423,Michael Hines,Pune,Basic,2025-11-25,55,1
424,Christine Herrera,Bangalore,Basic,2024-03-19,26,1
425,Jason George,Chennai,Premium,2024-09-28,40,1
426,Shannon Lopez,Pune,Enterprise,2025-06-05,48,1
427,Rebecca Chambers,Chennai,Premium,2024-12-07,43,1
428,Lawrence Bruce,Delhi,Enterprise,2026-01-24,43,1
429,Sharon Morgan,Bangalore,Enterprise,2023-11-08,24,0
430,Gregory Rice,Chennai,Enterprise,2025-09-25,46,1
431,Cody Schneider,Pune,Enterprise,2024-07-04,64,1
432,Bryan Martinez,Delhi,Basic,2024-11-08,59,1
433,Todd Randolph,Delhi,Basic,2023-12-06,25,1
434,Sharon Porter,Chennai,Premium,2023-11-15,44,1
435,Joseph Lewis,Pune,Basic,2023-06-19,59,1
436,William Simmons,Chennai,Premium,2024-12-04,44,1
437,Caleb Olson,Hyderabad,Basic,2024-10-20,57,1
438,Crystal Zimmerman,Pune,Premium,2025-08-26,46,1
439,Renee Jones,Chennai,Premium,2025-04-28,36,0
440,Jennifer Thomas,Delhi,Enterprise,2025-10-14,32,1
441,Todd Williams,Pune,Premium,2024-11-16,56,0
442,Morgan Merritt,Bangalore,Premium,2025-03-23,49,1
443,Marcus Gonzalez,Pune,Premium,2025-08-14,65,1
444,Jennifer White,Mumbai,Basic,2025-07-23,29,0
445,Jason Wood,Hyderabad,Basic,2025-01-07,49,0
446,Mrs. Jennifer Schwartz DVM,Chennai,Premium,2025-01-06,63,1
447,Christina Cruz,Chennai,Basic,2025-07-16,56,1
448,Christopher Kim,Bangalore,Basic,2025-01-06,65,1
449,Gina Thompson,Bangalore,Enterprise,2024-02-14,35,0
450,Alan Walsh,Mumbai,Basic,2026-03-22,36,1
451,Dakota Le,Delhi,Premium,2024-04-05,56,1
452,Scott Davis DVM,Hyderabad,Enterprise,2025-06-05,29,0
453,Vanessa Walker,Delhi,Premium,2023-12-17,46,1
454,Nicholas Arnold,Pune,Premium,2024-03-10,47,0
455,James Thomas,Mumbai,Premium,2026-02-28,62,0
456,Michael Crosby,Hyderabad,Premium,2025-02-06,64,1
457,Taylor Evans,Mumbai,Enterprise,2025-08-11,61,1
458,Amy Gomez,Mumbai,Premium,2023-07-31,53,0
459,Gloria Morgan,Delhi,Enterprise,2025-04-24,30,1
460,Shawn Cox,Mumbai,Basic,2023-11-28,41,1
461,Christy Garcia,Bangalore,Enterprise,2023-07-11,39,0
462,Michael Richards,Bangalore,Basic,2024-04-08,61,1
463,Jessica Dougherty,Mumbai,Enterprise,2025-06-03,40,0
464,Heather Weeks,Pune,Enterprise,2023-06-30,31,1
465,Rachel Chapman,Mumbai,Enterprise,2024-11-28,60,1
466,Shirley Choi,Pune,Basic,2024-01-05,22,0
467,Christina Jackson,Delhi,Enterprise,2026-03-05,57,1
468,Melissa Jimenez,Chennai,Basic,2026-03-08,57,1
469,Gregory Cameron,Pune,Enterprise,2026-01-31,22,1
470,Teresa Frey,Chennai,Enterprise,2023-05-17,39,1
471,Micheal Williams,Hyderabad,Basic,2023-10-20,64,1
472,Courtney Holland,Bangalore,Premium,2026-01-08,25,0
473,William Reed,Mumbai,Premium,2025-07-08,47,1
474,Eric Mason,Hyderabad,Basic,2024-04-16,42,1
475,Jerry Farrell,Bangalore,Enterprise,2026-04-03,41,1
476,Jeanette Jones,Hyderabad,Basic,2025-03-29,44,0
477,Nicole Torres,Bangalore,Basic,2025-06-20,50,0
478,Lindsey Jones,Bangalore,Premium,2026-01-06,36,1
479,Levi Cooper,Delhi,Basic,2023-08-09,39,1
480,Kara Kramer,Pune,Premium,2023-07-17,36,1
481,Mark Gallegos,Bangalore,Enterprise,2023-11-24,41,1
482,Mary Reyes,Mumbai,Premium,2026-05-04,53,1
483,Ashley Walker,Hyderabad,Premium,2023-06-10,52,0
484,Jennifer Clark,Delhi,Premium,2025-11-12,53,1
485,Nicholas Trujillo,Mumbai,Basic,2023-10-29,58,1
486,Steven Parsons,Delhi,Basic,2024-02-27,39,1
487,Billy Walsh,Pune,Enterprise,2026-04-01,64,1
488,Ashley Adams,Bangalore,Enterprise,2025-02-25,21,0
489,Timothy Thomas,Hyderabad,Basic,2026-04-19,37,1
490,Jesse Lewis,Hyderabad,Premium,2025-12-11,23,1
491,Brandon Drake,Delhi,Enterprise,2025-04-05,56,1
492,Jennifer Bush,Bangalore,Enterprise,2024-03-04,39,0
493,William Mcguire,Hyderabad,Enterprise,2023-05-26,49,1
494,Charles Houston,Pune,Enterprise,2025-11-03,60,0
495,David Hayden,Mumbai,Basic,2025-03-28,46,1
496,Kari Williams,Bangalore,Enterprise,2024-11-29,44,1
497,Veronica Meadows,Mumbai,Enterprise,2023-07-29,53,1
498,Michael Edwards,Pune,Basic,2024-09-11,23,0
499,Kevin Becker,Mumbai,Enterprise,2024-10-19,42,1
500,Chelsea Cardenas,Pune,Premium,2023-12-13,30,1
501,Samantha Ford,Bangalore,Enterprise,2025-06-01,41,1
502,Brian Dean,Hyderabad,Enterprise,2023-10-22,40,1
503,Brenda Thomas,Pune,Enterprise,2024-10-31,55,1
504,Kathryn Williams,Chennai,Enterprise,2024-09-23,40,1
505,Patricia Jimenez,Delhi,Premium,2023-06-06,42,0
506,Kimberly Davis,Hyderabad,Enterprise,2023-09-28,40,0
507,Darryl Novak,Pune,Premium,2024-05-10,37,1
508,Kelly Santos,Chennai,Basic,2025-04-05,58,1
509,Teresa Mejia,Mumbai,Enterprise,2025-02-12,61,1
510,Deborah Clark,Mumbai,Enterprise,2024-08-06,36,0
511,Michael Riley,Pune,Enterprise,2024-02-15,28,1
512,Tyler Moss,Delhi,Premium,2024-05-26,41,1
513,Robert Huynh,Mumbai,Premium,2026-02-04,65,1
514,Brad Johnson,Hyderabad,Enterprise,2024-11-13,60,1
515,Lauren Howell,Chennai,Enterprise,2024-10-22,24,1
516,Brittany Johnson,Pune,Basic,2024-04-15,56,1
517,James Parker,Chennai,Premium,2025-08-21,54,1
518,Samuel Johnson,Bangalore,Basic,2023-05-18,50,1
519,Rachel Silva,Pune,Premium,2025-06-20,64,1
520,Kelsey Pitts,Pune,Premium,2024-06-25,33,1
521,Julie Hess,Bangalore,Enterprise,2023-06-18,40,1
522,Brian Eaton,Bangalore,Premium,2024-02-01,34,1
523,Mike Santana,Bangalore,Premium,2024-03-02,43,1
524,Logan Weaver,Bangalore,Basic,2024-11-28,57,1
525,Kimberly Morgan,Hyderabad,Premium,2023-06-04,30,1
526,Monica Burton,Delhi,Premium,2025-03-22,26,1
527,Henry Hawkins,Hyderabad,Enterprise,2025-10-20,37,1
528,Amanda Bennett,Mumbai,Basic,2025-06-26,55,1
529,Sarah Hughes,Pune,Enterprise,2026-04-24,38,1
530,Katherine Davis,Delhi,Enterprise,2023-07-05,58,1
531,Mary Ayala,Mumbai,Basic,2025-07-28,63,1
532,Lisa Pena,Chennai,Basic,2024-12-28,24,0
533,Andrea Roberts,Hyderabad,Premium,2025-03-20,51,0
534,Audrey Powers,Chennai,Basic,2024-09-23,21,1
535,Brandon Boyd,Hyderabad,Enterprise,2025-12-13,51,1
536,Molly Crawford,Chennai,Basic,2025-08-02,39,1
537,Eugene Morgan,Bangalore,Enterprise,2024-02-09,24,0
538,David House,Chennai,Enterprise,2025-01-29,35,0
539,Carol Carter,Mumbai,Premium,2024-12-04,32,0
540,Mike Mills,Hyderabad,Premium,2025-12-15,32,1
541,Brett Green,Delhi,Basic,2025-03-25,40,0
542,Mario Wade,Bangalore,Premium,2023-10-14,50,1
543,Manuel Harper,Mumbai,Enterprise,2023-09-23,50,1
544,Thomas Beck,Mumbai,Basic,2024-03-30,42,1
545,David Brewer,Chennai,Premium,2026-02-02,62,1
546,Randall Dunn,Chennai,Basic,2025-07-02,21,1
547,Samantha Thompson,Bangalore,Enterprise,2023-09-10,64,1
548,John Clark,Mumbai,Enterprise,2023-06-06,61,1
549,Mary Green,Hyderabad,Enterprise,2025-09-15,41,0
550,Danielle Jones,Hyderabad,Enterprise,2025-02-06,27,1
551,Mary Hill,Mumbai,Premium,2026-01-16,41,1
552,Mary Higgins,Delhi,Premium,2023-06-09,45,1
553,Tanya Dawson,Hyderabad,Premium,2023-08-17,42,1
554,Michael Ross,Pune,Enterprise,2024-01-03,57,0
555,Donald Ayala,Bangalore,Enterprise,2024-08-18,44,1
556,Lisa Haney,Delhi,Enterprise,2026-04-14,28,1
557,Steven Li,Bangalore,Basic,2023-07-15,46,1
558,Andrew Stewart,Chennai,Basic,2025-08-26,61,1
559,Timothy Newton,Bangalore,Enterprise,2024-04-26,35,1
560,Elizabeth Lewis,Mumbai,Premium,2024-01-20,30,1
561,Brian Fowler,Chennai,Enterprise,2025-01-01,44,1
562,Michael Fox,Chennai,Enterprise,2025-03-29,51,1
563,Shane Taylor,Mumbai,Enterprise,2023-06-12,59,0
564,Robert Miles,Pune,Premium,2025-10-17,54,1
565,Tiffany Hartman,Delhi,Enterprise,2025-06-21,28,0
566,Vicki Foster,Pune,Enterprise,2025-08-30,33,1
567,Samuel Morgan,Mumbai,Premium,2024-10-28,54,1
568,Susan Gutierrez,Delhi,Enterprise,2026-05-05,34,1
569,Steven Reyes,Delhi,Enterprise,2024-09-30,49,0
570,Miguel Rhodes,Hyderabad,Basic,2025-09-13,53,1
571,Kimberly Schneider,Hyderabad,Enterprise,2024-08-02,24,1
572,Sarah Ruiz,Chennai,Premium,2025-11-16,22,1
573,Sarah Murphy,Bangalore,Basic,2025-12-08,34,0
574,Brian Harris,Delhi,Premium,2025-07-13,43,0
575,Christopher Lewis,Pune,Basic,2025-02-28,25,1
576,Thomas Paul,Delhi,Premium,2024-04-29,47,1
577,Jesse Williams,Mumbai,Enterprise,2025-07-12,62,1
578,Michelle Parks,Bangalore,Premium,2025-07-25,49,1
579,Ricky Gordon,Hyderabad,Basic,2025-11-21,64,1
580,Kathleen Mathis,Chennai,Premium,2023-11-23,28,1
581,Bruce Mendez,Pune,Premium,2024-04-17,54,1
582,Alejandra Moore,Chennai,Basic,2024-07-21,21,0
583,Kimberly Moore,Bangalore,Premium,2025-08-03,64,1
584,Melanie Hunt,Pune,Premium,2026-02-09,35,1
585,Brittany Martinez,Hyderabad,Premium,2024-07-10,30,1
586,Dennis Callahan,Mumbai,Enterprise,2025-12-12,28,0
587,Marilyn Wheeler,Chennai,Premium,2025-02-05,60,0
588,Deanna Miles,Mumbai,Basic,2024-02-05,25,0
589,John Park,Pune,Basic,2025-02-14,49,0
590,Sharon Bowman,Mumbai,Enterprise,2024-01-25,23,1
591,Heidi Lambert,Hyderabad,Basic,2024-02-23,55,1
592,Troy Preston,Delhi,Basic,2026-01-26,53,1
593,Desiree Lopez,Mumbai,Enterprise,2025-06-16,57,1
594,Cynthia Barnes,Pune,Enterprise,2024-03-22,64,1
595,Julie Clark DDS,Mumbai,Premium,2023-07-12,30,1
596,Deborah White,Hyderabad,Premium,2023-10-04,38,0
597,Michael Martinez,Pune,Enterprise,2024-02-10,32,1
598,Randy Johnston,Pune,Premium,2025-05-21,24,1
599,Shannon Hall,Chennai,Enterprise,2024-11-12,45,1
600,Ashley Jenkins,Chennai,Premium,2025-12-19,47,1
601,Sheila Williams,Bangalore,Premium,2023-06-05,32,1
602,Joshua Long,Mumbai,Basic,2025-11-03,40,1
603,John Robles,Hyderabad,Basic,2025-09-27,56,1
604,Lauren Miller,Hyderabad,Enterprise,2023-10-16,54,1
605,Randy Sanford,Hyderabad,Basic,2024-04-17,37,1
606,Joseph Grant,Bangalore,Enterprise,2025-10-01,26,1
607,Timothy Hester,Bangalore,Basic,2025-05-21,55,1
608,Kenneth Hicks,Delhi,Premium,2026-03-23,45,0
609,Linda Sandoval,Delhi,Basic,2023-05-14,58,1
610,Shawn Mullen,Hyderabad,Basic,2024-05-16,42,1
611,Stephen Fisher,Delhi,Basic,2024-07-21,33,0
612,Andrew Grant,Chennai,Premium,2025-09-15,36,1
613,Jerry Anderson,Hyderabad,Basic,2025-03-17,56,1
614,Stephanie Collins,Bangalore,Premium,2025-03-24,50,1
615,Jeffrey Gonzalez,Bangalore,Premium,2025-06-18,44,1
616,Blake Andrews,Hyderabad,Basic,2024-07-30,51,1
617,Brandon Andrews,Mumbai,Premium,2025-09-09,41,1
618,Robert Rojas,Delhi,Enterprise,2026-03-17,35,1
619,Melissa Smith,Delhi,Premium,2025-09-30,56,1
620,Mitchell Gill,Bangalore,Basic,2023-05-21,33,1
621,Adam Chambers,Mumbai,Premium,2023-05-22,57,1
622,Michelle Cameron,Hyderabad,Enterprise,2025-09-28,62,1
623,Janet Moran,Bangalore,Premium,2025-06-28,62,1
624,Michael Tucker,Hyderabad,Basic,2025-03-22,43,1
625,James Wolfe,Mumbai,Enterprise,2024-03-14,55,1
626,Sara Chen,Mumbai,Enterprise,2023-10-05,62,0
627,Noah Young,Pune,Basic,2025-05-07,25,0
628,Cheryl Robinson,Delhi,Premium,2026-04-18,29,1
629,Robert Hernandez,Delhi,Enterprise,2025-07-17,30,0
630,Thomas Morales,Mumbai,Enterprise,2023-05-25,50,1
631,Jocelyn Freeman,Delhi,Enterprise,2024-12-09,61,1
632,Gregory Brewer DDS,Chennai,Premium,2025-02-14,22,0
633,Joshua Morris Jr.,Pune,Enterprise,2024-10-09,47,0
634,Stacy Moran,Delhi,Enterprise,2023-09-12,38,1
635,Whitney Johnson,Delhi,Enterprise,2024-12-28,65,1
636,Clinton White,Mumbai,Basic,2023-06-06,27,1
637,Raymond Butler,Mumbai,Basic,2024-02-14,60,1
638,Michael Lynch Jr.,Bangalore,Premium,2025-01-22,46,0
639,Jennifer Chen,Bangalore,Premium,2023-05-22,50,1
640,Michelle Nicholson,Chennai,Basic,2024-11-20,40,0
641,Peter Wells,Chennai,Enterprise,2025-12-10,23,0
642,Jeremy Drake,Hyderabad,Premium,2023-06-30,45,1
643,Roberto Hogan,Delhi,Enterprise,2023-10-20,21,1
644,Jennifer Mitchell,Delhi,Premium,2023-11-25,48,1
645,Richard Booth,Pune,Basic,2024-04-06,54,0
646,Mrs. Sandra Maddox,Mumbai,Basic,2025-08-24,65,1
647,Shannon Smith,Bangalore,Basic,2024-02-04,25,1
648,Andrea Miller,Pune,Enterprise,2025-09-07,63,0
649,Sheila Johnson,Mumbai,Premium,2025-08-20,22,1
650,Karla Morgan,Pune,Basic,2026-01-03,46,0
651,Aaron Moon,Bangalore,Basic,2023-07-14,57,1
652,Sydney Lee,Pune,Premium,2025-03-16,64,1
653,Eric Brock,Hyderabad,Enterprise,2025-04-09,29,0
654,Robert Guerrero,Pune,Enterprise,2024-11-23,43,0
655,Jackson Haas,Delhi,Premium,2025-04-20,35,0
656,Jack Wright,Bangalore,Enterprise,2023-09-07,60,1
657,Michelle Walton,Bangalore,Basic,2025-03-05,61,1
658,Julie Riley,Hyderabad,Premium,2024-08-06,35,1
659,Scott Duncan,Pune,Premium,2025-08-26,48,1
660,Thomas Morgan,Chennai,Enterprise,2024-02-08,63,1
661,Heather Perkins,Delhi,Enterprise,2024-06-23,39,1
662,Christopher Cooper,Chennai,Basic,2024-10-20,26,1
663,Shirley Spears,Mumbai,Premium,2023-07-25,61,1
664,Melissa Juarez,Chennai,Premium,2025-03-26,41,1
665,Christina Faulkner,Delhi,Basic,2025-10-28,21,1
666,Tyler Ortega,Hyderabad,Premium,2025-03-02,38,0
667,Christopher Fields,Mumbai,Basic,2025-03-31,32,1
668,Mark Woods,Hyderabad,Enterprise,2024-07-16,56,1
669,Edward Phillips,Delhi,Basic,2024-07-20,26,1
670,Veronica Graves,Pune,Basic,2024-02-25,59,1
671,Dana Gonzalez,Hyderabad,Basic,2024-12-26,39,1
672,Karen Thompson,Hyderabad,Basic,2025-09-10,56,1
673,Ronald Reed,Pune,Enterprise,2023-12-03,31,1
674,Joann Parker,Mumbai,Basic,2025-08-22,38,1
675,Brianna Glass,Bangalore,Premium,2023-12-16,30,0
676,Kimberly Sampson,Mumbai,Premium,2024-11-02,38,1
677,Jerry Cross,Bangalore,Premium,2023-07-09,25,1
678,Courtney Rose,Bangalore,Basic,2024-02-29,61,1
679,Adam Acevedo,Pune,Enterprise,2024-04-22,33,1
680,Patricia Leonard,Delhi,Basic,2023-12-28,40,0
681,Natalie Moore,Hyderabad,Premium,2023-11-07,60,1
682,Mary Meyer,Bangalore,Premium,2023-08-09,42,1
683,Melvin Daniels,Chennai,Enterprise,2024-06-13,29,1
684,Jonathon Harper,Bangalore,Enterprise,2024-05-02,65,1
685,Justin Cole,Hyderabad,Premium,2023-11-25,32,1
686,Jeffrey Payne,Bangalore,Premium,2025-11-07,65,1
687,Tabitha Martinez,Pune,Basic,2024-04-15,41,1
688,John Patrick,Bangalore,Premium,2023-11-27,44,0
689,John Kemp,Pune,Basic,2024-07-14,58,1
690,Jeremy Holt,Chennai,Enterprise,2023-07-12,22,1
691,Joseph Medina,Chennai,Basic,2024-08-22,49,1
692,Tammy Roach,Chennai,Basic,2024-06-25,47,1
693,Cameron Martin,Mumbai,Enterprise,2024-08-07,40,1
694,Jamie Martinez,Bangalore,Enterprise,2024-03-08,30,1
695,Clayton Turner,Hyderabad,Basic,2023-12-19,49,1
696,Tyler Howell,Pune,Premium,2024-05-08,55,1
697,Donald Russell,Pune,Basic,2025-11-09,44,0
698,Travis Jacobs,Delhi,Basic,2025-09-29,63,1
699,Nathan Martin,Mumbai,Enterprise,2025-03-26,60,0
700,Julie Fletcher,Pune,Enterprise,2026-04-21,64,1
701,Vernon Brown,Bangalore,Premium,2024-04-14,27,0
702,Crystal Alvarez,Delhi,Premium,2024-11-24,35,1
703,Tyrone Huang,Hyderabad,Premium,2026-02-04,46,1
704,Nathan Heath,Chennai,Enterprise,2024-06-11,65,1
705,Jeremy Johnson,Bangalore,Basic,2023-11-27,51,0
706,Megan Fitzpatrick,Bangalore,Premium,2026-03-15,26,0
707,James Harrell,Chennai,Basic,2025-07-07,43,1
708,Brittany Sparks,Bangalore,Premium,2025-07-13,34,1
709,Joshua Mcclure,Bangalore,Premium,2026-01-03,27,1
710,Steven Morton,Chennai,Enterprise,2025-06-14,49,1
711,Nicholas Cole,Delhi,Premium,2024-05-08,23,0
712,Morgan Scott,Delhi,Premium,2025-02-23,62,0
713,Michele Lara,Chennai,Basic,2024-12-09,36,1
714,Thomas Martinez,Pune,Basic,2023-07-25,42,1
715,Kenneth Love,Hyderabad,Basic,2024-08-26,46,1
716,Brian Nguyen,Mumbai,Enterprise,2024-07-09,63,1
717,Sierra Whitney,Hyderabad,Basic,2023-05-11,60,1
718,Terri Wells,Hyderabad,Enterprise,2025-07-08,48,1
719,Tiffany Carroll,Delhi,Enterprise,2024-03-11,34,1
720,Erin Wolfe,Bangalore,Enterprise,2023-09-11,25,0
721,Joshua Kaiser,Pune,Basic,2023-06-29,44,1
722,Emily Schneider,Mumbai,Premium,2025-08-27,28,1
723,Thomas Stewart,Chennai,Premium,2026-03-20,54,1
724,Brian Sanford,Pune,Premium,2026-01-07,60,1
725,Shelby Porter,Pune,Basic,2024-08-19,43,1
726,Anna Martinez,Hyderabad,Enterprise,2023-06-26,32,1
727,Jessica Jones,Pune,Enterprise,2026-01-09,26,1
728,William Blevins,Bangalore,Basic,2025-01-08,36,1
729,Brenda Walker,Delhi,Basic,2024-03-22,44,1
730,Cory Miller,Pune,Premium,2024-12-18,47,1
731,Sara Wilson,Pune,Premium,2024-08-23,48,1
732,Mrs. Barbara Harper,Hyderabad,Enterprise,2025-12-02,55,1
733,Hector Mccarty,Pune,Basic,2024-02-06,52,1
734,Heather Perez,Mumbai,Basic,2024-05-10,41,1
735,Daniel Sampson,Pune,Basic,2024-07-05,43,0
736,David Smith,Hyderabad,Basic,2026-02-11,33,1
737,Bruce Flores,Pune,Enterprise,2025-05-11,62,1
738,Michelle Sampson,Hyderabad,Enterprise,2023-05-07,52,1
739,Amanda Rogers,Chennai,Premium,2023-09-26,52,1
740,Christopher Vaughn,Delhi,Enterprise,2025-09-16,22,1
741,Anthony Yates,Bangalore,Basic,2024-12-06,38,1
742,Sara Powell,Pune,Premium,2026-01-29,31,1
743,Kelly Huang,Pune,Enterprise,2023-09-28,52,0
744,John Jones,Pune,Basic,2023-11-18,38,1
745,Kaitlyn Bryant,Pune,Basic,2023-12-28,49,1
746,Dakota Gentry,Hyderabad,Basic,2025-02-27,62,1
747,Mrs. Teresa Curry,Bangalore,Basic,2025-12-31,49,1
748,Tammy Allison,Bangalore,Basic,2025-11-20,49,0
749,Samuel Davis,Mumbai,Basic,2024-04-25,58,1
750,Andrew Lee,Chennai,Enterprise,2023-10-09,61,1
751,Zachary Murphy,Mumbai,Enterprise,2024-01-16,29,1
752,Ronald Mcdowell,Mumbai,Basic,2024-02-27,57,1
753,Sara Green,Pune,Premium,2024-05-21,59,1
754,David Nicholson,Bangalore,Enterprise,2025-06-11,39,1
755,Kristen Quinn,Pune,Premium,2024-12-26,53,0
756,Daniel Morgan,Mumbai,Premium,2025-08-06,24,1
757,Beth Oneill,Chennai,Basic,2024-11-01,65,1
758,Justin Hawkins,Mumbai,Basic,2024-09-03,41,1
759,Rebecca Garcia,Chennai,Premium,2024-02-03,52,1
760,Keith Shepherd,Pune,Enterprise,2024-09-18,38,1
761,Brian Allen,Hyderabad,Premium,2024-04-06,25,0
762,Christopher Harper,Hyderabad,Enterprise,2024-10-11,38,1
763,Brittany Mcgee,Hyderabad,Premium,2024-09-03,41,0
764,Cheryl Brewer,Chennai,Basic,2023-11-27,50,1
765,Kenneth Hart,Delhi,Enterprise,2023-08-03,46,1
766,Brad Graham,Hyderabad,Basic,2023-11-03,52,1
767,Megan Kramer PhD,Bangalore,Premium,2026-04-30,42,1
768,Kylie Harris,Pune,Premium,2026-02-03,42,0
769,Roberto Jones,Delhi,Basic,2025-05-05,61,1
770,Rachel Ramirez,Delhi,Basic,2024-01-18,31,1
771,Joseph Rivas,Hyderabad,Basic,2025-07-04,48,1
772,Emily Vega,Chennai,Basic,2024-03-09,62,1
773,Meghan York,Mumbai,Premium,2024-07-04,26,1
774,Mary Meyer,Bangalore,Basic,2025-02-16,44,1
775,Jennifer Branch,Delhi,Premium,2023-09-24,61,1
776,Heather Marquez,Chennai,Enterprise,2024-09-30,35,1
777,Kimberly Johnson,Chennai,Basic,2025-01-11,27,0
778,Michael Mejia,Mumbai,Premium,2024-01-21,25,1
779,Edward Davis,Pune,Basic,2024-08-19,54,1
780,Robert Spears,Delhi,Basic,2024-10-24,65,1
781,Carmen Lane,Delhi,Premium,2024-06-07,65,1
782,Craig Hinton,Hyderabad,Basic,2025-09-06,35,1
783,Ashley Keller,Delhi,Enterprise,2023-09-29,27,0
784,Patricia Woods,Bangalore,Premium,2025-05-09,40,1
785,Paul Bailey,Hyderabad,Basic,2023-05-27,62,1
786,Christopher Hamilton,Delhi,Enterprise,2024-01-04,57,0
787,Jennifer Willis,Pune,Enterprise,2024-05-13,31,1
788,Patricia Long,Bangalore,Enterprise,2025-01-27,34,1
789,Pamela Bryan,Hyderabad,Enterprise,2025-06-27,64,1
790,Elizabeth Watson,Mumbai,Basic,2025-10-24,27,1
791,Eileen Wright,Delhi,Enterprise,2023-09-30,45,1
792,Robert Colon,Hyderabad,Premium,2025-03-01,29,1
793,Erika Martin,Bangalore,Enterprise,2024-09-01,26,1
794,Bryan Rush,Pune,Enterprise,2023-05-10,59,1
795,Richard Lewis,Chennai,Basic,2024-03-03,63,1
796,Colton Wood,Mumbai,Enterprise,2024-08-10,59,1
797,Hannah Jackson,Chennai,Premium,2025-12-20,39,0
798,Aaron Thompson,Mumbai,Premium,2024-02-11,45,0
799,Julie Huber,Mumbai,Premium,2025-02-16,61,0
800,Taylor Jones,Pune,Basic,2024-08-16,44,1
801,Christopher Tran,Mumbai,Premium,2024-02-07,57,1
802,Brittney Gay,Bangalore,Enterprise,2025-04-07,64,1
803,Shawn Mcknight,Hyderabad,Basic,2024-06-27,22,0
804,Mrs. Gwendolyn Christensen,Delhi,Premium,2026-04-15,34,0
805,Travis Taylor,Delhi,Premium,2023-12-29,53,1
806,Eric King,Chennai,Enterprise,2023-12-18,53,1
807,William Gonzalez,Hyderabad,Enterprise,2023-12-01,46,0
808,Tammy Li,Chennai,Enterprise,2026-02-18,55,1
809,Tyler Martinez,Bangalore,Basic,2024-08-17,40,0
810,Tonya Graham,Pune,Basic,2025-04-17,30,1
811,Mark Mitchell,Hyderabad,Enterprise,2024-03-07,61,0
812,Dr. Leslie Thompson,Bangalore,Enterprise,2025-10-26,48,1
813,David Wolf,Delhi,Basic,2023-10-15,26,1
814,Elizabeth Rangel,Delhi,Premium,2024-01-02,60,0
815,Dawn Rodriguez,Bangalore,Enterprise,2025-01-18,63,1
816,Zachary Powell,Delhi,Basic,2023-07-03,29,0
817,Carl Burnett,Mumbai,Premium,2026-04-08,43,1
818,Donald Barrett MD,Mumbai,Premium,2024-01-09,29,1
819,Linda Camacho,Chennai,Basic,2026-03-20,22,1
820,Tony Garcia,Hyderabad,Premium,2026-04-18,54,0
821,Maria Marsh,Bangalore,Enterprise,2025-07-13,57,0
822,Christopher Johnson,Hyderabad,Premium,2023-07-19,53,1
823,Dillon Grimes,Delhi,Premium,2026-04-11,57,1
824,Brenda Collins,Bangalore,Basic,2024-12-30,37,0
825,Lisa Gonzalez,Pune,Enterprise,2023-07-12,28,1
826,Casey Wilkins,Chennai,Enterprise,2024-02-17,21,0
827,Craig Armstrong,Delhi,Basic,2024-06-04,23,1
828,John Dyer,Bangalore,Premium,2025-12-10,30,1
829,Angela Shelton,Delhi,Enterprise,2023-06-21,62,1
830,Brian Faulkner,Mumbai,Premium,2024-04-13,36,1
831,Renee Barrett,Chennai,Premium,2023-08-01,38,0
832,Oscar Bowen,Pune,Premium,2026-01-23,28,0
833,Kenneth Stewart,Mumbai,Basic,2023-12-30,54,0
834,Julie Smith,Hyderabad,Basic,2026-02-16,50,1
835,Benjamin Murphy,Bangalore,Premium,2025-02-05,26,1
836,Justin Vega,Delhi,Premium,2024-01-03,33,1
837,Bradley Cox,Pune,Premium,2025-09-10,60,1
838,Courtney Perry,Hyderabad,Premium,2024-01-31,58,1
839,Sherry Martin,Mumbai,Enterprise,2025-01-16,55,1
840,Lawrence Johnson,Mumbai,Basic,2024-06-09,47,0
841,Dylan Leach,Mumbai,Enterprise,2024-11-28,43,0
842,Geoffrey Lopez,Bangalore,Basic,2023-06-15,63,1
843,Christine Hanson,Chennai,Enterprise,2025-09-02,40,0
844,Matthew Bell,Mumbai,Enterprise,2026-05-04,36,1
845,Samuel Young,Hyderabad,Basic,2024-12-09,30,1
846,Michael Nolan,Delhi,Basic,2025-08-29,35,1
847,Haley Matthews,Chennai,Premium,2025-01-15,50,0
848,Eric Burnett,Pune,Basic,2024-03-03,53,1
849,Nicholas Burch,Chennai,Premium,2025-08-23,25,0
850,Kristin Jones,Hyderabad,Enterprise,2023-08-06,29,1
851,Robert Young,Bangalore,Premium,2024-05-17,41,1
852,Jeremy Johnson,Chennai,Enterprise,2025-06-08,41,1
853,Nathan Carter,Hyderabad,Premium,2024-10-03,35,0
854,Deborah Harrison,Mumbai,Basic,2023-08-29,58,0
855,Jack Mitchell,Mumbai,Basic,2023-11-16,31,1
856,Mrs. Sue Rose,Hyderabad,Premium,2024-12-01,47,0
857,Kathryn Shaw,Pune,Premium,2024-05-20,34,1
858,Amanda Walker,Bangalore,Premium,2025-11-19,37,0
859,William Rose,Delhi,Basic,2025-02-19,64,1
860,Jeffrey Atkins,Chennai,Enterprise,2023-06-18,59,0
861,Kayla Long,Mumbai,Premium,2024-11-29,30,0
862,Derek Day,Chennai,Basic,2024-06-28,43,1
863,Laura Stevens,Pune,Basic,2023-06-10,64,1
864,Jodi Mayo,Bangalore,Basic,2025-04-28,22,1
865,Thomas Cardenas,Hyderabad,Enterprise,2024-05-15,56,1
866,Dr. Eric Waters DVM,Delhi,Premium,2024-05-12,27,1
867,Paul Dean,Delhi,Basic,2023-11-03,24,1
868,Sean Long,Mumbai,Basic,2025-02-26,46,1
869,Kevin Lopez,Chennai,Enterprise,2025-12-17,62,0
870,Patrick Barrett,Pune,Enterprise,2023-06-01,37,0
871,Lori Black,Delhi,Basic,2023-07-19,33,1
872,Gregory Bailey,Mumbai,Basic,2025-11-09,42,0
873,Eric Taylor,Delhi,Premium,2023-05-29,24,1
874,Larry Hunter,Pune,Premium,2026-03-19,46,1
875,Christine Robinson,Delhi,Premium,2025-08-06,64,1
876,Jean Peterson,Mumbai,Premium,2023-12-23,34,1
877,Kelly Rodriguez,Bangalore,Premium,2025-05-02,49,1
878,Miranda Hammond,Delhi,Enterprise,2024-03-31,60,1
879,John Morton,Chennai,Premium,2023-10-28,52,1
880,Heather Montgomery,Pune,Premium,2025-03-20,24,0
881,Desiree Barnes DDS,Bangalore,Premium,2024-02-23,29,1
882,Nicole Lindsey,Mumbai,Enterprise,2023-08-02,54,1
883,Becky Jones,Chennai,Enterprise,2024-12-14,22,1
884,Amy Lee,Chennai,Premium,2025-04-17,51,1
885,Peter Robinson,Bangalore,Enterprise,2026-02-22,53,1
886,Bob Black,Hyderabad,Premium,2025-06-03,32,0
887,Lauren Bell,Bangalore,Enterprise,2024-03-20,35,0
888,Savannah Harris,Bangalore,Basic,2025-01-04,51,1
889,Richard Horn,Pune,Basic,2025-05-01,31,0
890,John Bowers,Mumbai,Enterprise,2026-02-14,36,1
891,Patrick Blackburn,Pune,Enterprise,2025-01-23,24,1
892,Stephen Villegas,Pune,Premium,2026-04-28,43,1
893,Erin Roberts,Mumbai,Basic,2025-08-28,58,1
894,Luis Farrell,Chennai,Enterprise,2023-10-08,43,0
895,Derek Lopez,Chennai,Enterprise,2023-08-15,43,1
896,Dylan Brown,Pune,Basic,2024-03-13,52,1
897,Nicholas Thomas,Mumbai,Premium,2025-03-12,23,0
898,Kyle Pacheco,Delhi,Basic,2025-10-25,59,1
899,Craig Anderson,Delhi,Enterprise,2024-06-05,51,0
900,Mrs. Kirsten Miller,Bangalore,Enterprise,2023-05-26,33,1
901,Andrew Hall,Bangalore,Enterprise,2023-08-08,32,1
902,Joshua Olson,Delhi,Basic,2025-01-04,30,1
903,Michele Cordova,Delhi,Enterprise,2025-05-03,44,0
904,Samuel Huffman,Bangalore,Enterprise,2024-07-30,63,1
905,Dana Cunningham,Pune,Basic,2026-04-19,42,1
906,William Patel,Bangalore,Basic,2025-06-21,31,1
907,Natalie Thornton,Chennai,Premium,2024-11-20,62,1
908,Carrie Carrillo MD,Mumbai,Enterprise,2024-12-22,56,1
909,Daniel Woods,Mumbai,Enterprise,2024-01-17,58,1
910,Travis Shepherd,Hyderabad,Premium,2025-09-12,65,1
911,Angela Black,Mumbai,Basic,2026-01-12,21,1
912,Linda Shepherd,Pune,Basic,2025-02-04,32,1
913,Travis Taylor,Pune,Basic,2024-01-21,61,0
914,Annette Williams,Hyderabad,Basic,2023-09-29,42,0
915,Rachel Cooper,Mumbai,Premium,2026-01-04,41,1
916,Marcus Ramos,Chennai,Basic,2025-07-06,63,1
917,Richard Miller,Hyderabad,Basic,2026-02-11,37,1
918,Jon Chandler,Mumbai,Enterprise,2024-09-11,25,1
919,Justin Shaw,Bangalore,Basic,2025-03-24,21,0
920,Jay Martin,Hyderabad,Premium,2024-09-06,47,1
921,Jennifer Alvarez,Hyderabad,Premium,2024-01-22,45,1
922,Corey Tucker,Pune,Premium,2024-07-07,27,1
923,Christopher Oconnor,Pune,Enterprise,2023-11-06,64,1
924,Jamie Nelson,Mumbai,Premium,2026-04-11,25,0
925,Wayne Bell,Bangalore,Basic,2024-12-26,41,1
926,Matthew Williams,Delhi,Basic,2024-07-30,42,1
927,Robert Bowers,Hyderabad,Basic,2024-06-25,25,0
928,Renee Curtis,Bangalore,Enterprise,2023-10-17,60,1
929,Julie Greene,Chennai,Basic,2024-12-12,48,1
930,Shane Taylor,Pune,Premium,2023-12-16,31,0
931,Kenneth Cobb,Delhi,Premium,2024-10-19,34,1
932,Scott White,Hyderabad,Enterprise,2024-10-18,56,1
933,Michelle Williams,Chennai,Premium,2023-07-22,40,1
934,Mary Wagner,Delhi,Basic,2023-10-02,46,1
935,Crystal Wheeler,Mumbai,Basic,2024-11-23,44,0
936,Amber Ramirez,Hyderabad,Basic,2025-06-21,39,1
937,Heather Gonzalez,Mumbai,Basic,2024-02-23,22,1
938,Amanda Matthews,Mumbai,Enterprise,2023-09-24,39,0
939,Robert Myers,Hyderabad,Basic,2026-03-26,40,1
940,Stephanie Hicks,Hyderabad,Premium,2025-02-12,63,1
941,Mr. George Holland,Delhi,Enterprise,2024-06-09,55,1
942,Andrew Pacheco,Mumbai,Premium,2023-10-20,45,1
943,Lisa Gross,Mumbai,Premium,2025-05-26,23,1
944,Andrew Alvarez,Hyderabad,Premium,2026-02-19,37,1
945,Heather Edwards,Bangalore,Enterprise,2025-12-31,24,1
946,Jennifer Weeks,Chennai,Enterprise,2024-03-25,27,0
947,Carolyn Munoz,Chennai,Premium,2025-01-30,55,1
948,Jesse Brown,Pune,Basic,2023-07-09,56,0
949,Michael Johnson,Hyderabad,Enterprise,2023-09-27,47,1
950,Susan Riley,Pune,Basic,2023-09-18,51,1
951,Steven Hunt,Delhi,Premium,2024-05-23,23,1
952,Robert Anderson,Delhi,Premium,2024-08-22,32,1
953,Andrea Wilson,Mumbai,Basic,2024-10-05,29,0
954,Lori Hubbard,Hyderabad,Basic,2026-03-20,64,1
955,Karen Mendez,Mumbai,Enterprise,2023-07-15,30,1
956,Dr. Bobby Rice Jr.,Bangalore,Enterprise,2026-01-04,25,0
957,Mr. Steven Mills,Hyderabad,Enterprise,2024-08-01,46,1
958,Jennifer Hall,Bangalore,Enterprise,2026-05-04,50,0
959,Michael Michael,Chennai,Enterprise,2025-10-22,58,1
960,Sylvia Miller,Delhi,Premium,2024-01-28,30,1
961,Jared Erickson,Pune,Enterprise,2023-12-04,58,0
962,James Fisher,Delhi,Enterprise,2024-10-22,27,1
963,Stephen Davis,Pune,Premium,2025-05-05,47,1
964,Katherine Lynch,Hyderabad,Enterprise,2023-11-12,52,1
965,Brianna Wright,Delhi,Basic,2024-12-20,38,1
966,Steven Daugherty,Mumbai,Enterprise,2023-05-14,59,1
967,Scott Thompson,Delhi,Premium,2023-07-11,42,1
968,Francis Murray,Delhi,Enterprise,2023-07-11,51,1
969,Monica Hobbs,Bangalore,Basic,2024-01-22,42,1
970,Caleb Kelley,Bangalore,Premium,2023-11-27,52,0
971,Angela Brooks,Mumbai,Basic,2025-05-11,40,1
972,Hunter Foster,Bangalore,Premium,2025-05-06,47,0
973,Rhonda Burch,Mumbai,Premium,2023-06-18,34,1
974,Tyler Ortiz,Chennai,Premium,2024-05-20,54,1
975,Daniel Allen,Delhi,Enterprise,2024-06-21,31,0
976,Yvonne Fox,Bangalore,Enterprise,2023-10-27,53,1
977,Ryan Morse,Mumbai,Enterprise,2024-01-07,57,0
978,Tammy Andersen,Mumbai,Basic,2023-08-25,33,0
979,Tyler Cruz,Mumbai,Basic,2024-12-28,50,0
980,Julie Morse,Bangalore,Enterprise,2026-04-24,33,1
981,Edward Hoffman,Bangalore,Premium,2025-11-06,53,1
982,Ashley Medina,Chennai,Basic,2024-05-17,64,0
983,Scott Cook,Mumbai,Premium,2025-07-02,52,1
984,Brianna Sanchez,Mumbai,Premium,2024-07-21,58,1
985,Sabrina Rodriguez,Bangalore,Basic,2025-11-20,37,0
986,Christopher Lee,Bangalore,Basic,2025-05-08,45,0
987,Thomas Anderson,Mumbai,Enterprise,2023-11-01,34,1
988,Priscilla Campos,Chennai,Basic,2024-05-11,64,1
989,Monica Strickland,Bangalore,Enterprise,2024-04-29,47,0
990,Jill Knox,Chennai,Basic,2024-07-20,51,1
991,Kelsey Wells,Chennai,Basic,2025-01-17,59,0
992,Robin Carroll,Mumbai,Premium,2023-10-01,59,1
993,Eric Hodges,Chennai,Enterprise,2025-10-05,62,1
994,Maria Norton,Hyderabad,Premium,2025-11-23,43,1
995,Elaine Jones,Bangalore,Basic,2026-01-12,50,1
996,Brandon Chavez,Chennai,Enterprise,2024-11-13,60,1
997,Ashley Hooper,Pune,Basic,2025-03-18,21,1
998,John Short,Pune,Enterprise,2025-09-10,59,1
999,Katelyn Spencer,Bangalore,Enterprise,2026-03-26,27,1
1000,Jennifer Robinson,Delhi,Premium,2026-05-02,38,1
1001,John Gonzalez,Bangalore,Premium,2025-07-14,62,1
1002,Stanley Lewis,Mumbai,Basic,2023-05-23,54,1
1003,Margaret Marshall,Delhi,Enterprise,2025-02-27,46,1
1004,Gerald Gonzalez,Chennai,Basic,2023-10-27,22,1
1005,Anthony Marshall,Bangalore,Premium,2026-04-07,47,1
1006,Matthew Smith,Hyderabad,Enterprise,2025-06-17,23,1
1007,Justin Gutierrez,Bangalore,Enterprise,2025-05-20,35,1
1008,Heidi Foster,Chennai,Premium,2023-09-20,53,1
1009,Veronica Riggs,Mumbai,Enterprise,2024-04-03,56,1
1010,Robert Ramsey,Bangalore,Basic,2025-02-21,51,1
1011,Allen Gonzalez,Chennai,Premium,2026-01-27,56,1
1012,Stephanie Mcgee,Chennai,Premium,2024-03-25,62,0
1013,Denise Elliott,Mumbai,Premium,2025-01-24,35,1
1014,Deborah Garner,Hyderabad,Premium,2023-10-23,44,1
1015,Tina Thompson,Pune,Premium,2025-11-24,50,0
1016,Ashley Gonzalez,Hyderabad,Basic,2023-07-22,61,0
1017,Hunter Jones,Hyderabad,Basic,2025-02-27,53,0
1018,Curtis Patterson,Chennai,Premium,2023-12-14,54,1
1019,Kevin Jones,Hyderabad,Basic,2026-04-29,30,1
1020,Monica Craig,Mumbai,Premium,2025-07-26,47,1
1021,Amy Bishop,Mumbai,Premium,2023-06-07,32,0
1022,Travis Young,Hyderabad,Premium,2024-12-23,61,1
1023,James Cannon,Bangalore,Enterprise,2025-05-02,24,0
1024,Ian Singh,Hyderabad,Premium,2025-07-09,34,1
1025,Joshua Smith,Pune,Basic,2025-12-25,52,0
1026,Michael Bennett,Mumbai,Enterprise,2024-09-30,48,1
1027,Thomas Nash,Hyderabad,Premium,2026-05-05,51,1
1028,Crystal Higgins,Delhi,Basic,2025-06-08,55,1
1029,Jessica Lang,Chennai,Premium,2025-04-08,21,1
1030,Sarah Floyd,Pune,Basic,2024-11-20,22,0
1031,Lisa Li,Chennai,Enterprise,2026-05-01,36,1
1032,Heather Price,Chennai,Premium,2025-02-21,40,1
1033,Justin Willis,Delhi,Premium,2023-07-14,53,1
1034,Sheila Anderson,Mumbai,Basic,2025-09-20,23,1
1035,Janet Daniels,Bangalore,Premium,2023-06-18,54,1
1036,Michelle Newman,Hyderabad,Enterprise,2024-11-14,29,1
1037,Gail Arnold,Hyderabad,Premium,2025-01-31,33,1
1038,Robert George,Hyderabad,Basic,2023-05-25,35,1
1039,Paul Weaver,Chennai,Basic,2024-09-24,34,0
1040,Ashley Collins,Pune,Enterprise,2024-06-29,31,0
1041,Raymond Foster,Bangalore,Enterprise,2025-01-02,62,0
1042,Randy Harper,Hyderabad,Enterprise,2026-04-22,37,0
1043,Colin Odom,Pune,Basic,2023-08-11,63,0
1044,Mia Rose,Chennai,Basic,2024-01-17,24,0
1045,Brittany Thomas,Hyderabad,Premium,2024-11-26,45,0
1046,Juan Villarreal,Pune,Premium,2026-03-21,51,1
1047,Kathleen Clark,Mumbai,Enterprise,2023-10-01,64,0
1048,David Kennedy,Bangalore,Premium,2024-06-03,63,0
1049,James Perez,Chennai,Enterprise,2023-12-14,38,1
1050,Tyler Erickson,Hyderabad,Basic,2025-03-09,53,0
1051,Terri Anderson,Bangalore,Basic,2024-11-23,27,1
1052,Veronica Figueroa,Mumbai,Enterprise,2026-04-28,33,1
1053,Mary Jenkins,Pune,Basic,2024-01-03,43,1
1054,Julia Cooper,Bangalore,Basic,2023-05-26,23,1
1055,Jason Rowe,Mumbai,Enterprise,2023-06-21,51,1
1056,Christie Silva,Mumbai,Basic,2024-12-19,21,0
1057,Norma Hill,Delhi,Enterprise,2025-03-28,63,1
1058,Jacob Blanchard,Mumbai,Basic,2023-09-08,53,0
1059,Jennifer Mcdaniel,Chennai,Enterprise,2024-10-02,27,1
1060,Michael Ramos,Chennai,Basic,2024-02-04,50,1
1061,Derek Cooper,Bangalore,Premium,2024-07-31,24,0
1062,Michael Armstrong,Mumbai,Basic,2023-06-01,39,1
1063,Jason Ramirez,Chennai,Premium,2025-08-09,48,0
1064,Daniel Logan DDS,Delhi,Basic,2023-12-29,21,1
1065,Debra Weber,Chennai,Enterprise,2025-01-02,31,1
1066,Stephen Romero,Bangalore,Premium,2026-02-19,60,1
1067,Mary White,Chennai,Basic,2025-03-11,44,1
1068,Benjamin Freeman,Mumbai,Basic,2025-01-18,46,1
1069,Rebecca Freeman,Hyderabad,Premium,2023-08-16,45,1
1070,Brittany Miller,Hyderabad,Enterprise,2025-09-29,31,0
1071,Ashley Dean,Mumbai,Enterprise,2024-04-04,24,1
1072,Amber Miller,Delhi,Premium,2024-03-03,58,1
1073,Brittany Jennings,Pune,Enterprise,2025-04-01,49,1
1074,Jill Day,Pune,Premium,2023-09-30,43,0
1075,Christina Smith,Chennai,Enterprise,2026-02-01,29,1
1076,Lindsay Navarro,Hyderabad,Basic,2025-02-05,47,1
1077,Diana Smith,Delhi,Basic,2025-07-10,37,1
1078,Ryan Miller,Delhi,Enterprise,2025-07-30,64,1
1079,Justin Thomas,Chennai,Premium,2024-10-01,54,0
1080,Christine Shields,Hyderabad,Enterprise,2024-10-08,36,1
1081,Michael Lyons,Bangalore,Enterprise,2024-06-28,64,1
1082,David Wilson,Mumbai,Enterprise,2026-04-09,60,0
1083,Robert Ellis,Delhi,Enterprise,2023-08-08,31,1
1084,Julie Smith,Hyderabad,Basic,2023-11-12,25,1
1085,Gary Villegas,Bangalore,Basic,2023-12-27,42,1
1086,Brian King,Delhi,Enterprise,2025-08-28,35,1
1087,Sara Snyder,Hyderabad,Basic,2024-01-17,26,1
1088,Joshua Williams,Hyderabad,Enterprise,2024-02-19,49,0
1089,Diamond Robinson,Hyderabad,Premium,2025-02-12,41,0
1090,James Baker,Hyderabad,Enterprise,2024-03-14,62,0
1091,James York,Delhi,Premium,2024-07-26,47,0
1092,Daniel Pratt,Pune,Enterprise,2025-08-02,21,0
1093,Pamela Rowe,Pune,Enterprise,2024-04-09,61,1
1094,Steve Allen,Pune,Enterprise,2024-02-10,34,1
1095,Shannon Davis,Bangalore,Premium,2025-09-20,24,1
1096,Jennifer Reed,Hyderabad,Premium,2025-12-07,56,1
1097,Leslie Bradshaw,Chennai,Enterprise,2023-11-01,44,1
1098,Randall Wiggins,Delhi,Basic,2023-08-30,63,1
1099,Jason Tapia,Delhi,Premium,2026-03-18,43,1
1100,Victoria Reynolds,Pune,Enterprise,2025-02-19,44,0
1101,Cody Johnson,Delhi,Basic,2025-06-25,52,1
1102,Allison Gaines MD,Chennai,Enterprise,2025-07-22,47,0
1103,Angela Trujillo,Bangalore,Enterprise,2026-02-11,33,1
1104,Darren Garza,Delhi,Premium,2025-04-29,34,1
1105,Katherine Morales,Mumbai,Enterprise,2024-02-08,42,0
1106,Dennis Crawford,Hyderabad,Basic,2024-10-13,61,0
1107,Heather Young,Hyderabad,Premium,2026-04-24,63,1
1108,Ian Peters,Hyderabad,Basic,2025-08-03,54,0
1109,Rebekah Travis,Pune,Premium,2025-12-03,58,1
1110,Whitney Turner,Pune,Basic,2025-03-06,65,1
1111,Gloria Reeves,Chennai,Basic,2026-02-16,27,1
1112,Mr. Vernon Wilson,Chennai,Enterprise,2024-08-23,59,1
1113,Jessica Mccall,Pune,Premium,2025-12-31,47,1
1114,Audrey Johnson,Bangalore,Premium,2024-11-06,42,1
1115,Christopher George,Hyderabad,Basic,2023-09-17,29,1
1116,Sandra Colon,Pune,Enterprise,2024-07-29,53,1
1117,Christine Stewart,Chennai,Enterprise,2026-02-24,41,1
1118,Cody Sanders,Mumbai,Basic,2024-05-28,60,1
1119,Amanda Smith,Chennai,Premium,2023-06-27,64,1
1120,Susan Flowers,Chennai,Enterprise,2025-04-27,32,1
1121,Steven Duarte,Chennai,Basic,2026-03-11,43,1
1122,Angela Harvey,Pune,Enterprise,2024-08-23,63,1
1123,Maria Santos,Chennai,Enterprise,2025-03-30,55,1
1124,Kimberly Silva,Hyderabad,Basic,2026-03-19,54,0
1125,Stephanie Grant,Delhi,Premium,2024-12-02,30,0
1126,Nicole Avila,Chennai,Basic,2024-08-26,33,1
1127,Roy Harrell,Mumbai,Premium,2024-08-07,64,1
1128,Mrs. Nichole Davis,Mumbai,Basic,2025-06-03,65,1
1129,James Wagner,Mumbai,Enterprise,2024-06-17,23,1
1130,Jesse Miller,Hyderabad,Basic,2023-08-14,60,1
1131,Jeremy Smith,Chennai,Enterprise,2023-10-13,56,1
1132,Cody Galvan,Mumbai,Enterprise,2024-07-08,65,1
1133,Mrs. Andrea Berry,Chennai,Enterprise,2026-04-23,24,1
1134,Regina Mcguire,Hyderabad,Premium,2025-08-20,64,1
1135,Zachary Martin,Pune,Basic,2024-03-23,21,1
1136,Patricia Martinez,Mumbai,Enterprise,2024-08-21,49,1
1137,Isaiah Hanson,Chennai,Enterprise,2025-12-28,62,1
1138,Melissa Peterson,Pune,Enterprise,2026-01-19,59,1
1139,Jimmy Jackson,Chennai,Basic,2023-08-08,39,1
1140,Mary Blackwell,Mumbai,Enterprise,2026-03-26,25,1
1141,Benjamin Hernandez,Mumbai,Enterprise,2026-04-05,53,0
1142,Kirk Sandoval,Hyderabad,Basic,2026-02-21,48,1
1143,Lisa Carson,Pune,Premium,2024-10-05,29,1
1144,Christopher Kerr,Pune,Premium,2026-01-15,21,1
1145,Robert Rodgers,Hyderabad,Enterprise,2024-06-27,30,0
1146,Joseph Turner,Mumbai,Premium,2025-11-02,59,0
1147,Elizabeth Walters,Chennai,Enterprise,2023-07-16,63,1
1148,Ricky Cervantes,Hyderabad,Enterprise,2024-03-27,56,1
1149,Christopher Boyd,Delhi,Enterprise,2024-11-18,41,1
1150,Melissa King,Mumbai,Enterprise,2025-09-18,25,1
1151,Stephen Gross Jr.,Hyderabad,Enterprise,2025-02-16,55,1
1152,Melissa Burns,Delhi,Premium,2026-03-09,35,1
1153,Julia Lee,Chennai,Premium,2024-04-29,42,1
1154,Thomas Ali,Bangalore,Basic,2026-01-29,60,1
1155,Cassandra Richardson,Pune,Enterprise,2024-06-24,21,0
1156,Kimberly Foster,Chennai,Premium,2025-01-23,49,1
1157,Kimberly Mccoy,Chennai,Enterprise,2023-11-02,60,1
1158,Justin Rose,Delhi,Enterprise,2024-12-15,41,1
1159,John Liu,Delhi,Premium,2025-06-28,37,1
1160,Robert Carr,Delhi,Enterprise,2025-08-26,44,1
1161,Gregory Ray,Hyderabad,Basic,2025-06-27,39,1
1162,Gerald Andersen,Bangalore,Enterprise,2023-08-09,26,0
1163,Chase Carter,Mumbai,Enterprise,2023-08-27,55,0
1164,Thomas Anderson,Chennai,Basic,2026-04-21,34,1
1165,Matthew Bush,Chennai,Premium,2024-01-23,27,1
1166,Courtney Baldwin,Pune,Enterprise,2024-04-08,48,0
1167,Mary Walls,Chennai,Enterprise,2024-10-18,30,0
1168,Michael Scott,Hyderabad,Enterprise,2024-12-23,42,0
1169,Craig Ramirez,Delhi,Basic,2024-10-31,24,1
1170,Jamie Daniels,Bangalore,Enterprise,2023-10-21,25,1
1171,Sarah Hill,Bangalore,Premium,2023-09-01,45,1
1172,Charles Strickland,Chennai,Premium,2026-03-19,48,1
1173,Yolanda Maxwell,Delhi,Premium,2024-03-06,64,0
1174,Rebecca Neal,Pune,Basic,2026-02-17,62,0
1175,Lucas Mcdaniel,Chennai,Enterprise,2024-03-28,23,0
1176,Lauren Jimenez,Bangalore,Enterprise,2026-04-25,27,1
1177,Jacob Lozano,Chennai,Premium,2024-09-17,59,0
1178,Teresa Wiley,Bangalore,Premium,2026-04-16,45,1
1179,Laurie Parrish,Chennai,Basic,2025-07-05,51,1
1180,Tina Brown,Pune,Basic,2023-11-15,29,1
1181,Justin Baker,Pune,Premium,2026-01-15,61,1
1182,Michael Roman,Bangalore,Enterprise,2025-10-30,62,1
1183,Dawn Neal,Delhi,Enterprise,2024-02-23,56,1
1184,Anthony Pace,Delhi,Basic,2024-09-08,21,1
1185,Madison Miller,Pune,Enterprise,2024-03-05,26,1
1186,Joshua Greene,Mumbai,Enterprise,2025-02-13,43,1
1187,Donna Anderson,Hyderabad,Enterprise,2025-05-05,53,1
1188,Andrea Fischer,Mumbai,Basic,2025-01-16,35,1
1189,Rhonda Shaw,Mumbai,Basic,2024-01-22,32,0
1190,Gregory Perry,Pune,Premium,2023-10-10,62,0
1191,Elaine Case,Bangalore,Enterprise,2024-08-18,25,1
1192,Laurie Mosley,Delhi,Basic,2025-07-29,58,1
1193,Leah Sanders,Bangalore,Premium,2026-01-28,29,1
1194,Katherine Bass,Delhi,Premium,2023-11-29,60,0
1195,Calvin Hawkins,Mumbai,Premium,2023-08-12,52,1
1196,Sandra Esparza,Bangalore,Enterprise,2025-08-25,63,1
1197,Andrea Simmons,Chennai,Enterprise,2023-10-02,30,1
1198,Daniel Douglas,Bangalore,Premium,2026-03-17,31,0
1199,Deborah Williams,Bangalore,Basic,2025-02-23,35,1
1200,Tiffany Byrd,Bangalore,Premium,2024-08-09,29,1
1201,Paul Jacobs,Hyderabad,Premium,2024-05-27,49,1
1202,Heather Davis,Bangalore,Premium,2024-01-28,56,0
1203,William Moore,Mumbai,Enterprise,2024-11-08,59,0
1204,Brandon Sherman,Bangalore,Basic,2026-01-14,55,1
1205,Jamie Hansen,Bangalore,Enterprise,2024-04-21,61,0
1206,Stacey Wright,Chennai,Basic,2025-09-03,22,0
1207,Kyle Herrera,Pune,Enterprise,2024-06-02,46,1
1208,Gabrielle Lopez,Delhi,Enterprise,2024-06-05,37,1
1209,Joseph Norris,Chennai,Basic,2024-11-18,44,1
1210,Andrew Scott,Mumbai,Enterprise,2025-06-29,39,1
1211,Anthony Kennedy,Hyderabad,Enterprise,2024-06-27,53,0
1212,Mrs. Tammy Stewart,Hyderabad,Premium,2025-06-12,53,0
1213,Timothy Smith,Chennai,Basic,2025-09-21,60,1
1214,Sara Ramirez,Pune,Basic,2024-10-26,49,1
1215,Charles Wilson,Mumbai,Enterprise,2023-09-18,57,1
1216,Jeremiah Bartlett,Chennai,Enterprise,2023-10-23,51,1
1217,Kevin Watson,Delhi,Basic,2024-05-27,52,1
1218,Brett Schmidt,Delhi,Premium,2025-11-25,44,1
1219,Michelle Rivera,Delhi,Enterprise,2025-12-02,34,1
1220,David Oconnell,Hyderabad,Premium,2025-09-22,50,0
1221,Austin Ballard,Delhi,Enterprise,2025-01-15,41,0
1222,Keith Butler,Chennai,Enterprise,2024-02-07,61,1
1223,Caleb Briggs,Chennai,Premium,2023-11-10,58,1
1224,Priscilla Heath,Hyderabad,Enterprise,2025-02-04,45,1
1225,Rhonda Calhoun,Pune,Enterprise,2023-12-14,25,1
1226,Mary Weaver,Hyderabad,Basic,2025-07-15,54,1
1227,Nathan Jones,Bangalore,Premium,2023-11-02,52,1
1228,Edward Thompson,Pune,Basic,2023-06-29,53,1
1229,Audrey Best,Hyderabad,Basic,2024-04-24,35,0
1230,John Conner,Pune,Enterprise,2024-07-18,38,1
1231,Morgan Juarez,Mumbai,Basic,2023-11-26,31,1
1232,Chris Ramirez,Pune,Enterprise,2023-07-02,28,1
1233,Michael Jones,Hyderabad,Premium,2024-05-28,28,1
1234,Carlos Wilson,Chennai,Premium,2025-10-17,51,1
1235,Katherine Boyle,Pune,Basic,2023-08-11,62,1
1236,Karen Roberts,Delhi,Basic,2025-07-07,23,1
1237,James Gould,Pune,Enterprise,2026-04-03,31,1
1238,Veronica Mcgrath,Chennai,Enterprise,2025-05-23,23,1
1239,John Mueller,Delhi,Basic,2024-06-13,37,1
1240,Sharon Owen,Pune,Premium,2024-09-10,59,0
1241,Steven Martinez,Chennai,Enterprise,2023-07-29,63,1
1242,Katherine Walker,Delhi,Basic,2024-03-02,49,1
1243,Autumn Whitehead,Hyderabad,Basic,2024-05-25,35,1
1244,Mrs. Jody Richardson,Pune,Basic,2025-03-20,58,1
1245,Gabriel Garcia,Pune,Enterprise,2026-03-02,53,1
1246,Vincent Anderson,Mumbai,Enterprise,2025-09-05,64,1
1247,Laura Jones,Hyderabad,Enterprise,2024-04-13,58,0
1248,Mark Flores,Mumbai,Premium,2024-02-06,45,1
1249,Chris Love,Delhi,Basic,2025-04-03,33,1
1250,Mrs. Valerie White DDS,Mumbai,Enterprise,2026-02-10,27,1
1251,Taylor Bryant,Hyderabad,Enterprise,2024-10-20,59,0
1252,Katrina Davis,Pune,Enterprise,2025-01-12,28,0
1253,Greg Prince,Hyderabad,Enterprise,2025-06-04,29,0
1254,Rachel Henderson,Chennai,Enterprise,2025-01-03,48,1
1255,Barbara Lucas,Bangalore,Basic,2024-04-17,65,1
1256,Curtis Reed,Mumbai,Premium,2026-02-09,45,1
1257,Sherri Hale,Pune,Enterprise,2025-02-13,65,0
1258,Jacqueline Mcneil PhD,Hyderabad,Basic,2026-01-23,37,1
1259,Tracy Perry,Mumbai,Basic,2024-11-26,39,1
1260,Thomas Lynn,Bangalore,Basic,2026-02-17,21,0
1261,Gregory Turner,Pune,Enterprise,2025-01-18,28,0
1262,Charles Bailey,Hyderabad,Enterprise,2023-11-06,34,1
1263,Jamie Thomas,Hyderabad,Premium,2023-07-16,27,1
1264,Daryl Hurst,Hyderabad,Enterprise,2025-07-31,58,1
1265,Rebecca Mcdonald,Bangalore,Enterprise,2025-12-28,48,1
1266,Donna Perez,Pune,Premium,2026-03-22,64,1
1267,Norma Morgan,Mumbai,Premium,2023-06-12,56,1
1268,Brenda Clark,Mumbai,Premium,2023-09-19,56,1
1269,Hannah Smith,Bangalore,Premium,2024-11-27,57,1
1270,Amber Cook,Chennai,Premium,2026-01-03,29,0
1271,Brian Adams,Chennai,Basic,2023-09-30,49,1
1272,Ashley Welch,Delhi,Basic,2024-12-13,53,1
1273,Amanda Hansen,Bangalore,Enterprise,2024-06-08,60,0
1274,Justin Edwards,Mumbai,Premium,2024-11-11,61,0
1275,Jennifer Meyers,Delhi,Basic,2024-11-10,51,1
1276,Lindsay Smith,Delhi,Basic,2024-05-04,37,1
1277,Megan Mills,Bangalore,Basic,2024-02-13,59,0
1278,Nicholas Nguyen,Chennai,Premium,2023-11-04,46,1
1279,Laura Miranda,Chennai,Enterprise,2026-02-07,24,1
1280,David Johnston,Chennai,Premium,2023-07-01,49,0
1281,William Yang,Mumbai,Enterprise,2025-10-03,54,1
1282,Melinda Dennis,Mumbai,Basic,2024-08-23,59,1
1283,Barbara Newman,Pune,Basic,2026-02-24,64,0
1284,Raymond Villarreal,Bangalore,Basic,2025-07-20,62,0
1285,Scott Aguilar,Mumbai,Basic,2023-09-21,38,1
1286,Sonia Wilson,Bangalore,Enterprise,2026-03-10,46,1
1287,Wesley Smith,Pune,Basic,2023-06-26,54,0
1288,Laura Johnson,Chennai,Enterprise,2024-08-05,25,0
1289,Mark Martinez,Pune,Premium,2024-05-02,56,1
1290,Gloria Matthews,Bangalore,Premium,2024-01-25,35,1
1291,Alexander White,Hyderabad,Premium,2026-02-04,57,0
1292,William Tate,Bangalore,Basic,2024-06-01,47,0
1293,Jennifer Roberts,Pune,Basic,2023-09-11,53,1
1294,Samuel Brooks,Bangalore,Basic,2025-08-12,53,1
1295,Michael Russell,Pune,Enterprise,2026-03-25,37,1
1296,Benjamin Mcconnell,Hyderabad,Enterprise,2023-05-14,51,1
1297,Caleb Larsen,Bangalore,Premium,2026-01-28,64,1
1298,Vanessa White,Pune,Basic,2023-07-27,51,0
1299,Lucas Stewart,Bangalore,Basic,2025-09-13,45,1
1300,David Fuentes,Chennai,Enterprise,2024-07-04,35,1
1301,Amanda Santiago,Hyderabad,Premium,2023-11-15,54,0
1302,Emily Kidd,Chennai,Premium,2025-01-29,36,1
1303,Angela Bentley,Delhi,Premium,2023-10-26,64,1
1304,Sarah Williams,Delhi,Enterprise,2026-03-31,32,1
1305,Marissa Strong,Bangalore,Premium,2023-09-19,34,1
1306,Kathryn Pham,Mumbai,Enterprise,2025-07-04,64,1
1307,Brenda Johnston,Hyderabad,Enterprise,2023-12-18,33,1
1308,Mackenzie Richards,Chennai,Basic,2023-09-15,37,1
1309,Anne Rodriguez,Mumbai,Basic,2023-12-09,36,1
1310,Jane Mills,Mumbai,Basic,2025-10-12,28,0
1311,Alexa Smith,Chennai,Enterprise,2025-06-09,52,0
1312,Mark Allen,Pune,Basic,2023-08-19,51,1
1313,Paula Bush,Pune,Premium,2025-06-26,52,1
1314,Lori Rhodes,Hyderabad,Basic,2025-05-04,53,1
1315,William Hooper,Hyderabad,Basic,2024-06-06,57,1
1316,Jamie Diaz,Delhi,Enterprise,2024-07-14,48,1
1317,Christian Ryan,Pune,Basic,2025-09-25,53,1
1318,Craig Combs,Hyderabad,Enterprise,2025-08-30,32,1
1319,Tammy Raymond,Delhi,Enterprise,2023-08-31,54,1
1320,George Harding,Bangalore,Enterprise,2025-10-24,21,0
1321,Gina Scott,Chennai,Basic,2025-10-05,45,0
1322,Kimberly Kelley,Bangalore,Premium,2023-09-01,60,1
1323,Amanda Adams,Mumbai,Enterprise,2024-05-28,37,1
1324,Joshua Gray,Bangalore,Premium,2023-10-14,60,1
1325,Kaylee Wade,Bangalore,Basic,2023-06-22,52,1
1326,Megan Lawson,Mumbai,Premium,2026-04-24,65,1
1327,Maxwell Graham,Bangalore,Premium,2023-10-28,38,1
1328,Cheyenne Duncan,Mumbai,Enterprise,2026-01-28,29,1
1329,Joseph Lewis,Delhi,Enterprise,2024-03-22,38,1
1330,Matthew Anderson,Pune,Premium,2024-11-01,45,1
1331,Charles Jones,Mumbai,Enterprise,2024-06-18,30,1
1332,Monica Reyes,Delhi,Basic,2025-09-26,47,1
1333,Mrs. Jasmine Garcia,Mumbai,Enterprise,2024-09-30,54,1
1334,Frederick Johnson,Hyderabad,Premium,2024-10-31,37,0
1335,Michael Peck,Hyderabad,Basic,2024-02-25,65,1
1336,Maria Marsh,Delhi,Basic,2025-05-31,37,1
1337,Rebecca Simpson,Chennai,Basic,2025-10-05,49,1
1338,Adam Mosley,Bangalore,Premium,2025-04-18,44,1
1339,Daniel Dean,Bangalore,Basic,2024-04-25,47,0
1340,Donna Nelson,Bangalore,Enterprise,2025-10-26,59,1
1341,Carolyn Russell,Pune,Enterprise,2024-12-27,62,1
1342,Matthew Torres,Bangalore,Premium,2024-01-05,41,1
1343,Nicole Ryan,Chennai,Premium,2023-10-15,26,1
1344,Benjamin Kelly,Pune,Premium,2023-12-24,50,1
1345,Melanie Davis,Mumbai,Enterprise,2024-03-14,42,1
1346,Kelsey Calhoun,Chennai,Enterprise,2023-10-30,57,1
1347,Stanley Brock,Delhi,Basic,2023-10-31,31,1
1348,Tammy Williams,Mumbai,Premium,2025-01-14,41,1
1349,Rachel Neal,Chennai,Premium,2025-03-24,59,1
1350,Michael Rivera,Bangalore,Premium,2025-01-06,44,1
1351,Diana Kelly,Hyderabad,Basic,2025-04-02,32,0
1352,Ryan Coleman,Mumbai,Enterprise,2025-11-22,36,1
1353,Katherine Moore,Chennai,Enterprise,2025-04-14,26,1
1354,John Mcintyre,Mumbai,Premium,2025-10-05,27,0
1355,Scott Young,Delhi,Premium,2024-07-12,56,0
1356,Sergio Bradford,Delhi,Premium,2025-02-26,54,0
1357,Dr. Patrick Clements Jr.,Delhi,Premium,2025-07-19,60,1
1358,Mr. Christopher Williams,Delhi,Enterprise,2026-03-01,45,1
1359,Teresa Golden,Mumbai,Basic,2025-10-16,39,1
1360,William Larsen,Chennai,Basic,2024-02-16,29,1
1361,Jeanne Carey,Delhi,Basic,2025-07-17,63,1
1362,Geoffrey Olson,Bangalore,Premium,2023-11-11,50,1
1363,Steven Anderson,Pune,Premium,2025-06-10,29,1
1364,Patrick Simon,Pune,Enterprise,2024-06-30,50,1
1365,Michael Love,Pune,Enterprise,2026-02-27,61,1
1366,Morgan Vaughan,Bangalore,Premium,2025-04-01,55,1
1367,Laura Thomas,Delhi,Premium,2025-08-27,40,1
1368,Joel Huynh,Hyderabad,Premium,2025-03-17,30,1
1369,Andrew Woods,Delhi,Basic,2024-07-09,54,1
1370,Stephanie Romero,Bangalore,Premium,2024-09-12,51,0
1371,Elizabeth Harper,Chennai,Premium,2025-12-20,51,1
1372,Dawn Clements,Delhi,Premium,2024-09-10,39,1
1373,Francisco Baldwin,Delhi,Enterprise,2024-07-26,44,1
1374,Allen Blanchard,Hyderabad,Enterprise,2024-04-10,48,1
1375,Nancy Jones,Mumbai,Basic,2025-07-21,62,1
1376,Rachel Davis,Hyderabad,Basic,2024-10-13,37,0
1377,Luis Cochran,Hyderabad,Enterprise,2023-05-15,36,1
1378,Monica Clark,Bangalore,Enterprise,2023-05-17,55,1
1379,Corey Cruz,Hyderabad,Basic,2024-01-17,25,1
1380,Jennifer Cook,Mumbai,Premium,2026-04-03,28,1
1381,Brittany Wilkerson,Pune,Premium,2023-09-02,38,1
1382,Candace Smith,Mumbai,Premium,2024-07-31,22,1
1383,Jacob Lang,Delhi,Enterprise,2026-04-09,22,1
1384,Theresa Edwards,Delhi,Premium,2023-07-23,38,1
1385,Rachel Chandler,Chennai,Premium,2024-06-02,21,1
1386,Ronald Castro,Delhi,Basic,2024-06-07,21,1
1387,Stephen Hoffman,Mumbai,Premium,2025-04-13,47,1
1388,Kyle Serrano,Hyderabad,Premium,2026-01-17,50,0
1389,Eric Jones,Bangalore,Basic,2025-12-22,30,0
1390,Laura Craig,Bangalore,Premium,2024-10-07,25,1
1391,Sarah Stark,Mumbai,Basic,2023-10-15,37,1
1392,Richard Anderson,Delhi,Basic,2025-03-13,36,1
1393,Anthony Brown,Hyderabad,Basic,2024-01-01,23,1
1394,Daniel Simpson,Hyderabad,Enterprise,2025-11-30,27,1
1395,Selena Robbins,Hyderabad,Premium,2024-08-05,64,1
1396,Martin Miles,Bangalore,Basic,2025-01-29,61,0
1397,Abigail Cross,Chennai,Enterprise,2024-01-23,54,0
1398,Vanessa Torres,Bangalore,Premium,2024-11-26,61,1
1399,Douglas Morgan,Mumbai,Premium,2024-03-10,24,1
1400,Patrick Stewart,Delhi,Basic,2023-10-18,61,1
1401,Kelly Davis,Bangalore,Basic,2025-01-11,31,1
1402,Jason Tucker,Pune,Basic,2024-02-07,46,1
1403,Brian Dunn,Delhi,Basic,2024-06-22,58,1
1404,Brittney Jones,Chennai,Enterprise,2026-01-19,30,1
1405,Jared Jarvis,Delhi,Basic,2025-03-24,31,1
1406,Anthony Tran,Delhi,Enterprise,2025-12-29,60,1
1407,Stephanie Kelly,Chennai,Basic,2025-12-20,24,1
1408,Donna Welch,Chennai,Basic,2026-04-05,65,0
1409,Daniel Watson,Mumbai,Premium,2023-09-25,35,1
1410,Jamie Brown,Pune,Enterprise,2025-07-24,43,1
1411,Christopher Booker,Chennai,Basic,2023-11-08,22,1
1412,Charles Smith,Bangalore,Enterprise,2025-10-30,29,1
1413,Corey Fisher,Delhi,Premium,2024-08-26,49,1
1414,Barry Lopez,Pune,Enterprise,2025-03-26,52,1
1415,Kevin Carrillo,Pune,Basic,2023-08-21,55,1
1416,Eddie Hoffman,Bangalore,Enterprise,2024-02-16,50,1
1417,Jasmine Williams,Pune,Enterprise,2025-10-16,31,0
1418,Jennifer Smith,Pune,Basic,2025-05-26,49,1
1419,Gina Adkins,Bangalore,Enterprise,2025-08-09,44,1
1420,Gregory Barnes,Delhi,Enterprise,2023-10-30,53,1
1421,Bradley Adams,Chennai,Basic,2024-12-03,22,1
1422,Wesley Howell,Pune,Basic,2025-07-19,41,0
1423,Ashley Ray,Chennai,Enterprise,2023-08-15,45,1
1424,Victoria Watson,Pune,Enterprise,2025-10-30,52,1
1425,Alison Sanchez,Pune,Premium,2026-04-20,41,1
1426,Shawn Le,Chennai,Premium,2026-04-27,28,0
1427,Andrew Jones,Pune,Enterprise,2025-05-04,25,0
1428,Adam Foster,Mumbai,Basic,2024-11-07,23,1
1429,Elizabeth Schroeder,Delhi,Premium,2026-02-04,33,0
1430,James Olsen,Delhi,Enterprise,2025-12-26,62,1
1431,Scott Porter,Chennai,Premium,2025-02-11,54,1
1432,Kayla Mccoy,Delhi,Premium,2024-05-18,35,0
1433,Thomas Robinson,Delhi,Basic,2025-06-28,62,1
1434,Joshua Curtis,Delhi,Premium,2024-09-20,61,0
1435,Lauren Olson,Bangalore,Enterprise,2023-07-25,47,1
1436,Justin Scott,Chennai,Basic,2024-12-25,60,1
1437,Susan Jackson,Pune,Basic,2024-07-19,25,1
1438,Nicholas House,Delhi,Basic,2025-10-15,54,0
1439,Ethan Graham,Delhi,Enterprise,2024-10-12,35,1
1440,Gina Smith,Mumbai,Basic,2024-08-24,54,1
1441,Emily Peters,Pune,Enterprise,2024-12-28,32,1
1442,Ebony Gross,Chennai,Basic,2024-09-19,61,1
1443,Robert Skinner,Chennai,Premium,2023-10-08,65,1
1444,Katherine Walker,Delhi,Basic,2026-02-17,32,1
1445,Angel Diaz,Pune,Premium,2025-11-10,63,1
1446,Alison Williams,Pune,Enterprise,2023-06-24,49,1
1447,Karen Roberts,Bangalore,Enterprise,2023-07-30,41,1
1448,William Wilcox,Hyderabad,Enterprise,2023-06-29,48,1
1449,Jamie Reid,Pune,Basic,2024-06-01,57,1
1450,Dawn Kane,Hyderabad,Enterprise,2024-10-17,37,1
1451,Alexis Edwards,Hyderabad,Premium,2025-11-02,46,0
1452,Crystal Brandt,Chennai,Basic,2025-04-06,39,0
1453,Loretta Grimes,Pune,Basic,2023-08-12,40,0
1454,David Boone,Bangalore,Basic,2023-11-06,34,1
1455,Michael Paul,Delhi,Enterprise,2024-06-05,38,1
1456,Shannon Dixon MD,Delhi,Basic,2024-02-26,50,1
1457,Jon Hoffman,Mumbai,Basic,2024-09-28,37,1
1458,Barbara Harrington,Pune,Basic,2023-08-26,35,1
1459,Steven Smith,Bangalore,Basic,2024-11-25,57,1
1460,Angel Cowan,Pune,Basic,2023-06-01,25,1
1461,Ashley Harrison DVM,Hyderabad,Basic,2023-12-20,52,0
1462,Michael Taylor,Pune,Enterprise,2024-07-17,40,0
1463,Brian Alexander,Chennai,Enterprise,2024-03-23,45,0
1464,Timothy Vaughn,Delhi,Premium,2025-12-20,43,1
1465,Amy Medina,Hyderabad,Basic,2024-01-26,35,0
1466,Yvonne Liu,Chennai,Enterprise,2025-11-21,45,0
1467,Mark Jackson,Bangalore,Enterprise,2025-03-28,23,1
1468,April Pruitt,Pune,Enterprise,2025-03-14,30,1
1469,Gregory Kelly,Pune,Enterprise,2026-01-15,35,1
1470,Thomas Clark,Delhi,Enterprise,2025-03-24,46,1
1471,Timothy Torres,Pune,Enterprise,2024-07-17,53,0
1472,Stephen Reid,Mumbai,Premium,2024-11-23,39,1
1473,Victoria Torres,Mumbai,Basic,2023-07-08,42,0
1474,Anthony Kemp,Hyderabad,Enterprise,2026-01-18,24,1
1475,Mr. Jeffrey Bowen,Bangalore,Basic,2025-06-29,46,1
1476,Daryl Olson,Chennai,Basic,2025-04-13,29,1
1477,Melanie Mason,Pune,Basic,2025-12-30,52,1
1478,Austin Cruz,Chennai,Enterprise,2025-06-06,33,1
1479,Samantha Walker,Mumbai,Basic,2023-09-14,38,1
1480,Michael Williams,Bangalore,Enterprise,2025-02-23,57,0
1481,Grant Moreno,Delhi,Enterprise,2025-10-25,47,1
1482,Marissa White,Bangalore,Premium,2025-06-05,33,1
1483,Katherine Fuller,Bangalore,Enterprise,2026-04-29,62,0
1484,Julie Stout,Bangalore,Basic,2024-07-11,43,1
1485,Kelly Harrison,Pune,Basic,2024-08-21,49,0
1486,David Gutierrez,Mumbai,Basic,2025-08-02,64,1
1487,Brittany Nunez,Mumbai,Enterprise,2024-10-17,26,0
1488,Christopher Odonnell,Chennai,Basic,2023-06-28,36,1
1489,Kimberly Potter,Bangalore,Basic,2025-01-24,42,0
1490,Jennifer Campbell,Bangalore,Premium,2024-09-04,51,0
1491,Cassandra Burke,Bangalore,Basic,2023-11-27,55,1
1492,David Rogers,Mumbai,Enterprise,2024-02-21,54,1
1493,Tammy Lambert,Pune,Premium,2024-10-13,60,1
1494,Renee Anderson,Chennai,Enterprise,2024-08-19,63,0
1495,James Burnett,Hyderabad,Enterprise,2026-03-22,63,0
1496,Brooke Tucker,Bangalore,Basic,2024-06-07,24,1
1497,Randy Gonzalez,Mumbai,Enterprise,2023-11-19,60,1
1498,Gregory Taylor,Delhi,Premium,2025-02-19,62,0
1499,Ashley Griffith,Delhi,Premium,2024-08-31,63,1
1500,Debra Smith,Chennai,Enterprise,2023-09-17,44,0
1501,Mark Hodges,Delhi,Premium,2025-08-18,62,1
1502,Gina Gonzalez,Mumbai,Premium,2024-11-27,53,0
1503,Tammy Juarez,Bangalore,Premium,2025-11-04,59,0
1504,Dawn Lee,Mumbai,Basic,2025-03-01,53,1
1505,John Peterson,Pune,Enterprise,2025-08-20,22,0
1506,Kristy Morales,Mumbai,Enterprise,2024-07-10,40,1
1507,Brian Thompson,Hyderabad,Premium,2025-08-24,31,0
1508,Jason Walker,Bangalore,Enterprise,2024-08-21,43,1
1509,Brooke Bell,Chennai,Premium,2025-03-30,36,1
1510,Jordan Taylor,Delhi,Enterprise,2024-07-31,37,1
1511,Debbie Wilson,Delhi,Enterprise,2024-02-08,38,1
1512,Luke Martin,Mumbai,Premium,2023-08-05,46,1
1513,Amber Carter,Delhi,Enterprise,2023-10-27,45,1
1514,Mr. Marc Ferguson DVM,Hyderabad,Basic,2026-05-01,57,1
1515,Mark Perkins,Hyderabad,Premium,2026-03-29,59,1
1516,Barry Davis,Hyderabad,Enterprise,2025-10-28,29,1
1517,Stacy Mccall,Chennai,Basic,2025-12-30,58,1
1518,Mr. Kenneth Rogers,Mumbai,Premium,2023-07-09,65,1
1519,Melissa Woods,Hyderabad,Basic,2025-09-18,62,1
1520,Nathaniel Bell,Bangalore,Basic,2023-11-21,56,0
1521,Kelsey Johnson,Mumbai,Premium,2025-05-09,30,0
1522,Emily Baldwin,Bangalore,Premium,2026-04-23,47,1
1523,David Figueroa,Hyderabad,Enterprise,2023-07-03,61,1
1524,Samuel Anderson,Mumbai,Basic,2025-06-23,27,1
1525,David Cobb,Mumbai,Basic,2024-07-09,60,1
1526,Mrs. Sarah Weaver,Pune,Enterprise,2025-08-15,60,1
1527,Dana Carlson,Pune,Basic,2025-10-08,35,0
1528,Tiffany Lewis,Bangalore,Basic,2026-02-01,65,1
1529,Zachary Campos,Mumbai,Enterprise,2026-04-01,59,1
1530,Jessica Schaefer,Chennai,Enterprise,2025-01-26,44,1
1531,Kristin Reed,Hyderabad,Premium,2023-10-15,51,1
1532,Christine Coleman,Mumbai,Basic,2025-11-20,35,0
1533,Robert Chandler,Hyderabad,Basic,2024-01-25,38,1
1534,Terry Williams,Mumbai,Enterprise,2025-10-11,63,1
1535,Haley Howell,Mumbai,Basic,2025-03-13,32,1
1536,Sarah Jackson,Pune,Premium,2026-03-22,65,1
1537,Justin Benjamin,Hyderabad,Basic,2023-08-11,48,1
1538,John Miller,Delhi,Enterprise,2025-07-17,45,1
1539,Barbara Martin,Hyderabad,Enterprise,2023-09-22,57,0
1540,Steven Kennedy,Pune,Basic,2024-02-25,49,1
1541,Danielle Walsh,Delhi,Basic,2026-03-02,54,1
1542,Jessica Robinson,Chennai,Basic,2023-08-18,56,1
1543,Crystal Sullivan,Pune,Enterprise,2025-10-12,24,1
1544,Michael Reed,Bangalore,Premium,2024-11-05,46,1
1545,Maria West,Bangalore,Premium,2025-04-08,31,1
1546,Monica Martinez,Bangalore,Enterprise,2023-07-02,24,1
1547,Margaret Wagner,Hyderabad,Enterprise,2023-05-28,49,0
1548,Tina Evans,Chennai,Enterprise,2024-11-27,28,1
1549,Pamela Meyers,Pune,Enterprise,2024-03-08,55,1
1550,Sarah Tucker,Hyderabad,Premium,2024-04-10,41,1
1551,Ashley Gates,Delhi,Basic,2026-02-05,50,1
1552,Alexandra Day PhD,Hyderabad,Basic,2025-11-26,37,1
1553,Dennis Hurley,Chennai,Enterprise,2025-08-15,31,0
1554,Stephanie Cook,Delhi,Basic,2025-09-24,49,1
1555,Connie Hunt,Delhi,Enterprise,2024-11-22,45,1
1556,Heather Watkins,Hyderabad,Enterprise,2023-06-22,45,0
1557,Aaron Benson,Mumbai,Premium,2024-03-16,57,1
1558,Joseph Mack,Mumbai,Basic,2025-10-10,32,0
1559,George Evans,Hyderabad,Premium,2023-10-12,40,1
1560,Preston Adams,Bangalore,Enterprise,2025-02-01,32,0
1561,Harold Graham,Mumbai,Basic,2025-03-12,21,1
1562,Jimmy Boyle,Delhi,Premium,2024-08-23,52,1
1563,Anne Douglas,Pune,Basic,2023-08-22,59,1
1564,Sarah Griffith,Mumbai,Basic,2025-07-26,58,1
1565,Angela Griffin,Hyderabad,Premium,2026-01-18,49,0
1566,Kimberly Browning,Pune,Enterprise,2024-05-01,21,1
1567,Maria Thompson,Pune,Premium,2025-04-09,60,1
1568,Dr. Jordan Watson,Delhi,Basic,2024-12-23,30,0
1569,Kevin Taylor,Chennai,Premium,2026-03-09,23,1
1570,Andrew Campos,Delhi,Enterprise,2024-01-26,57,1
1571,Jessica Wood,Bangalore,Basic,2025-07-02,24,0
1572,Angela Olson,Hyderabad,Basic,2024-01-14,31,1
1573,Thomas Moore,Pune,Enterprise,2023-10-24,65,1
1574,Rebecca Carr,Hyderabad,Enterprise,2026-02-24,58,1
1575,Shane Jackson,Delhi,Basic,2024-08-20,40,1
1576,Pamela Valenzuela,Bangalore,Premium,2025-09-27,25,1
1577,Brandy Cowan,Pune,Basic,2023-06-06,39,1
1578,Carrie Beasley,Mumbai,Basic,2024-03-05,65,1
1579,Jacob Mclean,Bangalore,Enterprise,2026-01-04,47,1
1580,Mrs. Connie Cowan,Chennai,Basic,2025-04-06,60,0
1581,Margaret Jacobs,Delhi,Enterprise,2025-07-27,61,0
1582,Mary Medina,Hyderabad,Enterprise,2026-03-14,65,1
1583,Jason Mendoza,Hyderabad,Enterprise,2025-03-14,41,1
1584,Jennifer Black,Pune,Enterprise,2024-06-24,60,1
1585,Jeffrey Morton,Mumbai,Enterprise,2026-01-02,57,1
1586,Kathryn Wilcox,Pune,Enterprise,2024-10-05,61,1
1587,Morgan Bryant,Hyderabad,Basic,2024-11-27,60,1
1588,Angela Hill,Chennai,Premium,2024-10-24,33,0
1589,Robert Dunn,Delhi,Basic,2023-05-08,50,0
1590,James Mathews,Chennai,Basic,2023-08-28,60,1
1591,Melanie Hall,Hyderabad,Basic,2024-07-31,42,1
1592,Charlene Stuart,Pune,Enterprise,2025-05-11,34,0
1593,Nancy Reilly,Chennai,Basic,2025-07-13,65,1
1594,David Mcmillan,Bangalore,Basic,2025-07-14,40,1
1595,Brian Griffin,Pune,Enterprise,2023-08-06,41,0
1596,Deborah Ford,Delhi,Enterprise,2025-09-26,42,1
1597,Bonnie Stewart,Hyderabad,Enterprise,2024-12-23,57,0
1598,Antonio Decker,Mumbai,Basic,2023-12-01,42,1
1599,Alexis Marquez,Chennai,Premium,2024-12-22,51,0
1600,Amanda Robinson,Chennai,Basic,2024-01-20,51,1
1601,Debbie Kennedy,Chennai,Premium,2024-11-03,55,1
1602,Sharon Johnson,Hyderabad,Premium,2024-09-08,24,1
1603,Michael Cooper,Pune,Enterprise,2025-08-25,64,1
1604,Brandi Morgan,Pune,Enterprise,2025-04-17,22,1
1605,Gregory Johnson,Pune,Enterprise,2024-07-20,42,1
1606,Valerie Mcintosh,Delhi,Basic,2024-12-13,38,0
1607,Evelyn Glenn,Bangalore,Premium,2024-03-31,61,1
1608,Natalie Shannon,Pune,Enterprise,2025-08-02,45,1
1609,Kimberly Michael,Pune,Basic,2025-08-30,40,1
1610,Natasha Montgomery,Chennai,Basic,2024-11-07,38,1
1611,Amanda Thompson,Delhi,Premium,2024-02-28,36,1
1612,Erin Weber,Hyderabad,Premium,2025-06-14,34,1
1613,Kayla Smith,Mumbai,Basic,2024-12-03,44,0
1614,Brett Proctor,Mumbai,Basic,2025-07-29,49,0
1615,Connie Drake,Hyderabad,Enterprise,2025-05-29,30,1
1616,Matthew Rodriguez,Bangalore,Premium,2024-10-09,54,1
1617,Maria Reid,Bangalore,Basic,2024-03-23,27,1
1618,Kurt Newton,Mumbai,Enterprise,2025-01-02,23,1
1619,Walter Russell,Hyderabad,Enterprise,2024-09-10,54,0
1620,Joan Harding,Delhi,Premium,2023-06-17,23,0
1621,Melissa Montgomery,Bangalore,Premium,2024-07-24,23,0
1622,Jeffrey King,Pune,Enterprise,2023-09-02,40,0
1623,Cynthia White,Pune,Premium,2023-08-26,61,1
1624,Jacob Oneill,Bangalore,Basic,2023-09-23,33,1
1625,Gregory Stone,Bangalore,Enterprise,2025-02-19,41,1
1626,Vanessa Ball,Chennai,Basic,2025-02-04,38,1
1627,Darrell Roberts,Mumbai,Premium,2025-08-13,28,0
1628,Timothy Young,Pune,Enterprise,2024-10-29,53,0
1629,Theresa Petersen,Mumbai,Enterprise,2024-09-13,43,1
1630,Tammy Bowman,Bangalore,Basic,2025-03-25,39,1
1631,David Cross,Mumbai,Basic,2025-01-21,40,1
1632,Elizabeth Smith,Pune,Premium,2024-04-23,24,1
1633,Daniel Walker,Delhi,Premium,2025-03-12,64,0
1634,Steven Martin,Delhi,Premium,2025-01-09,24,0
1635,Timothy Perry Jr.,Hyderabad,Premium,2024-10-11,32,1
1636,Jerry Stafford,Pune,Premium,2025-09-29,40,1
1637,Stephanie Murphy,Mumbai,Enterprise,2023-05-23,63,0
1638,Mark Wong,Hyderabad,Enterprise,2025-09-05,29,0
1639,Chad Benton,Chennai,Premium,2025-04-28,27,1
1640,Jennifer Weber,Bangalore,Enterprise,2023-12-27,62,1
1641,John Boyd,Hyderabad,Basic,2024-04-14,35,1
1642,Anthony Leon,Pune,Premium,2025-05-26,44,1
1643,Bryan Gonzalez,Mumbai,Enterprise,2023-10-20,63,1
1644,Andrew Villanueva,Bangalore,Premium,2023-06-24,52,0
1645,Eric Livingston,Delhi,Premium,2024-06-05,28,1
1646,Steven Guzman,Hyderabad,Premium,2025-10-15,31,1
1647,Daniel Johnson,Bangalore,Enterprise,2026-01-23,57,1
1648,Kevin Trujillo,Pune,Basic,2024-12-11,46,0
1649,Paul Gay,Bangalore,Enterprise,2023-09-18,62,0
1650,Dr. Emily Roy,Bangalore,Enterprise,2026-02-17,50,1
1651,Mr. Benjamin Owens,Pune,Premium,2023-10-17,36,1
1652,Michelle Mason,Pune,Basic,2024-03-05,51,1
1653,Jeremy Arnold,Delhi,Premium,2025-05-09,34,1
1654,Lisa Rodriguez,Hyderabad,Enterprise,2025-01-18,42,1
1655,Laura Li,Mumbai,Enterprise,2025-12-03,63,0
1656,Eric Alvarez,Chennai,Enterprise,2025-04-19,57,1
1657,Kendra Mills,Delhi,Enterprise,2024-09-25,59,1
1658,Peter Hanson,Bangalore,Enterprise,2025-08-12,27,1
1659,David Johnson,Mumbai,Premium,2025-08-09,46,0
1660,Joshua Ramos,Pune,Basic,2025-12-03,64,1
1661,Candice Cherry,Bangalore,Premium,2024-10-30,62,0
1662,Stephen Mcdonald,Delhi,Basic,2025-09-30,29,0
1663,Mr. Ernest James,Mumbai,Enterprise,2026-01-06,30,1
1664,Jordan Frey,Pune,Premium,2023-06-29,45,1
1665,Ashley Parker,Mumbai,Basic,2025-01-01,64,1
1666,David Bryant,Bangalore,Enterprise,2024-10-14,64,1
1667,Christina Sanchez,Hyderabad,Enterprise,2024-01-22,43,0
1668,Andrea Thomas,Pune,Basic,2023-11-26,60,1
1669,Duane Lopez,Mumbai,Premium,2025-03-02,24,1
1670,Christina Wright,Pune,Basic,2025-09-26,21,1
1671,Kristy Stokes,Delhi,Premium,2023-11-06,22,1
1672,Donald Peterson,Hyderabad,Enterprise,2026-03-13,58,1
1673,Meredith Davis,Chennai,Premium,2024-11-10,45,1
1674,Scott Burton,Hyderabad,Premium,2023-12-16,55,1
1675,Rebecca Henson,Chennai,Basic,2023-05-22,51,1
1676,Cindy Cobb,Mumbai,Enterprise,2024-06-28,45,1
1677,Holly Taylor,Hyderabad,Basic,2025-01-15,39,1
1678,Carmen Smith,Mumbai,Basic,2025-12-04,25,0
1679,Michael Wood,Mumbai,Enterprise,2025-11-28,52,1
1680,Amy Fields,Mumbai,Basic,2026-03-15,29,1
1681,Phyllis Dillon,Hyderabad,Enterprise,2023-07-22,59,1
1682,Gregory Smith,Pune,Basic,2023-11-15,50,1
1683,Kenneth Walters,Pune,Premium,2024-05-07,45,1
1684,Daniel Green,Mumbai,Basic,2024-11-03,48,0
1685,Bradley Cortez,Pune,Premium,2025-02-12,36,1
1686,Erin Jones,Hyderabad,Enterprise,2023-07-26,57,1
1687,Teresa Wallace,Delhi,Basic,2024-12-30,57,1
1688,Larry Carlson,Chennai,Premium,2025-04-08,28,1
1689,Emma Campbell,Chennai,Basic,2024-02-23,30,1
1690,Stephanie Garcia,Hyderabad,Enterprise,2025-04-09,26,0
1691,Alicia Hurley,Mumbai,Premium,2023-07-12,61,0
1692,Jody Barber,Chennai,Enterprise,2025-04-08,55,1
1693,Robert Williams,Pune,Basic,2025-03-21,42,0
1694,Morgan Rice,Hyderabad,Premium,2025-09-24,53,1
1695,Paul Farmer,Pune,Enterprise,2024-04-10,42,1
1696,Margaret Smith,Bangalore,Premium,2024-07-24,39,1
1697,Sandra Johnson,Delhi,Enterprise,2025-06-29,59,1
1698,Taylor Blankenship,Chennai,Enterprise,2025-01-21,37,0
1699,Madison Calderon,Chennai,Premium,2024-01-17,58,1
1700,Cathy Armstrong,Pune,Basic,2024-11-01,63,1
1701,Troy Zimmerman,Chennai,Enterprise,2025-07-28,22,1
1702,Chad Robinson,Hyderabad,Basic,2025-07-09,29,0
1703,Alexis Williams,Bangalore,Premium,2024-05-22,29,1
1704,Katherine Norman,Bangalore,Premium,2025-04-28,21,0
1705,Scott Sparks,Pune,Basic,2025-09-30,58,1
1706,Sara Valencia,Chennai,Premium,2023-09-05,44,1
1707,Phillip Allen,Bangalore,Enterprise,2025-10-05,36,1
1708,Mark Weaver,Mumbai,Enterprise,2025-09-30,23,1
1709,Jared Greene DDS,Delhi,Basic,2024-08-30,59,1
1710,John English,Hyderabad,Premium,2025-08-07,45,1
1711,Mr. Michael Lee,Chennai,Premium,2024-02-06,61,1
1712,Deborah Spencer,Mumbai,Enterprise,2024-06-28,43,0
1713,Joanne Nguyen,Chennai,Premium,2024-10-15,28,0
1714,Charlotte Jarvis,Mumbai,Premium,2023-06-20,46,1
1715,James Fitzgerald,Bangalore,Premium,2024-06-08,55,1
1716,Katie Mckee,Hyderabad,Enterprise,2024-02-04,45,1
1717,Jeremy Sanford,Bangalore,Basic,2023-05-29,54,1
1718,Samuel Hendricks,Delhi,Premium,2026-01-27,49,1
1719,Elizabeth Nelson,Chennai,Premium,2025-06-13,54,0
1720,Robert Ramirez,Delhi,Enterprise,2024-11-28,61,1
1721,Rebecca Bartlett,Hyderabad,Enterprise,2023-08-12,62,1
1722,Paul Roberts,Bangalore,Premium,2024-04-15,38,0
1723,Patrick Walsh,Bangalore,Enterprise,2025-05-31,58,1
1724,Debra Barry,Hyderabad,Enterprise,2026-03-20,36,1
1725,Andrew Mills,Pune,Premium,2026-04-10,64,1
1726,Todd Reynolds,Bangalore,Enterprise,2024-09-26,21,0
1727,Jason Brooks,Delhi,Basic,2024-10-30,47,0
1728,Bethany Glass,Pune,Basic,2024-05-17,64,1
1729,John Harris,Bangalore,Basic,2024-12-20,39,1
1730,Cristian Hurst,Mumbai,Basic,2024-11-25,22,0
1731,Glenn Wilson,Delhi,Enterprise,2026-03-31,63,1
1732,Mrs. Jennifer Moore,Pune,Enterprise,2025-05-04,28,0
1733,Joseph Frank,Delhi,Enterprise,2023-08-14,29,1
1734,Justin Garcia,Chennai,Enterprise,2024-04-29,57,1
1735,Cindy Mcbride,Delhi,Enterprise,2023-08-04,32,1
1736,Joseph Duran,Bangalore,Premium,2026-02-25,63,0
1737,Robert Davidson,Chennai,Premium,2026-03-26,38,1
1738,Donald Medina,Chennai,Enterprise,2023-11-04,41,1
1739,Amanda Thornton,Mumbai,Basic,2026-04-21,38,0
1740,Vanessa Francis,Hyderabad,Premium,2023-11-10,42,0
1741,Kristen Newman,Bangalore,Premium,2025-11-24,32,1
1742,Bailey House,Delhi,Premium,2026-02-19,33,1
1743,Maria Howe,Mumbai,Enterprise,2025-05-25,52,0
1744,James Dodson,Mumbai,Enterprise,2025-11-12,48,1
1745,Deborah Smith,Pune,Enterprise,2024-03-05,27,1
1746,Susan Smith,Chennai,Premium,2025-10-16,27,0
1747,Chloe Clark,Delhi,Basic,2024-07-15,57,1
1748,Amy Pratt,Hyderabad,Basic,2025-09-28,52,1
1749,Mr. Andrew Valdez,Chennai,Enterprise,2024-03-02,21,0
1750,Stefanie Roberts,Chennai,Premium,2024-07-31,38,1
1751,Juan Jackson,Chennai,Premium,2025-01-10,46,0
1752,Lawrence Olson,Pune,Enterprise,2025-02-18,52,1
1753,Michael Williamson,Hyderabad,Premium,2023-08-18,25,1
1754,Timothy Martin,Delhi,Premium,2024-05-19,65,1
1755,Tammy Singh,Delhi,Enterprise,2024-09-30,55,1
1756,Steven Chase,Bangalore,Enterprise,2025-02-03,40,1
1757,Mr. Dale Wu MD,Delhi,Enterprise,2023-06-08,62,0
1758,Steven Williamson,Bangalore,Enterprise,2024-08-30,42,0
1759,Kimberly Hebert,Hyderabad,Premium,2024-08-27,62,1
1760,Katherine Hall,Mumbai,Enterprise,2026-03-27,23,1
1761,Whitney Moore,Chennai,Basic,2025-08-16,40,1
1762,Anthony Martinez,Delhi,Enterprise,2025-03-01,65,1
1763,Jonathon Mitchell,Hyderabad,Basic,2023-06-23,61,1
1764,David Carroll,Chennai,Basic,2025-02-23,29,0
1765,Christopher Woods,Mumbai,Basic,2024-10-02,58,1
1766,Robert Briggs,Hyderabad,Premium,2025-11-28,25,1
1767,Benjamin Rivera,Hyderabad,Enterprise,2026-05-05,49,0
1768,Mark Gibson,Delhi,Premium,2025-04-27,24,1
1769,Bryan Martinez,Chennai,Basic,2024-03-15,46,0
1770,Amy Johnson,Mumbai,Enterprise,2023-12-18,63,1
1771,Eric Dean,Chennai,Enterprise,2024-02-20,30,1
1772,Terri Roberts,Delhi,Basic,2026-01-29,30,1
1773,Richard Winters,Chennai,Basic,2023-11-24,51,0
1774,Sarah Hester,Mumbai,Enterprise,2026-02-05,62,1
1775,Natasha Long MD,Delhi,Basic,2023-11-24,61,0
1776,Mariah Morrison,Bangalore,Basic,2025-01-21,50,1
1777,Jeremy Galloway,Pune,Basic,2024-04-03,27,0
1778,Gregory Short,Hyderabad,Enterprise,2024-10-08,60,1
1779,Sandra Robertson,Delhi,Basic,2023-07-31,48,1
1780,Molly Hammond,Chennai,Enterprise,2025-07-19,46,1
1781,Elizabeth Boyd,Delhi,Enterprise,2024-07-05,57,1
1782,Andrea Nelson,Bangalore,Basic,2024-08-10,23,1
1783,Gregory Chapman,Bangalore,Basic,2025-05-13,28,1
1784,Caleb Beck,Mumbai,Premium,2025-06-12,31,1
1785,Deborah Jordan,Pune,Basic,2023-05-07,49,1
1786,Wendy Adkins,Pune,Basic,2024-12-01,29,0
1787,Edward Lee,Chennai,Enterprise,2025-10-10,45,1
1788,Jaclyn Hoffman,Delhi,Premium,2026-01-26,26,0
1789,John Hall,Delhi,Basic,2023-10-14,26,1
1790,Judy Nelson,Hyderabad,Enterprise,2025-09-28,51,1
1791,Hayley Thomas MD,Mumbai,Basic,2024-02-25,61,1
1792,Nicole Warren,Pune,Premium,2025-01-06,47,1
1793,Sarah Day,Mumbai,Enterprise,2024-10-22,65,0
1794,Eric Robinson PhD,Pune,Basic,2023-06-28,52,0
1795,Randy Hill,Chennai,Premium,2024-11-13,43,1
1796,Kevin Bowman,Delhi,Enterprise,2024-09-19,36,1
1797,Daniel Oliver,Delhi,Enterprise,2024-09-14,27,1
1798,Terri Sullivan,Pune,Enterprise,2026-04-15,35,1
1799,Eric Parker,Chennai,Enterprise,2023-08-15,34,1
1800,Luis Blackburn,Delhi,Basic,2026-03-20,28,1
1801,Loretta Robertson,Chennai,Premium,2025-05-15,52,1
1802,Janet Hoover,Mumbai,Enterprise,2023-08-10,23,0
1803,Melinda Hill,Chennai,Premium,2024-03-18,39,1
1804,Tracy Bartlett,Hyderabad,Premium,2024-07-14,42,1
1805,Frank Simmons,Delhi,Basic,2025-07-17,24,1
1806,Andrea Wheeler,Mumbai,Basic,2025-10-17,52,0
1807,Debra Lopez,Delhi,Basic,2025-05-31,49,1
1808,Amanda Peck,Hyderabad,Basic,2024-01-11,64,1
1809,Amy Berger,Mumbai,Basic,2024-11-04,41,1
1810,Jane Stevens,Delhi,Basic,2025-03-21,47,1
1811,Brenda Randolph,Hyderabad,Basic,2024-09-16,25,1
1812,Rachel Garcia,Pune,Premium,2024-07-11,24,1
1813,Molly Bowman,Mumbai,Basic,2024-01-06,60,1
1814,Mr. Tommy West,Mumbai,Premium,2024-07-09,44,1
1815,Jeffrey Phillips,Hyderabad,Enterprise,2025-10-14,33,1
1816,William Barrett,Bangalore,Basic,2024-06-10,42,1
1817,Christina Whitaker,Delhi,Enterprise,2025-01-11,57,0
1818,Tiffany Johnson,Bangalore,Basic,2023-06-08,28,1
1819,Amanda Aguirre,Hyderabad,Premium,2024-06-03,31,1
1820,Kaylee Ellison,Mumbai,Premium,2023-05-15,59,1
1821,Sharon Smith,Chennai,Enterprise,2026-01-05,31,1
1822,Thomas Jones,Delhi,Premium,2024-06-20,54,1
1823,Debra Roberts,Mumbai,Enterprise,2024-08-20,51,1
1824,Jacob Moreno,Bangalore,Basic,2023-11-12,48,1
1825,Nicholas Campbell,Mumbai,Premium,2025-12-28,48,1
1826,Wendy Atkins,Pune,Basic,2023-06-11,57,0
1827,Molly Perry,Hyderabad,Basic,2025-04-04,23,1
1828,Daniel Mahoney,Chennai,Enterprise,2025-09-22,23,1
1829,Amy Finley,Pune,Premium,2024-12-09,51,0
1830,Dylan Flynn,Hyderabad,Premium,2024-06-08,36,0
1831,Thomas Wilson,Pune,Basic,2025-11-30,65,1
1832,Victoria Wallace,Mumbai,Basic,2025-03-12,43,1
1833,David Smith,Mumbai,Enterprise,2025-01-08,26,0
1834,Michael Cruz,Hyderabad,Enterprise,2024-06-28,40,1
1835,Kenneth Adkins,Chennai,Premium,2024-09-20,57,0
1836,Anna Mckenzie,Hyderabad,Premium,2024-08-10,29,1
1837,Robert Berry,Mumbai,Premium,2025-05-01,61,1
1838,Jasmine Taylor,Chennai,Enterprise,2025-08-01,21,0
1839,Timothy Allen,Hyderabad,Enterprise,2025-11-24,42,0
1840,Tamara Nguyen,Bangalore,Premium,2023-06-30,38,1
1841,Lindsey Barr,Chennai,Basic,2025-01-21,60,1
1842,Andrew Pham,Chennai,Basic,2023-08-13,53,1
1843,Tracy Lee,Delhi,Basic,2024-04-05,45,1
1844,Ryan Nelson,Hyderabad,Enterprise,2025-10-13,23,1
1845,Adam Pennington,Bangalore,Basic,2025-12-17,62,0
1846,Julia White,Pune,Enterprise,2025-01-22,34,1
1847,Ashley Ballard,Bangalore,Basic,2025-02-13,55,0
1848,Ronald White,Chennai,Premium,2024-09-14,58,1
1849,Jennifer Glass,Chennai,Basic,2025-04-20,41,1
1850,Misty Cline,Bangalore,Enterprise,2025-12-03,64,1
1851,Nicole West,Bangalore,Basic,2023-11-05,25,1
1852,Victoria Wilson,Bangalore,Premium,2023-07-07,52,0
1853,Amanda Phillips,Hyderabad,Enterprise,2024-02-29,55,1
1854,Maria Patel,Hyderabad,Enterprise,2024-12-15,44,0
1855,Jonathan Oliver,Mumbai,Premium,2025-03-16,26,0
1856,Alexander Francis,Hyderabad,Basic,2023-10-05,39,0
1857,Jennifer Huber,Delhi,Basic,2024-11-09,38,0
1858,Carolyn Lee,Chennai,Basic,2023-09-12,52,1
1859,Jordan Koch,Mumbai,Enterprise,2024-02-01,61,0
1860,Vanessa Johnson,Bangalore,Premium,2023-09-20,64,1
1861,Mariah Baldwin,Hyderabad,Premium,2024-04-25,47,1
1862,Matthew Clark,Chennai,Enterprise,2025-04-06,22,1
1863,David Dixon,Mumbai,Basic,2023-12-29,22,1
1864,Phillip Mcpherson,Pune,Enterprise,2024-11-02,42,1
1865,Phillip Bass,Pune,Premium,2025-06-05,62,1
1866,Amanda Patterson,Hyderabad,Enterprise,2024-02-03,63,1
1867,David Tran,Hyderabad,Premium,2023-10-11,57,1
1868,Tamara Jackson,Bangalore,Basic,2023-07-06,37,1
1869,William Carroll,Hyderabad,Premium,2024-01-04,39,0
1870,Jon Williams,Mumbai,Premium,2025-04-22,39,1
1871,Crystal Velez,Mumbai,Enterprise,2025-06-08,31,1
1872,Ana Bentley,Mumbai,Basic,2025-03-16,65,1
1873,Courtney Fox,Mumbai,Basic,2024-05-27,28,0
1874,Mariah Smith,Bangalore,Enterprise,2024-04-08,29,1
1875,Richard Bradford,Bangalore,Premium,2023-10-26,32,1
1876,Carl Ellis,Pune,Enterprise,2026-01-27,23,1
1877,Brandi Johnson,Bangalore,Basic,2023-06-13,44,1
1878,Jacob Obrien,Pune,Basic,2024-05-01,55,1
1879,Katherine King,Delhi,Basic,2026-01-30,46,1
1880,Sara Murphy,Mumbai,Premium,2025-09-27,41,1
1881,Elizabeth Shelton,Delhi,Enterprise,2024-02-18,55,1
1882,Michael Johnson,Chennai,Enterprise,2025-06-29,39,1
1883,Richard Crawford,Bangalore,Enterprise,2025-04-01,63,1
1884,Nicholas Anderson,Pune,Enterprise,2024-08-24,49,1
1885,Andrew Diaz,Chennai,Basic,2023-12-27,51,0
1886,Anthony Smith,Mumbai,Enterprise,2025-09-23,56,0
1887,Jason Lang,Bangalore,Basic,2025-08-07,46,1
1888,Michael Smith,Hyderabad,Premium,2025-10-19,26,1
1889,Linda Adams,Delhi,Enterprise,2025-07-09,62,1
1890,Terri Tanner MD,Pune,Enterprise,2024-12-21,35,1
1891,Nicholas Green,Mumbai,Basic,2026-01-24,26,1
1892,Andrea Dodson,Chennai,Enterprise,2025-01-14,26,1
1893,Kari Snyder,Mumbai,Premium,2023-12-05,41,0
1894,Tyler Turner,Chennai,Premium,2024-11-18,46,1
1895,Bradley Guerrero,Chennai,Premium,2023-11-02,44,1
1896,Monica Frank,Bangalore,Basic,2024-11-15,39,1
1897,Andrea Johnson,Bangalore,Premium,2025-07-10,49,0
1898,Brandon Clark,Mumbai,Enterprise,2024-04-20,49,1
1899,John Cooper,Hyderabad,Premium,2024-10-08,31,1
1900,Amy Hall,Chennai,Premium,2025-08-13,29,0
1901,Jon Lee,Mumbai,Basic,2024-09-13,40,1
1902,Michael Medina,Pune,Premium,2025-07-12,25,1
1903,Jason Cohen,Delhi,Basic,2023-09-28,47,1
1904,Jeff Castro,Hyderabad,Basic,2026-01-31,56,1
1905,John Hernandez,Chennai,Enterprise,2026-04-26,29,1
1906,Donna Russo,Mumbai,Premium,2024-05-23,39,1
1907,Jillian Maxwell,Delhi,Premium,2024-11-24,58,1
1908,Elizabeth Holmes,Hyderabad,Enterprise,2026-01-03,50,1
1909,Emma Martin,Delhi,Basic,2023-06-24,30,1
1910,Ashley Mills,Bangalore,Enterprise,2024-11-17,61,1
1911,Ricardo Erickson,Delhi,Enterprise,2025-09-04,63,1
1912,Robin Francis,Hyderabad,Basic,2026-01-17,52,1
1913,Tiffany Walker,Delhi,Basic,2024-12-12,38,1
1914,Katherine Walker,Delhi,Enterprise,2025-02-12,44,1
1915,John Gonzales,Pune,Premium,2024-08-20,37,1
1916,Michael Kelly,Chennai,Basic,2024-01-01,44,0
1917,Juan Wilkins,Bangalore,Basic,2024-02-20,58,0
1918,Tonya Grimes,Mumbai,Premium,2024-12-07,50,1
1919,Kyle Maxwell,Bangalore,Basic,2025-08-17,24,1
1920,Robert Walsh,Bangalore,Premium,2025-08-11,61,1
1921,Peter Hansen,Delhi,Premium,2023-11-26,39,0
1922,Carl Hernandez,Pune,Basic,2025-02-02,61,1
1923,James Berry,Delhi,Enterprise,2024-05-14,31,1
1924,Deanna Rogers,Bangalore,Enterprise,2024-07-06,40,1
1925,Shannon Robles,Chennai,Enterprise,2026-04-18,65,1
1926,Amanda Moran,Delhi,Enterprise,2023-10-04,58,1
1927,James Parker,Mumbai,Basic,2023-10-25,29,1
1928,Anthony Hernandez,Bangalore,Premium,2026-01-29,47,1
1929,Scott Norman,Mumbai,Basic,2023-05-08,34,1
1930,Joshua Gonzalez,Pune,Basic,2025-11-01,33,0
1931,Randy Weber,Hyderabad,Premium,2026-02-01,25,0
1932,Denise Hess,Mumbai,Basic,2024-03-01,51,1
1933,Christopher Collins,Bangalore,Enterprise,2026-01-12,44,1
1934,Chloe Hinton,Hyderabad,Enterprise,2025-10-20,54,1
1935,Marcus Phillips,Mumbai,Enterprise,2023-10-24,40,0
1936,Cassandra Hall,Chennai,Basic,2023-05-12,35,1
1937,Ashley Bowers,Chennai,Basic,2026-04-14,65,1
1938,Gregory Santos,Bangalore,Basic,2024-01-06,34,1
1939,Theresa Miller,Delhi,Premium,2025-09-03,65,0
1940,Phillip Wheeler,Delhi,Basic,2025-11-26,51,1
1941,Ronald Shaw,Delhi,Basic,2025-03-19,27,0
1942,Susan Reed,Chennai,Enterprise,2023-07-05,58,0
1943,Ashley Osborn,Hyderabad,Basic,2025-11-20,37,0
1944,Robert Wilcox,Delhi,Premium,2024-09-30,63,0
1945,Diane Davis,Delhi,Basic,2024-10-10,59,1
1946,Douglas Ortiz,Pune,Basic,2024-04-22,32,1
1947,Lisa Gray,Delhi,Basic,2024-01-14,30,1
1948,Melissa Kelly,Pune,Premium,2025-04-21,43,1
1949,Julia Terry,Pune,Enterprise,2024-02-21,60,1
1950,Andrew Myers,Pune,Enterprise,2025-12-10,25,0
1951,Sherry Greene,Pune,Basic,2023-10-26,54,1
1952,Michael Rivers,Chennai,Basic,2024-11-25,39,1
1953,Kevin Sanders,Pune,Basic,2024-10-09,27,1
1954,Taylor Smith,Pune,Enterprise,2024-09-13,51,1
1955,Lori Foster,Chennai,Enterprise,2023-11-17,32,1
1956,Karen Thomas,Chennai,Basic,2023-12-06,32,1
1957,Kaylee Valdez,Hyderabad,Premium,2023-10-04,34,1
1958,Heather Booker,Hyderabad,Basic,2026-03-23,41,0
1959,Amy Williams,Hyderabad,Basic,2023-10-06,54,1
1960,Donna Baxter,Hyderabad,Premium,2024-03-07,39,0
1961,Joseph Wise,Delhi,Premium,2023-07-20,52,0
1962,Laura Fletcher,Hyderabad,Premium,2023-11-28,50,1
1963,Rachel Paul,Chennai,Premium,2025-09-06,35,1
1964,Samantha Weber,Bangalore,Premium,2023-08-05,33,0
1965,Ashley Ray,Hyderabad,Enterprise,2023-11-12,44,1
1966,Robert Carpenter,Delhi,Enterprise,2025-12-22,52,0
1967,Lisa Adkins,Hyderabad,Premium,2023-11-05,54,0
1968,Joseph Dawson,Delhi,Basic,2023-07-15,46,1
1969,James Combs,Chennai,Enterprise,2025-07-25,27,1
1970,Amy Morton,Delhi,Premium,2025-06-04,33,1
1971,Tracey Rogers,Mumbai,Enterprise,2025-10-26,46,0
1972,Luis George,Mumbai,Premium,2023-11-17,52,1
1973,Brooke Gardner,Chennai,Enterprise,2026-02-27,58,1
1974,Kimberly Smith,Chennai,Premium,2025-10-09,43,1
1975,Tyler Lee,Chennai,Enterprise,2024-06-23,46,1
1976,Meagan Curtis,Pune,Premium,2024-08-07,30,1
1977,Andrea Stanton,Delhi,Basic,2023-10-27,37,1
1978,Kristin Martinez,Hyderabad,Basic,2023-08-01,61,1
1979,Cynthia Cunningham,Delhi,Basic,2024-01-06,24,0
1980,Jason Hopkins,Hyderabad,Enterprise,2024-06-24,22,1
1981,Adam Murray,Hyderabad,Enterprise,2025-02-16,64,1
1982,Amber Warren,Mumbai,Premium,2025-03-21,60,0
1983,Miss Amy Roberts,Delhi,Enterprise,2024-04-02,54,1
1984,Jason Kim,Hyderabad,Basic,2024-07-16,39,1
1985,Jon Bell,Hyderabad,Enterprise,2026-04-03,37,1
1986,Brittany Townsend,Pune,Enterprise,2024-01-15,22,0
1987,Megan Hogan,Hyderabad,Basic,2024-06-14,45,1
1988,Gregory Fitzgerald,Bangalore,Premium,2024-04-30,49,1
1989,Alexa Lee,Delhi,Basic,2023-12-14,32,1
1990,Grant Vazquez,Chennai,Basic,2023-12-06,52,1
1991,Brandon Harrison,Mumbai,Premium,2025-03-16,45,1
1992,William Ramirez,Delhi,Enterprise,2025-12-19,64,1
1993,Andrew Clark,Chennai,Enterprise,2025-01-07,64,1
1994,Jay Wong,Hyderabad,Enterprise,2024-12-26,31,0
1995,Eddie Cooper,Hyderabad,Premium,2025-10-04,52,1
1996,Chloe Roberts,Pune,Enterprise,2024-12-11,43,1
1997,Debbie Johnson,Bangalore,Basic,2025-09-25,22,0
1998,Michael Clark,Mumbai,Premium,2025-04-30,43,0
1999,Julia Finley,Chennai,Premium,2024-10-17,45,0
2000,Maria Howell,Hyderabad,Premium,2024-02-06,43,1
