feedback_id,customer_id,rating,complaint_type,feedback_date
1,1059,3,No Complaint,2025-07-08
2,131,3,No Complaint,2025-10-06
3,1086,1,Slow Charging,2025-10-04
4,1785,3,No Complaint,2026-01-22
5,1819,1,Slow Charging,2025-11-29
6,1237,1,Slow Charging,2025-11-27
7,58,5,Slow Charging,2026-01-12
8,419,2,Long Wait Time,2025-08-29
9,54,4,No Complaint,2025-06-08
10,849,5,No Complaint,2025-09-22
11,1661,2,Payment Failure,2025-08-12
12,1020,1,Payment Failure,2026-04-04
13,291,3,Slow Charging,2025-07-16
14,1164,1,Payment Failure,2025-09-21
15,1703,4,No Complaint,2026-03-16
16,97,2,Long Wait Time,2026-02-05
17,1635,4,Slow Charging,2025-07-08
18,800,4,No Complaint,2025-05-30
19,480,4,No Complaint,2025-07-31
20,72,4,No Complaint,2026-03-21
21,1578,4,No Complaint,2025-09-06
22,1438,1,Port Not Working,2025-08-19
23,274,5,No Complaint,2025-08-30
24,312,1,Slow Charging,2025-12-01
25,1609,2,Payment Failure,2025-12-12
26,756,5,Slow Charging,2025-12-14
27,1139,2,Slow Charging,2025-12-17
28,771,3,No Complaint,2026-01-21
29,1817,3,Slow Charging,2026-04-10
30,1130,4,Slow Charging,2025-08-19
31,1300,3,No Complaint,2026-04-19
32,235,3,No Complaint,2025-07-05
33,991,5,No Complaint,2026-03-10
34,1925,4,Slow Charging,2025-07-02
35,40,1,Slow Charging,2025-06-06
36,479,1,Long Wait Time,2025-10-28
37,1390,3,No Complaint,2026-01-29
38,1228,1,Payment Failure,2026-01-23
39,1852,3,Slow Charging,2025-08-09
40,390,5,No Complaint,2025-11-16
41,249,4,No Complaint,2025-06-08
42,995,4,No Complaint,2026-03-31
43,1889,3,No Complaint,2025-09-24
44,145,4,No Complaint,2025-10-17
45,549,2,Slow Charging,2025-12-07
46,987,1,Long Wait Time,2025-11-09
47,1669,1,Slow Charging,2026-01-27
48,1158,4,No Complaint,2025-07-05
49,1499,2,Payment Failure,2025-07-11
50,969,3,Slow Charging,2025-06-30
51,1591,2,Slow Charging,2025-06-18
52,1125,5,No Complaint,2025-07-12
53,968,4,No Complaint,2026-04-18
54,1560,4,No Complaint,2025-11-20
55,1658,1,Slow Charging,2025-12-23
56,397,3,Slow Charging,2026-01-02
57,237,5,Slow Charging,2025-10-30
58,1699,2,Long Wait Time,2025-09-19
59,157,4,Slow Charging,2025-07-06
60,1870,3,No Complaint,2025-12-06
61,1197,5,Slow Charging,2026-02-27
62,432,2,Poor App Experience,2025-11-18
63,1618,4,Slow Charging,2025-10-06
64,371,4,No Complaint,2026-02-04
65,1770,2,Slow Charging,2025-08-24
66,732,3,No Complaint,2025-08-04
67,1503,3,No Complaint,2025-07-02
68,1158,3,No Complaint,2025-10-23
69,1318,2,Port Not Working,2025-05-25
70,576,3,Slow Charging,2025-09-10
71,864,1,Long Wait Time,2026-03-31
72,1053,4,No Complaint,2025-10-05
73,1930,3,Slow Charging,2025-09-10
74,563,5,No Complaint,2025-12-11
75,1941,4,No Complaint,2026-01-22
76,1091,3,Slow Charging,2026-04-05
77,232,1,Payment Failure,2025-05-18
78,141,5,No Complaint,2025-07-16
79,1033,1,Port Not Working,2026-03-26
80,374,5,No Complaint,2025-08-18
81,361,5,No Complaint,2025-11-24
82,725,3,Slow Charging,2026-03-26
83,737,3,No Complaint,2026-03-02
84,1285,1,Payment Failure,2026-02-07
85,604,2,Payment Failure,2025-07-06
86,1371,2,Port Not Working,2025-05-19
87,559,2,Long Wait Time,2025-08-21
88,1474,4,No Complaint,2026-02-04
89,1157,3,Slow Charging,2025-10-21
90,92,1,Poor App Experience,2026-04-08
91,621,3,Slow Charging,2026-02-28
92,748,4,Slow Charging,2025-11-25
93,480,2,Payment Failure,2025-11-06
94,772,2,Long Wait Time,2025-06-21
95,829,4,No Complaint,2025-09-10
96,695,1,Payment Failure,2025-06-15
97,859,2,Slow Charging,2025-12-21
98,448,5,No Complaint,2026-03-11
99,1567,5,No Complaint,2026-03-02
100,1760,2,Long Wait Time,2025-08-24
101,375,3,No Complaint,2025-07-14
102,126,3,Slow Charging,2026-03-26
103,1578,2,Poor App Experience,2025-06-03
104,877,5,No Complaint,2025-09-27
105,1839,5,No Complaint,2025-12-09
106,474,1,Payment Failure,2026-02-21
107,1270,4,Slow Charging,2026-03-11
108,1206,3,No Complaint,2025-06-17
109,865,5,No Complaint,2025-10-03
110,1239,5,No Complaint,2026-01-15
111,568,5,No Complaint,2025-12-06
112,1601,5,No Complaint,2025-05-06
113,885,3,Slow Charging,2025-07-15
114,1165,4,No Complaint,2025-08-24
115,329,2,Payment Failure,2025-10-16
116,747,2,Poor App Experience,2025-05-26
117,205,4,Slow Charging,2025-10-23
118,1326,2,Long Wait Time,2025-07-15
119,1366,2,Slow Charging,2025-11-27
120,241,4,No Complaint,2025-11-02
121,284,1,Poor App Experience,2025-05-12
122,912,2,Payment Failure,2025-05-21
123,1346,2,Port Not Working,2026-04-05
124,476,2,Poor App Experience,2025-09-01
125,1564,2,Payment Failure,2025-12-14
126,1702,1,Long Wait Time,2025-08-07
127,323,5,No Complaint,2025-08-09
128,1946,4,Slow Charging,2026-03-07
129,879,1,Poor App Experience,2026-02-25
130,1481,4,Slow Charging,2026-03-25
131,246,1,Slow Charging,2026-01-21
132,1613,1,Payment Failure,2025-07-05
133,242,2,Port Not Working,2025-05-09
134,1983,5,No Complaint,2025-10-14
135,302,5,Slow Charging,2026-03-06
136,1937,1,Payment Failure,2025-08-18
137,1926,2,Slow Charging,2026-03-19
138,1821,4,Slow Charging,2026-01-01
139,450,4,No Complaint,2026-01-28
140,1082,1,Slow Charging,2025-07-23
141,1507,3,No Complaint,2025-12-24
142,503,5,No Complaint,2025-11-29
143,748,2,Long Wait Time,2025-10-26
144,829,2,Long Wait Time,2026-02-27
145,1407,4,No Complaint,2026-03-27
146,586,3,Slow Charging,2025-08-01
147,24,3,Slow Charging,2025-12-23
148,527,4,Slow Charging,2026-03-05
149,978,2,Long Wait Time,2025-05-20
150,1063,5,No Complaint,2025-09-24
151,102,2,Long Wait Time,2025-06-26
152,729,3,No Complaint,2026-04-02
153,1017,2,Payment Failure,2026-04-18
154,1049,3,Slow Charging,2025-11-04
155,1916,2,Port Not Working,2025-06-12
156,1394,3,Slow Charging,2026-02-15
157,1466,2,Poor App Experience,2025-10-22
158,1678,5,No Complaint,2025-11-02
159,160,4,Slow Charging,2026-04-06
160,1341,1,Port Not Working,2025-11-23
161,36,2,Long Wait Time,2025-12-31
162,1977,4,Slow Charging,2025-12-01
163,1145,2,Long Wait Time,2025-07-24
164,1413,2,Port Not Working,2025-11-08
165,1481,3,No Complaint,2025-05-23
166,1112,3,No Complaint,2026-01-25
167,1880,2,Long Wait Time,2025-07-07
168,58,5,No Complaint,2025-09-02
169,837,5,Slow Charging,2026-01-09
170,1265,3,No Complaint,2025-06-04
171,1651,3,Slow Charging,2025-12-26
172,162,2,Slow Charging,2026-04-28
173,598,3,No Complaint,2025-09-24
174,1487,5,No Complaint,2026-02-02
175,1175,3,No Complaint,2025-05-08
176,9,3,No Complaint,2025-09-25
177,1521,5,No Complaint,2025-10-23
178,961,3,Slow Charging,2026-01-03
179,1819,4,Slow Charging,2025-05-08
180,1209,4,Slow Charging,2025-10-29
181,1175,5,No Complaint,2025-07-05
182,1148,4,No Complaint,2025-05-23
183,1251,4,No Complaint,2026-04-28
184,1521,5,Slow Charging,2025-12-01
185,550,2,Payment Failure,2025-10-09
186,1854,2,Port Not Working,2025-06-01
187,1233,4,No Complaint,2026-02-25
188,952,2,Long Wait Time,2025-11-02
189,1004,4,No Complaint,2026-03-30
190,1615,4,No Complaint,2025-07-27
191,1370,2,Long Wait Time,2025-05-28
192,1747,5,Slow Charging,2025-09-09
193,1190,4,No Complaint,2025-11-16
194,871,3,No Complaint,2026-03-06
195,511,2,Long Wait Time,2025-07-24
196,1752,1,Payment Failure,2026-03-21
197,675,5,No Complaint,2026-04-05
198,216,4,No Complaint,2026-04-14
199,64,3,No Complaint,2026-04-23
200,812,3,Slow Charging,2025-10-09
201,39,1,Port Not Working,2026-03-06
202,741,3,No Complaint,2026-03-12
203,681,1,Slow Charging,2025-11-26
204,1692,1,Poor App Experience,2025-10-26
205,1447,2,Poor App Experience,2025-09-06
206,593,4,No Complaint,2026-02-17
207,1147,1,Long Wait Time,2025-07-25
208,1545,1,Poor App Experience,2025-09-25
209,337,5,No Complaint,2026-03-25
210,1545,2,Poor App Experience,2026-01-07
211,1688,2,Slow Charging,2025-05-29
212,1294,5,Slow Charging,2025-06-24
213,829,1,Long Wait Time,2025-10-04
214,789,3,No Complaint,2025-08-02
215,561,3,No Complaint,2026-03-26
216,141,3,Slow Charging,2025-11-09
217,328,5,No Complaint,2025-09-01
218,817,2,Poor App Experience,2026-03-03
219,596,1,Slow Charging,2025-11-24
220,1323,2,Slow Charging,2026-01-17
221,208,2,Port Not Working,2025-08-16
222,486,4,No Complaint,2025-07-09
223,1571,2,Port Not Working,2026-05-05
224,753,4,No Complaint,2025-10-18
225,1572,2,Poor App Experience,2025-06-06
226,522,5,No Complaint,2026-02-09
227,1993,3,No Complaint,2025-09-22
228,1339,3,Slow Charging,2025-09-15
229,1764,1,Payment Failure,2026-04-19
230,1587,3,Slow Charging,2025-11-14
231,330,1,Slow Charging,2026-05-01
232,188,2,Port Not Working,2025-07-28
233,754,3,No Complaint,2025-05-22
234,695,4,Slow Charging,2025-09-13
235,1426,2,Poor App Experience,2026-04-04
236,1981,3,Slow Charging,2025-06-30
237,748,3,Slow Charging,2025-09-13
238,1121,5,No Complaint,2026-01-05
239,1426,1,Payment Failure,2026-03-18
240,1991,1,Payment Failure,2026-04-02
241,1663,3,No Complaint,2025-05-24
242,1828,2,Port Not Working,2026-02-26
243,181,3,No Complaint,2026-02-21
244,402,5,No Complaint,2026-03-11
245,696,4,No Complaint,2025-11-04
246,491,2,Long Wait Time,2025-12-05
247,832,3,No Complaint,2025-06-26
248,1055,1,Slow Charging,2025-12-30
249,1289,1,Payment Failure,2025-08-07
250,1179,3,No Complaint,2025-12-20
251,1793,1,Slow Charging,2025-05-21
252,757,2,Slow Charging,2025-08-29
253,1558,3,No Complaint,2025-08-18
254,209,1,Long Wait Time,2025-07-30
255,599,1,Long Wait Time,2025-12-01
256,992,3,No Complaint,2025-08-22
257,877,5,No Complaint,2026-02-12
258,946,3,No Complaint,2025-09-16
259,1563,3,Slow Charging,2025-05-29
260,274,2,Port Not Working,2025-07-11
261,1635,2,Slow Charging,2025-08-26
262,1139,5,Slow Charging,2026-01-25
263,1945,4,Slow Charging,2026-05-04
264,1515,1,Poor App Experience,2026-03-10
265,1939,5,Slow Charging,2026-01-07
266,1713,1,Poor App Experience,2025-08-04
267,721,4,No Complaint,2025-06-27
268,292,5,No Complaint,2026-02-13
269,12,3,No Complaint,2026-02-17
270,394,3,Slow Charging,2025-12-18
271,527,1,Slow Charging,2025-07-20
272,1307,1,Slow Charging,2025-10-24
273,114,1,Payment Failure,2026-01-12
274,199,5,Slow Charging,2025-08-24
275,1445,3,Slow Charging,2025-06-01
276,541,2,Long Wait Time,2025-07-29
277,212,1,Port Not Working,2026-01-24
278,1233,1,Long Wait Time,2026-04-15
279,583,1,Payment Failure,2026-01-08
280,1822,1,Slow Charging,2025-05-13
281,1617,2,Payment Failure,2026-02-17
282,125,5,Slow Charging,2026-03-14
283,356,4,No Complaint,2026-02-09
284,1750,1,Payment Failure,2025-06-21
285,1476,5,Slow Charging,2025-05-25
286,427,4,No Complaint,2026-03-07
287,1388,2,Long Wait Time,2025-12-11
288,890,1,Slow Charging,2026-02-28
289,1201,5,No Complaint,2025-08-12
290,62,4,No Complaint,2025-07-19
291,1972,4,No Complaint,2025-06-14
292,682,3,Slow Charging,2026-01-19
293,1346,2,Poor App Experience,2025-07-03
294,240,1,Long Wait Time,2025-08-04
295,179,2,Port Not Working,2026-03-21
296,1832,1,Payment Failure,2026-03-08
297,636,1,Port Not Working,2026-01-17
298,779,4,No Complaint,2026-01-15
299,398,4,No Complaint,2026-02-07
300,148,5,No Complaint,2025-05-26
301,984,1,Long Wait Time,2025-12-27
302,1588,4,Slow Charging,2025-11-19
303,464,3,No Complaint,2025-09-03
304,1288,3,No Complaint,2025-10-06
305,208,2,Port Not Working,2026-02-09
306,73,5,No Complaint,2025-06-15
307,566,4,No Complaint,2025-12-28
308,1529,5,Slow Charging,2025-05-22
309,891,3,No Complaint,2026-03-03
310,1052,1,Long Wait Time,2025-12-21
311,1035,1,Long Wait Time,2025-10-02
312,1706,3,No Complaint,2025-11-02
313,419,3,No Complaint,2026-03-19
314,1537,2,Long Wait Time,2025-05-27
315,1532,4,No Complaint,2025-09-10
316,1637,2,Port Not Working,2026-01-28
317,884,1,Payment Failure,2026-02-02
318,1257,5,No Complaint,2025-09-28
319,228,2,Slow Charging,2025-11-01
320,829,3,No Complaint,2026-01-27
321,574,5,Slow Charging,2026-02-12
322,1940,4,No Complaint,2025-12-03
323,471,5,Slow Charging,2026-04-27
324,1835,3,Slow Charging,2025-11-25
325,1777,4,Slow Charging,2025-07-24
326,148,2,Long Wait Time,2026-01-08
327,607,5,Slow Charging,2025-12-22
328,1731,3,No Complaint,2026-04-03
329,750,1,Slow Charging,2026-04-05
330,550,2,Poor App Experience,2025-07-22
331,312,2,Long Wait Time,2026-01-10
332,558,5,No Complaint,2025-07-31
333,465,2,Long Wait Time,2026-03-05
334,765,1,Slow Charging,2025-06-11
335,1934,2,Poor App Experience,2025-06-29
336,353,3,No Complaint,2025-10-09
337,39,2,Poor App Experience,2026-01-28
338,913,1,Port Not Working,2026-01-23
339,1378,2,Poor App Experience,2025-05-29
340,347,2,Payment Failure,2025-09-22
341,374,3,No Complaint,2025-09-14
342,1365,2,Slow Charging,2026-03-12
343,426,1,Long Wait Time,2025-07-15
344,1835,2,Port Not Working,2025-11-11
345,568,4,No Complaint,2025-11-01
346,1948,2,Long Wait Time,2026-01-03
347,1484,4,No Complaint,2026-03-27
348,1777,5,No Complaint,2025-06-03
349,105,5,No Complaint,2025-07-06
350,1373,5,Slow Charging,2025-12-09
351,547,5,Slow Charging,2025-06-17
352,1696,3,No Complaint,2025-05-20
353,673,2,Long Wait Time,2025-11-01
354,984,5,Slow Charging,2026-04-09
355,1966,5,Slow Charging,2026-03-27
356,1373,5,No Complaint,2026-01-02
357,623,3,No Complaint,2026-02-21
358,1482,2,Port Not Working,2025-05-24
359,711,2,Long Wait Time,2025-07-12
360,842,5,No Complaint,2025-05-17
361,1037,2,Long Wait Time,2025-10-03
362,1652,1,Poor App Experience,2026-04-16
363,1836,2,Slow Charging,2025-11-18
364,730,5,No Complaint,2025-05-05
365,939,5,No Complaint,2025-05-22
366,916,2,Port Not Working,2026-01-04
367,1801,4,Slow Charging,2026-04-30
368,1593,5,No Complaint,2025-11-03
369,1658,5,Slow Charging,2026-02-01
370,1954,4,No Complaint,2025-08-20
371,1238,1,Payment Failure,2025-09-02
372,1321,1,Slow Charging,2025-05-31
373,1662,4,Slow Charging,2025-12-16
374,1026,4,No Complaint,2025-11-22
375,520,5,No Complaint,2025-11-12
376,711,4,No Complaint,2026-03-12
377,707,5,Slow Charging,2025-08-11
378,297,5,No Complaint,2026-02-18
379,1274,1,Long Wait Time,2025-09-10
380,1957,5,No Complaint,2025-06-04
381,661,3,No Complaint,2025-09-18
382,1118,4,No Complaint,2025-08-18
383,1019,1,Long Wait Time,2025-05-13
384,1929,5,No Complaint,2025-11-15
385,352,5,Slow Charging,2025-12-09
386,1931,4,Slow Charging,2025-06-21
387,1595,5,Slow Charging,2026-02-21
388,755,5,Slow Charging,2025-10-03
389,708,1,Payment Failure,2025-08-07
390,804,1,Poor App Experience,2026-05-03
391,1358,3,No Complaint,2025-08-30
392,839,5,No Complaint,2026-03-30
393,1569,5,No Complaint,2026-04-29
394,1777,4,No Complaint,2026-03-25
395,513,2,Long Wait Time,2025-05-30
396,252,1,Payment Failure,2025-06-23
397,717,3,No Complaint,2025-08-19
398,205,3,Slow Charging,2025-09-26
399,90,2,Port Not Working,2025-12-14
400,1863,2,Port Not Working,2025-11-21
401,1519,5,Slow Charging,2025-12-03
402,1963,2,Long Wait Time,2025-11-12
403,1127,1,Payment Failure,2025-06-21
404,1254,2,Long Wait Time,2025-12-02
405,923,2,Payment Failure,2026-03-23
406,1846,3,No Complaint,2026-01-20
407,216,1,Poor App Experience,2025-05-27
408,1796,3,No Complaint,2025-08-07
409,1979,5,Slow Charging,2026-04-13
410,1306,3,Slow Charging,2025-07-02
411,1515,1,Port Not Working,2025-09-04
412,145,1,Payment Failure,2025-12-28
413,112,3,Slow Charging,2025-10-27
414,720,3,No Complaint,2025-09-02
415,159,4,No Complaint,2025-06-30
416,916,1,Poor App Experience,2025-07-23
417,1447,2,Poor App Experience,2026-03-06
418,420,5,No Complaint,2025-10-08
419,957,3,Slow Charging,2025-09-25
420,1776,5,Slow Charging,2025-07-28
421,768,1,Slow Charging,2025-11-28
422,225,4,No Complaint,2026-01-27
423,1738,1,Port Not Working,2025-10-17
424,1027,5,Slow Charging,2025-12-08
425,1010,4,No Complaint,2025-09-16
426,1068,4,Slow Charging,2025-06-20
427,465,3,No Complaint,2026-04-27
428,766,1,Long Wait Time,2025-11-16
429,685,5,Slow Charging,2026-04-26
430,1918,2,Slow Charging,2025-07-27
431,26,3,Slow Charging,2026-03-26
432,738,5,Slow Charging,2025-12-25
433,539,5,No Complaint,2026-03-29
434,1653,2,Port Not Working,2026-03-10
435,884,4,No Complaint,2025-07-24
436,795,5,No Complaint,2025-05-11
437,1507,5,No Complaint,2025-12-31
438,1669,3,Slow Charging,2025-10-27
439,552,3,No Complaint,2026-01-30
440,377,4,Slow Charging,2025-06-14
441,897,3,Slow Charging,2026-01-05
442,263,4,Slow Charging,2026-04-23
443,1331,3,No Complaint,2026-02-16
444,1874,3,Slow Charging,2025-11-17
445,430,3,No Complaint,2026-03-27
446,838,3,No Complaint,2026-03-23
447,1840,2,Long Wait Time,2026-03-14
448,592,2,Long Wait Time,2026-03-31
449,1128,1,Port Not Working,2025-12-13
450,493,3,No Complaint,2025-10-11
451,97,4,No Complaint,2025-11-28
452,192,1,Slow Charging,2025-08-06
453,1255,3,No Complaint,2025-11-09
454,118,1,Slow Charging,2026-01-14
455,1503,3,No Complaint,2025-07-13
456,829,5,No Complaint,2025-09-14
457,805,2,Port Not Working,2025-12-09
458,690,2,Long Wait Time,2025-10-17
459,1996,5,No Complaint,2026-02-15
460,627,5,No Complaint,2025-05-31
461,490,3,No Complaint,2025-12-24
462,434,2,Poor App Experience,2025-10-29
463,501,1,Long Wait Time,2025-10-25
464,1144,4,No Complaint,2025-09-01
465,1131,2,Payment Failure,2025-09-10
466,1047,2,Long Wait Time,2025-07-31
467,495,4,Slow Charging,2026-04-30
468,1800,4,No Complaint,2026-01-06
469,1801,1,Slow Charging,2025-10-02
470,1489,4,No Complaint,2026-03-01
471,903,4,No Complaint,2025-10-28
472,129,5,No Complaint,2025-12-07
473,1827,3,No Complaint,2026-01-30
474,531,5,No Complaint,2026-02-09
475,495,5,Slow Charging,2025-08-03
476,562,1,Payment Failure,2025-10-22
477,377,4,Slow Charging,2025-06-19
478,1760,1,Payment Failure,2026-01-01
479,1801,1,Long Wait Time,2026-03-07
480,1349,5,No Complaint,2025-07-03
481,574,4,Slow Charging,2025-11-17
482,20,5,Slow Charging,2025-10-14
483,718,1,Port Not Working,2025-12-30
484,460,5,No Complaint,2026-03-02
485,1166,3,No Complaint,2025-06-27
486,990,3,Slow Charging,2026-02-10
487,147,4,No Complaint,2026-03-02
488,896,2,Poor App Experience,2025-05-28
489,442,1,Long Wait Time,2025-06-17
490,263,1,Slow Charging,2025-12-02
491,996,1,Long Wait Time,2026-01-29
492,1982,1,Slow Charging,2025-05-11
493,944,2,Payment Failure,2025-07-16
494,1418,2,Port Not Working,2025-08-21
495,1310,1,Slow Charging,2025-06-26
496,824,2,Payment Failure,2025-05-12
497,1568,2,Poor App Experience,2025-11-01
498,538,3,Slow Charging,2025-06-22
499,602,1,Poor App Experience,2026-02-23
500,894,5,Slow Charging,2025-12-12
501,645,5,No Complaint,2025-12-20
502,1093,1,Slow Charging,2026-04-05
503,210,3,No Complaint,2026-02-10
504,1076,3,No Complaint,2025-10-21
505,898,5,No Complaint,2025-05-31
506,417,2,Payment Failure,2025-12-24
507,1634,4,Slow Charging,2025-07-20
508,1405,5,No Complaint,2025-07-29
509,1654,4,No Complaint,2025-09-10
510,131,5,No Complaint,2026-04-09
511,82,4,Slow Charging,2026-04-02
512,1749,2,Port Not Working,2026-01-18
513,1521,4,No Complaint,2025-11-02
514,1951,5,No Complaint,2025-12-19
515,925,1,Long Wait Time,2025-12-30
516,1619,2,Payment Failure,2025-10-19
517,647,5,No Complaint,2025-06-02
518,980,1,Port Not Working,2025-07-28
519,54,1,Long Wait Time,2025-09-27
520,960,2,Port Not Working,2025-08-16
521,755,3,No Complaint,2025-07-04
522,1368,5,No Complaint,2026-01-26
523,656,5,Slow Charging,2025-09-09
524,562,5,Slow Charging,2025-10-06
525,1425,4,No Complaint,2025-07-11
526,1696,2,Poor App Experience,2025-11-03
527,1528,3,No Complaint,2025-06-27
528,1187,2,Long Wait Time,2025-07-26
529,821,4,No Complaint,2025-08-15
530,1679,3,No Complaint,2026-04-15
531,958,5,No Complaint,2025-11-30
532,1551,1,Poor App Experience,2025-11-03
533,574,1,Port Not Working,2025-10-06
534,1462,3,No Complaint,2025-10-27
535,1876,1,Long Wait Time,2025-06-15
536,813,2,Payment Failure,2025-12-27
537,751,2,Poor App Experience,2026-02-13
538,1037,4,No Complaint,2026-02-19
539,149,1,Payment Failure,2025-08-31
540,622,1,Poor App Experience,2026-04-03
541,651,4,No Complaint,2026-01-05
542,593,5,Slow Charging,2026-03-20
543,1650,5,No Complaint,2026-02-21
544,790,4,Slow Charging,2025-11-10
545,888,1,Slow Charging,2026-04-24
546,460,5,No Complaint,2025-07-25
547,1413,1,Payment Failure,2025-10-17
548,65,1,Long Wait Time,2025-10-22
549,1648,2,Slow Charging,2025-07-24
550,977,4,No Complaint,2025-10-31
551,59,2,Port Not Working,2025-06-26
552,911,3,No Complaint,2025-11-01
553,1748,1,Slow Charging,2025-07-31
554,567,4,No Complaint,2025-10-20
555,1893,3,Slow Charging,2026-03-11
556,870,2,Slow Charging,2025-10-12
557,1236,3,Slow Charging,2026-03-21
558,1207,4,Slow Charging,2026-04-07
559,166,5,No Complaint,2026-01-04
560,825,2,Payment Failure,2025-07-21
561,1530,1,Slow Charging,2026-04-15
562,1234,3,No Complaint,2026-03-28
563,851,3,Slow Charging,2026-02-25
564,1867,5,No Complaint,2025-11-07
565,1067,2,Long Wait Time,2026-04-17
566,1814,2,Long Wait Time,2025-10-25
567,1745,3,No Complaint,2025-08-03
568,77,3,No Complaint,2025-08-09
569,199,2,Payment Failure,2026-03-23
570,967,5,No Complaint,2025-12-23
571,1269,2,Slow Charging,2025-05-08
572,1977,1,Poor App Experience,2025-06-16
573,1800,3,Slow Charging,2025-05-13
574,45,5,No Complaint,2025-11-27
575,1392,4,No Complaint,2025-10-04
576,36,3,Slow Charging,2025-08-27
577,740,3,Slow Charging,2026-02-26
578,982,3,Slow Charging,2025-10-01
579,1208,3,No Complaint,2026-02-10
580,1512,1,Long Wait Time,2025-08-25
581,1035,2,Long Wait Time,2026-03-28
582,531,5,No Complaint,2025-08-17
583,855,1,Poor App Experience,2025-10-22
584,772,3,No Complaint,2026-02-25
585,626,3,No Complaint,2026-03-20
586,147,5,No Complaint,2026-01-01
587,1748,5,No Complaint,2025-07-03
588,1584,4,No Complaint,2025-07-26
589,1912,3,Slow Charging,2025-07-18
590,1976,2,Long Wait Time,2025-09-01
591,228,4,Slow Charging,2025-08-17
592,169,3,Slow Charging,2025-11-08
593,1024,4,No Complaint,2026-01-20
594,945,1,Payment Failure,2026-01-07
595,1215,3,Slow Charging,2025-06-08
596,543,4,Slow Charging,2026-03-30
597,1860,4,No Complaint,2025-06-07
598,1891,2,Port Not Working,2025-12-06
599,1478,4,No Complaint,2026-01-27
600,823,1,Port Not Working,2026-01-28
601,1012,1,Payment Failure,2025-05-30
602,1732,1,Slow Charging,2025-09-16
603,1395,4,Slow Charging,2026-03-15
604,1579,3,Slow Charging,2025-05-10
605,1206,1,Payment Failure,2025-09-16
606,1624,5,Slow Charging,2025-11-25
607,202,4,No Complaint,2025-09-07
608,345,1,Port Not Working,2025-07-18
609,1393,3,No Complaint,2026-01-26
610,249,5,Slow Charging,2026-04-17
611,855,3,Slow Charging,2026-04-07
612,1510,3,No Complaint,2025-05-13
613,167,3,No Complaint,2025-11-02
614,353,5,Slow Charging,2025-09-09
615,1956,3,No Complaint,2025-08-18
616,1483,1,Long Wait Time,2025-10-18
617,317,2,Long Wait Time,2025-07-31
618,1200,5,Slow Charging,2025-06-09
619,1464,3,No Complaint,2026-01-30
620,1766,3,Slow Charging,2025-11-28
621,360,1,Port Not Working,2025-10-06
622,1946,4,No Complaint,2025-07-26
623,1365,2,Long Wait Time,2025-07-26
624,423,2,Poor App Experience,2025-11-24
625,519,3,No Complaint,2026-01-09
626,191,4,No Complaint,2025-06-11
627,518,1,Port Not Working,2025-09-20
628,1343,3,Slow Charging,2025-07-23
629,297,4,No Complaint,2025-08-10
630,1734,4,No Complaint,2025-11-04
631,72,1,Payment Failure,2025-12-02
632,51,4,No Complaint,2025-08-17
633,1287,5,No Complaint,2025-08-06
634,1918,2,Long Wait Time,2025-07-12
635,1959,4,Slow Charging,2026-03-28
636,520,5,No Complaint,2025-07-14
637,1768,5,Slow Charging,2026-03-10
638,1809,4,No Complaint,2025-10-15
639,1229,3,No Complaint,2026-04-12
640,1575,4,No Complaint,2025-10-08
641,1960,1,Long Wait Time,2025-07-20
642,800,5,Slow Charging,2026-04-08
643,1,4,Slow Charging,2025-05-29
644,136,1,Long Wait Time,2026-01-05
645,81,2,Slow Charging,2025-10-21
646,1588,2,Payment Failure,2025-12-22
647,365,5,No Complaint,2025-05-17
648,689,3,No Complaint,2025-08-06
649,1457,1,Long Wait Time,2025-05-07
650,1475,5,Slow Charging,2025-10-24
651,1663,1,Poor App Experience,2025-11-21
652,1884,2,Poor App Experience,2025-10-02
653,1373,1,Long Wait Time,2025-06-02
654,1569,3,No Complaint,2025-06-29
655,1935,1,Payment Failure,2026-01-08
656,838,4,No Complaint,2025-06-17
657,671,5,Slow Charging,2025-09-02
658,208,5,No Complaint,2025-12-12
659,671,5,No Complaint,2026-01-21
660,1891,2,Poor App Experience,2025-07-01
661,715,5,Slow Charging,2025-09-07
662,857,3,No Complaint,2025-10-14
663,1939,5,Slow Charging,2025-08-19
664,548,1,Poor App Experience,2025-06-02
665,1064,1,Payment Failure,2026-04-20
666,215,4,No Complaint,2025-12-07
667,1712,5,No Complaint,2026-01-01
668,503,5,No Complaint,2025-11-22
669,1579,3,No Complaint,2025-10-13
670,833,5,No Complaint,2025-11-17
671,548,2,Slow Charging,2025-06-14
672,488,5,No Complaint,2025-12-13
673,273,5,Slow Charging,2025-11-11
674,533,5,Slow Charging,2025-12-16
675,985,2,Poor App Experience,2026-02-25
676,856,2,Port Not Working,2025-10-29
677,1429,3,No Complaint,2025-07-13
678,72,1,Payment Failure,2026-03-02
679,1635,2,Long Wait Time,2025-09-07
680,1344,1,Port Not Working,2025-11-19
681,1293,2,Long Wait Time,2025-08-24
682,1370,1,Port Not Working,2026-04-07
683,774,3,No Complaint,2026-04-22
684,828,4,No Complaint,2025-07-29
685,491,4,No Complaint,2026-01-30
686,949,5,No Complaint,2025-08-08
687,593,1,Long Wait Time,2025-07-15
688,1458,2,Payment Failure,2025-06-23
689,1453,1,Long Wait Time,2026-01-20
690,1035,4,No Complaint,2025-08-27
691,515,4,Slow Charging,2025-09-18
692,1238,4,Slow Charging,2025-09-13
693,176,2,Slow Charging,2025-07-25
694,1529,4,Slow Charging,2025-12-04
695,1525,4,No Complaint,2025-09-12
696,903,1,Payment Failure,2025-11-11
697,265,5,Slow Charging,2025-09-04
698,1109,3,No Complaint,2026-04-26
699,1637,1,Payment Failure,2026-03-25
700,271,4,No Complaint,2025-07-20
701,1727,4,No Complaint,2025-08-26
702,1371,2,Poor App Experience,2026-03-12
703,556,4,Slow Charging,2025-08-25
704,223,3,Slow Charging,2026-02-09
705,1370,3,No Complaint,2025-05-23
706,177,1,Port Not Working,2026-04-27
707,1726,2,Long Wait Time,2026-04-17
708,1054,3,Slow Charging,2025-12-28
709,1423,5,No Complaint,2025-09-14
710,676,1,Poor App Experience,2025-05-31
711,542,3,No Complaint,2026-01-28
712,506,4,No Complaint,2026-04-04
713,1586,1,Long Wait Time,2026-04-11
714,1896,2,Port Not Working,2026-01-10
715,1752,1,Poor App Experience,2026-01-24
716,304,5,No Complaint,2026-03-25
717,872,4,No Complaint,2026-04-18
718,1473,3,No Complaint,2025-09-11
719,737,4,Slow Charging,2025-09-25
720,912,2,Long Wait Time,2026-04-24
721,1510,3,Slow Charging,2026-03-10
722,196,3,No Complaint,2025-09-29
723,390,3,Slow Charging,2026-04-15
724,1364,4,No Complaint,2025-07-27
725,1497,3,No Complaint,2025-08-21
726,25,4,Slow Charging,2026-01-18
727,1291,2,Payment Failure,2025-07-24
728,859,4,No Complaint,2026-01-25
729,728,3,Slow Charging,2025-08-05
730,1177,1,Slow Charging,2026-03-22
731,155,5,No Complaint,2026-02-12
732,466,5,Slow Charging,2025-08-18
733,1232,2,Long Wait Time,2025-11-08
734,1791,3,No Complaint,2025-12-12
735,1671,2,Slow Charging,2026-01-02
736,1879,3,No Complaint,2025-10-13
737,1083,3,Slow Charging,2026-02-19
738,1319,1,Port Not Working,2025-11-21
739,1386,1,Poor App Experience,2026-02-14
740,191,4,No Complaint,2025-08-09
741,1164,3,No Complaint,2025-11-17
742,685,1,Poor App Experience,2026-04-28
743,1049,1,Port Not Working,2025-08-29
744,229,4,No Complaint,2026-04-19
745,469,2,Payment Failure,2025-05-06
746,1300,5,No Complaint,2025-07-22
747,725,5,No Complaint,2026-01-23
748,958,5,Slow Charging,2025-11-15
749,550,2,Slow Charging,2026-01-05
750,1424,5,Slow Charging,2025-12-07
751,1249,2,Long Wait Time,2025-12-19
752,1212,1,Payment Failure,2025-10-18
753,1173,3,No Complaint,2025-10-29
754,1220,4,Slow Charging,2025-12-26
755,1015,3,No Complaint,2025-05-13
756,1272,2,Poor App Experience,2025-11-29
757,346,5,No Complaint,2026-02-25
758,1002,4,No Complaint,2025-06-06
759,1009,1,Poor App Experience,2026-03-08
760,1651,1,Poor App Experience,2025-07-26
761,278,4,No Complaint,2026-02-13
762,133,5,No Complaint,2026-03-08
763,1252,2,Slow Charging,2026-01-03
764,1468,1,Poor App Experience,2025-12-13
765,489,4,No Complaint,2026-01-28
766,1310,4,Slow Charging,2025-07-01
767,1115,2,Poor App Experience,2025-12-31
768,1955,3,Slow Charging,2025-06-07
769,390,3,Slow Charging,2026-03-24
770,658,3,No Complaint,2026-03-01
771,1241,5,No Complaint,2025-10-01
772,1433,4,Slow Charging,2026-01-12
773,954,2,Port Not Working,2026-03-31
774,435,5,No Complaint,2025-06-28
775,1731,3,No Complaint,2025-11-25
776,579,1,Poor App Experience,2025-05-11
777,295,5,No Complaint,2025-10-05
778,809,4,No Complaint,2026-05-01
779,543,4,No Complaint,2025-06-14
780,1096,3,No Complaint,2025-11-04
781,1764,4,Slow Charging,2025-07-25
782,1126,3,No Complaint,2025-05-18
783,797,3,No Complaint,2026-01-21
784,1046,4,Slow Charging,2025-09-13
785,1485,4,Slow Charging,2025-08-31
786,72,2,Payment Failure,2025-11-22
787,295,3,Slow Charging,2025-11-28
788,1250,5,No Complaint,2026-01-03
789,1514,4,No Complaint,2025-05-15
790,866,3,Slow Charging,2025-06-01
791,371,5,No Complaint,2025-06-29
792,434,2,Port Not Working,2025-08-09
793,1541,3,Slow Charging,2025-12-07
794,174,3,No Complaint,2025-10-02
795,734,3,Slow Charging,2025-09-22
796,1304,3,No Complaint,2025-07-07
797,65,3,Slow Charging,2025-11-21
798,1178,1,Long Wait Time,2025-09-16
799,1406,5,Slow Charging,2026-01-05
800,852,4,Slow Charging,2025-09-15
801,1171,3,No Complaint,2025-06-29
802,1358,5,Slow Charging,2025-07-05
803,1457,1,Port Not Working,2025-07-18
804,39,2,Port Not Working,2025-11-13
805,1402,4,Slow Charging,2025-11-13
806,560,3,No Complaint,2026-02-12
807,710,5,No Complaint,2025-06-13
808,1536,1,Long Wait Time,2026-04-16
809,1844,2,Poor App Experience,2025-07-21
810,1779,5,No Complaint,2025-08-20
811,672,5,No Complaint,2025-11-05
812,69,3,Slow Charging,2025-05-09
813,1479,3,No Complaint,2025-10-01
814,1695,1,Port Not Working,2025-11-13
815,171,5,No Complaint,2026-01-18
816,715,4,No Complaint,2025-06-16
817,319,4,No Complaint,2025-12-26
818,1189,1,Poor App Experience,2026-03-03
819,215,4,Slow Charging,2026-02-11
820,498,5,Slow Charging,2025-08-10
821,886,4,No Complaint,2025-09-18
822,1374,3,No Complaint,2025-11-04
823,1375,4,Slow Charging,2026-01-25
824,1120,2,Poor App Experience,2026-02-18
825,809,2,Long Wait Time,2025-08-15
826,1883,1,Long Wait Time,2025-07-24
827,696,5,Slow Charging,2025-11-26
828,1060,5,Slow Charging,2025-08-26
829,277,2,Payment Failure,2026-02-01
830,1633,4,Slow Charging,2025-07-24
831,138,5,Slow Charging,2026-05-02
832,505,1,Poor App Experience,2026-05-02
833,1542,1,Long Wait Time,2026-02-02
834,1707,1,Port Not Working,2026-01-27
835,1947,3,No Complaint,2025-06-20
836,1965,4,No Complaint,2026-03-24
837,334,3,No Complaint,2025-10-25
838,1218,4,No Complaint,2025-10-28
839,895,1,Slow Charging,2025-09-22
840,1817,2,Port Not Working,2026-03-11
841,455,3,No Complaint,2025-10-31
842,1670,2,Slow Charging,2025-10-31
843,1623,4,Slow Charging,2025-05-14
844,732,5,No Complaint,2025-11-09
845,1385,4,No Complaint,2025-12-21
846,1689,5,No Complaint,2025-06-06
847,995,4,No Complaint,2025-07-22
848,918,4,Slow Charging,2025-12-28
849,1388,2,Long Wait Time,2025-05-21
850,1885,2,Slow Charging,2026-04-12
851,492,4,No Complaint,2025-10-24
852,737,1,Port Not Working,2026-03-11
853,1585,1,Poor App Experience,2025-07-04
854,707,4,No Complaint,2025-10-30
855,450,1,Port Not Working,2025-08-27
856,1454,5,Slow Charging,2025-12-10
857,1544,2,Long Wait Time,2025-11-16
858,1378,3,No Complaint,2025-12-27
859,957,4,Slow Charging,2026-04-19
860,1129,1,Poor App Experience,2025-08-14
861,516,5,No Complaint,2025-12-30
862,532,5,No Complaint,2025-05-09
863,247,2,Slow Charging,2026-03-29
864,137,5,No Complaint,2025-05-07
865,1335,3,No Complaint,2026-04-17
866,199,4,No Complaint,2025-09-24
867,1441,5,No Complaint,2026-02-18
868,1859,5,Slow Charging,2025-06-28
869,1543,4,No Complaint,2025-12-14
870,1078,4,Slow Charging,2026-04-17
871,824,2,Slow Charging,2025-12-23
872,549,4,No Complaint,2025-07-05
873,1888,3,Slow Charging,2026-04-30
874,1864,4,Slow Charging,2025-12-27
875,1786,5,No Complaint,2025-12-25
876,1776,4,No Complaint,2025-06-22
877,1848,3,Slow Charging,2026-03-28
878,515,4,No Complaint,2025-11-29
879,1752,4,Slow Charging,2025-12-02
880,427,2,Slow Charging,2026-03-04
881,59,1,Slow Charging,2025-07-13
882,1921,5,No Complaint,2026-01-14
883,1124,5,No Complaint,2025-10-21
884,75,5,No Complaint,2026-04-14
885,995,3,No Complaint,2026-04-02
886,119,4,Slow Charging,2026-02-26
887,415,2,Long Wait Time,2026-01-05
888,1858,3,No Complaint,2026-04-09
889,501,2,Slow Charging,2026-03-15
890,334,1,Slow Charging,2026-03-26
891,118,4,Slow Charging,2025-12-20
892,22,5,No Complaint,2025-12-02
893,1035,5,Slow Charging,2026-01-30
894,126,4,Slow Charging,2025-11-01
895,565,2,Payment Failure,2025-08-09
896,1296,3,Slow Charging,2025-05-25
897,1852,1,Port Not Working,2025-06-20
898,1558,4,No Complaint,2025-11-29
899,464,5,Slow Charging,2026-03-11
900,387,3,No Complaint,2025-11-07
901,1930,4,No Complaint,2025-09-07
902,1213,2,Payment Failure,2026-02-18
903,1492,4,Slow Charging,2025-05-18
904,816,3,Slow Charging,2026-02-21
905,395,5,Slow Charging,2025-12-17
906,30,5,Slow Charging,2025-08-13
907,655,3,No Complaint,2026-02-08
908,1547,2,Port Not Working,2025-08-28
909,841,5,No Complaint,2025-11-13
910,753,4,No Complaint,2025-06-27
911,49,4,No Complaint,2025-09-05
912,23,4,No Complaint,2025-07-04
913,57,5,No Complaint,2025-11-07
914,634,2,Port Not Working,2025-07-24
915,1292,1,Long Wait Time,2026-03-22
916,1981,4,Slow Charging,2025-10-20
917,284,2,Poor App Experience,2025-11-19
918,562,3,Slow Charging,2026-04-16
919,547,5,Slow Charging,2025-11-03
920,1954,1,Slow Charging,2026-04-22
921,1318,1,Slow Charging,2025-08-25
922,387,2,Poor App Experience,2026-02-15
923,1646,4,Slow Charging,2025-09-18
924,342,4,No Complaint,2026-03-18
925,351,5,No Complaint,2026-03-06
926,179,5,No Complaint,2025-09-14
927,1014,4,Slow Charging,2026-01-20
928,674,3,No Complaint,2026-01-26
929,1102,4,No Complaint,2026-03-15
930,518,5,Slow Charging,2025-07-23
931,1417,4,Slow Charging,2025-05-15
932,170,1,Poor App Experience,2025-10-21
933,1907,4,No Complaint,2026-03-05
934,482,3,No Complaint,2026-01-13
935,1491,4,Slow Charging,2025-12-28
936,337,1,Payment Failure,2025-11-18
937,923,3,No Complaint,2025-10-21
938,187,5,No Complaint,2026-03-01
939,770,4,No Complaint,2026-04-09
940,743,3,Slow Charging,2025-12-23
941,776,2,Port Not Working,2025-08-10
942,717,1,Port Not Working,2025-12-02
943,286,3,No Complaint,2026-03-03
944,895,2,Port Not Working,2026-04-18
945,872,3,No Complaint,2025-11-18
946,1915,3,No Complaint,2025-10-16
947,1862,5,Slow Charging,2025-09-06
948,285,4,No Complaint,2025-05-14
949,1924,1,Slow Charging,2026-03-29
950,1829,4,No Complaint,2026-04-03
951,4,2,Payment Failure,2026-04-18
952,5,3,No Complaint,2025-07-05
953,1553,3,Slow Charging,2025-10-28
954,1032,1,Port Not Working,2025-05-26
955,835,4,No Complaint,2025-06-01
956,371,2,Payment Failure,2025-12-15
957,415,5,No Complaint,2025-11-11
958,1506,2,Slow Charging,2026-04-29
959,731,5,No Complaint,2026-02-22
960,998,4,No Complaint,2025-09-15
961,193,2,Port Not Working,2026-02-14
962,170,1,Poor App Experience,2025-08-12
963,315,5,Slow Charging,2026-02-11
964,6,1,Port Not Working,2025-07-20
965,612,3,No Complaint,2025-05-08
966,888,1,Poor App Experience,2025-08-19
967,1944,5,No Complaint,2025-05-06
968,134,2,Long Wait Time,2025-05-07
969,581,1,Slow Charging,2025-07-17
970,864,5,No Complaint,2025-09-11
971,681,3,Slow Charging,2025-07-31
972,1098,1,Slow Charging,2025-08-14
973,1578,4,Slow Charging,2025-10-26
974,1042,2,Payment Failure,2026-03-23
975,1859,1,Poor App Experience,2025-11-05
976,206,3,No Complaint,2025-11-20
977,819,3,Slow Charging,2025-06-01
978,976,2,Poor App Experience,2025-07-15
979,27,1,Poor App Experience,2026-01-13
980,1694,2,Payment Failure,2026-03-15
981,343,3,Slow Charging,2025-10-12
982,1887,5,No Complaint,2026-01-24
983,825,1,Poor App Experience,2025-11-30
984,172,3,No Complaint,2025-11-26
985,309,4,No Complaint,2026-03-26
986,436,4,No Complaint,2025-10-05
987,419,5,Slow Charging,2025-05-25
988,1450,2,Poor App Experience,2026-01-17
989,857,4,Slow Charging,2025-12-17
990,1995,5,No Complaint,2025-05-07
991,193,1,Slow Charging,2026-02-03
992,505,5,Slow Charging,2025-06-12
993,720,2,Port Not Working,2025-06-15
994,1878,5,Slow Charging,2025-12-12
995,1760,3,No Complaint,2025-05-11
996,1948,4,Slow Charging,2026-03-18
997,161,2,Poor App Experience,2025-12-18
998,729,4,No Complaint,2025-07-26
999,818,2,Port Not Working,2025-08-19
1000,525,4,No Complaint,2025-11-12
1001,1749,1,Poor App Experience,2026-02-05
1002,1970,1,Long Wait Time,2025-06-27
1003,620,2,Port Not Working,2025-07-03
1004,1919,2,Payment Failure,2026-03-31
1005,163,5,No Complaint,2025-08-31
1006,1799,1,Port Not Working,2025-07-26
1007,626,4,No Complaint,2026-01-23
1008,1483,2,Slow Charging,2026-03-17
1009,614,4,No Complaint,2025-10-19
1010,1200,1,Long Wait Time,2025-09-29
1011,925,3,Slow Charging,2025-06-13
1012,1033,3,No Complaint,2025-10-26
1013,609,3,Slow Charging,2025-10-03
1014,839,2,Long Wait Time,2025-11-08
1015,1888,4,No Complaint,2026-03-05
1016,550,1,Slow Charging,2025-08-24
1017,548,5,No Complaint,2025-10-04
1018,1042,2,Payment Failure,2025-07-24
1019,302,3,No Complaint,2026-01-28
1020,1127,1,Poor App Experience,2026-03-04
1021,1664,4,No Complaint,2025-07-03
1022,1034,5,No Complaint,2025-12-07
1023,1389,3,Slow Charging,2025-11-20
1024,1075,5,No Complaint,2026-03-04
1025,1177,5,No Complaint,2025-10-11
1026,322,2,Payment Failure,2025-07-15
1027,179,5,No Complaint,2025-05-19
1028,1286,2,Slow Charging,2025-06-02
1029,1195,4,No Complaint,2025-08-24
1030,1680,2,Poor App Experience,2026-01-06
1031,1087,2,Poor App Experience,2025-12-06
1032,1000,4,No Complaint,2025-10-13
1033,1689,5,Slow Charging,2025-11-16
1034,254,4,No Complaint,2026-03-03
1035,1802,2,Payment Failure,2025-06-17
1036,713,1,Slow Charging,2025-05-08
1037,508,4,No Complaint,2025-08-28
1038,1433,2,Poor App Experience,2025-08-11
1039,1682,3,No Complaint,2025-06-10
1040,904,2,Poor App Experience,2025-10-19
1041,1965,5,Slow Charging,2026-03-20
1042,5,4,No Complaint,2025-07-14
1043,948,3,No Complaint,2025-10-05
1044,1218,3,No Complaint,2026-01-22
1045,1035,5,Slow Charging,2025-11-27
1046,829,5,No Complaint,2025-07-05
1047,1753,2,Long Wait Time,2025-10-17
1048,802,5,No Complaint,2026-01-15
1049,841,4,No Complaint,2025-08-29
1050,1374,2,Slow Charging,2025-10-06
1051,600,1,Slow Charging,2025-05-22
1052,794,5,No Complaint,2026-03-15
1053,272,4,No Complaint,2025-06-28
1054,1139,4,No Complaint,2025-12-16
1055,961,1,Port Not Working,2025-09-25
1056,1146,1,Payment Failure,2025-05-18
1057,1096,1,Slow Charging,2025-06-15
1058,1691,2,Payment Failure,2025-08-20
1059,889,2,Long Wait Time,2025-11-08
1060,1605,5,No Complaint,2025-11-15
1061,1516,2,Payment Failure,2026-02-20
1062,547,3,No Complaint,2025-07-21
1063,922,1,Port Not Working,2026-02-06
1064,1274,2,Long Wait Time,2025-10-30
1065,1154,1,Port Not Working,2025-10-02
1066,348,1,Slow Charging,2025-10-28
1067,1257,1,Poor App Experience,2025-08-27
1068,437,5,No Complaint,2025-06-28
1069,446,2,Port Not Working,2025-06-02
1070,173,1,Long Wait Time,2025-08-11
1071,1144,2,Poor App Experience,2026-03-26
1072,1398,1,Poor App Experience,2025-08-12
1073,1234,4,No Complaint,2025-07-05
1074,838,4,Slow Charging,2026-04-05
1075,305,2,Poor App Experience,2026-03-04
1076,1170,2,Long Wait Time,2025-10-02
1077,366,1,Slow Charging,2025-06-26
1078,906,4,No Complaint,2026-04-21
1079,705,3,No Complaint,2026-04-25
1080,400,2,Poor App Experience,2026-02-09
1081,426,4,Slow Charging,2026-03-17
1082,1223,3,No Complaint,2025-12-29
1083,1011,5,Slow Charging,2025-06-06
1084,1798,2,Payment Failure,2025-08-15
1085,1452,4,Slow Charging,2026-02-11
1086,1259,5,No Complaint,2025-05-26
1087,1588,1,Poor App Experience,2025-09-29
1088,233,3,No Complaint,2025-12-04
1089,1160,3,No Complaint,2026-01-29
1090,1184,3,Slow Charging,2025-08-19
1091,861,2,Poor App Experience,2025-05-06
1092,1136,5,No Complaint,2026-04-21
1093,1579,2,Long Wait Time,2026-03-12
1094,756,2,Poor App Experience,2025-12-16
1095,1489,3,No Complaint,2025-06-01
1096,1177,2,Poor App Experience,2025-12-06
1097,1363,3,Slow Charging,2025-07-20
1098,242,3,No Complaint,2025-08-30
1099,1506,1,Payment Failure,2025-09-21
1100,709,3,Slow Charging,2025-12-21
1101,1155,4,No Complaint,2025-10-29
1102,55,4,Slow Charging,2025-07-19
1103,1526,3,Slow Charging,2025-05-30
1104,1207,1,Poor App Experience,2025-06-16
1105,1209,1,Slow Charging,2026-02-03
1106,1078,1,Long Wait Time,2025-10-12
1107,173,1,Poor App Experience,2025-10-01
1108,940,3,No Complaint,2025-12-10
1109,550,2,Poor App Experience,2026-01-16
1110,1812,5,Slow Charging,2026-02-11
1111,1074,2,Long Wait Time,2025-09-26
1112,74,1,Long Wait Time,2025-05-29
1113,52,4,Slow Charging,2025-07-22
1114,1797,3,Slow Charging,2025-07-02
1115,1015,4,No Complaint,2025-10-08
1116,1687,4,No Complaint,2025-05-25
1117,1552,2,Poor App Experience,2026-03-21
1118,204,5,No Complaint,2026-01-07
1119,1215,3,No Complaint,2025-11-23
1120,1208,4,No Complaint,2025-09-19
1121,501,5,No Complaint,2025-11-15
1122,1755,2,Slow Charging,2025-06-04
1123,329,1,Slow Charging,2025-07-08
1124,580,3,No Complaint,2025-06-27
1125,1676,1,Poor App Experience,2025-07-23
1126,1010,1,Slow Charging,2025-10-19
1127,1450,2,Port Not Working,2025-10-06
1128,1516,4,No Complaint,2026-03-14
1129,1711,2,Long Wait Time,2026-02-14
1130,129,1,Payment Failure,2026-04-10
1131,1651,2,Port Not Working,2025-07-01
1132,214,4,No Complaint,2026-04-02
1133,887,2,Long Wait Time,2026-04-25
1134,1568,4,Slow Charging,2026-01-10
1135,466,1,Slow Charging,2025-07-18
1136,1946,5,No Complaint,2026-02-26
1137,1489,2,Payment Failure,2025-11-16
1138,1356,4,No Complaint,2025-11-24
1139,1523,1,Poor App Experience,2026-03-29
1140,797,3,No Complaint,2025-05-20
1141,635,1,Slow Charging,2025-06-29
1142,1401,1,Port Not Working,2025-08-15
1143,1375,2,Poor App Experience,2025-10-15
1144,1036,2,Port Not Working,2025-05-24
1145,1405,5,No Complaint,2026-04-05
1146,1721,3,No Complaint,2025-08-17
1147,1349,3,No Complaint,2025-12-16
1148,1202,4,No Complaint,2026-03-19
1149,1809,2,Slow Charging,2025-05-06
1150,1688,1,Poor App Experience,2026-03-23
1151,1416,2,Poor App Experience,2025-11-25
1152,1065,3,No Complaint,2025-09-07
1153,568,5,Slow Charging,2025-08-12
1154,664,4,Slow Charging,2026-03-01
1155,549,5,Slow Charging,2025-05-27
1156,421,4,No Complaint,2026-01-08
1157,1060,4,Slow Charging,2026-02-07
1158,1668,4,No Complaint,2025-08-29
1159,1148,2,Port Not Working,2025-08-05
1160,1057,1,Slow Charging,2025-06-10
1161,990,1,Long Wait Time,2026-01-24
1162,1831,2,Long Wait Time,2026-04-01
1163,336,1,Payment Failure,2025-12-16
1164,847,1,Payment Failure,2025-11-26
1165,1886,2,Port Not Working,2026-02-22
1166,426,5,Slow Charging,2025-07-17
1167,465,1,Slow Charging,2026-03-08
1168,1258,3,No Complaint,2025-07-29
1169,787,5,No Complaint,2025-08-28
1170,788,3,No Complaint,2025-11-01
1171,657,5,No Complaint,2025-12-18
1172,26,1,Slow Charging,2025-09-24
1173,691,1,Poor App Experience,2025-12-14
1174,1306,1,Port Not Working,2025-10-18
1175,63,4,No Complaint,2025-12-07
1176,699,5,No Complaint,2026-01-18
1177,1009,5,Slow Charging,2025-08-31
1178,235,4,Slow Charging,2025-05-27
1179,1288,3,No Complaint,2025-09-01
1180,1520,4,Slow Charging,2025-09-16
1181,138,1,Port Not Working,2025-05-18
1182,1375,3,Slow Charging,2025-07-21
1183,117,1,Slow Charging,2025-07-04
1184,628,3,No Complaint,2025-09-13
1185,830,3,No Complaint,2026-03-26
1186,540,2,Port Not Working,2025-09-19
1187,1906,1,Slow Charging,2026-02-10
1188,1797,5,No Complaint,2025-06-09
1189,1943,3,No Complaint,2025-06-09
1190,1163,4,Slow Charging,2025-05-20
1191,1463,2,Payment Failure,2026-01-18
1192,1221,4,No Complaint,2025-05-12
1193,1409,1,Payment Failure,2026-04-20
1194,334,4,No Complaint,2025-07-25
1195,1829,1,Port Not Working,2026-02-21
1196,1137,2,Payment Failure,2026-01-31
1197,219,4,No Complaint,2026-01-31
1198,560,1,Slow Charging,2025-11-27
1199,1718,2,Slow Charging,2025-06-12
1200,387,5,No Complaint,2026-01-29
1201,1330,2,Long Wait Time,2025-12-15
1202,47,1,Port Not Working,2025-07-04
1203,301,4,No Complaint,2026-04-09
1204,62,4,No Complaint,2025-08-26
1205,1754,4,No Complaint,2026-04-28
1206,1826,1,Slow Charging,2026-02-24
1207,610,4,Slow Charging,2025-06-17
1208,1633,1,Port Not Working,2025-12-16
1209,330,5,No Complaint,2026-01-26
1210,1390,2,Payment Failure,2026-01-23
1211,503,4,No Complaint,2026-03-11
1212,222,1,Slow Charging,2026-03-31
1213,377,1,Port Not Working,2025-05-05
1214,309,4,No Complaint,2025-05-13
1215,662,4,No Complaint,2025-11-30
1216,79,1,Port Not Working,2025-06-21
1217,536,5,No Complaint,2026-03-29
1218,1941,4,No Complaint,2026-04-06
1219,1902,1,Port Not Working,2025-08-15
1220,715,3,No Complaint,2026-03-22
1221,1638,3,No Complaint,2025-12-22
1222,1220,3,No Complaint,2026-02-20
1223,629,5,Slow Charging,2025-09-19
1224,668,5,No Complaint,2025-05-08
1225,1812,4,No Complaint,2026-03-07
1226,1901,5,No Complaint,2025-07-25
1227,1070,5,No Complaint,2026-02-18
1228,940,1,Port Not Working,2026-03-15
1229,990,1,Poor App Experience,2026-02-22
1230,382,4,No Complaint,2026-03-15
1231,305,5,Slow Charging,2025-11-06
1232,393,2,Port Not Working,2025-07-17
1233,716,2,Slow Charging,2025-11-01
1234,1595,1,Payment Failure,2026-02-15
1235,1531,2,Slow Charging,2025-09-09
1236,604,3,No Complaint,2025-05-22
1237,589,2,Slow Charging,2025-10-23
1238,1411,1,Poor App Experience,2025-11-08
1239,281,4,No Complaint,2025-08-23
1240,204,5,No Complaint,2025-10-22
1241,1539,4,Slow Charging,2025-11-21
1242,1124,2,Port Not Working,2025-09-21
1243,360,5,Slow Charging,2026-01-29
1244,1640,4,No Complaint,2025-08-19
1245,1863,5,No Complaint,2025-12-22
1246,1495,3,No Complaint,2025-12-05
1247,1500,2,Long Wait Time,2025-12-02
1248,100,2,Port Not Working,2026-03-27
1249,1936,5,No Complaint,2025-08-16
1250,1151,4,No Complaint,2026-03-12
1251,1501,2,Long Wait Time,2025-11-12
1252,1304,4,No Complaint,2026-01-20
1253,531,2,Port Not Working,2025-07-16
1254,1774,3,Slow Charging,2026-04-20
1255,1127,5,Slow Charging,2026-05-01
1256,781,5,No Complaint,2025-11-03
1257,1130,5,Slow Charging,2025-11-03
1258,1026,2,Payment Failure,2025-08-31
1259,1950,3,No Complaint,2025-07-26
1260,1505,4,No Complaint,2026-03-28
1261,42,3,Slow Charging,2026-04-26
1262,256,3,No Complaint,2025-07-09
1263,1654,5,No Complaint,2025-11-27
1264,713,3,No Complaint,2025-12-28
1265,208,4,No Complaint,2025-07-27
1266,1831,1,Poor App Experience,2025-05-08
1267,1674,2,Poor App Experience,2026-02-17
1268,531,5,No Complaint,2026-01-02
1269,103,4,Slow Charging,2025-11-09
1270,771,5,No Complaint,2025-05-18
1271,669,5,No Complaint,2026-03-14
1272,1345,3,No Complaint,2025-12-27
1273,1581,4,Slow Charging,2026-02-28
1274,656,2,Slow Charging,2026-02-12
1275,1872,2,Payment Failure,2026-03-12
1276,155,2,Port Not Working,2026-04-14
1277,1123,3,Slow Charging,2025-07-26
1278,1053,2,Port Not Working,2026-02-06
1279,1913,1,Long Wait Time,2025-06-17
1280,1800,3,Slow Charging,2026-03-07
1281,698,4,No Complaint,2025-07-22
1282,771,1,Port Not Working,2025-07-31
1283,398,5,No Complaint,2025-10-29
1284,345,4,No Complaint,2026-01-08
1285,255,4,No Complaint,2025-08-20
1286,650,4,No Complaint,2025-09-08
1287,394,2,Port Not Working,2025-06-03
1288,1656,2,Slow Charging,2025-08-06
1289,1703,3,No Complaint,2025-10-30
1290,1931,5,No Complaint,2025-10-27
1291,1983,1,Long Wait Time,2025-09-14
1292,860,3,No Complaint,2026-02-16
1293,1340,4,Slow Charging,2026-01-29
1294,1234,3,No Complaint,2025-12-31
1295,1032,2,Port Not Working,2026-01-11
1296,1547,1,Poor App Experience,2025-08-12
1297,85,4,No Complaint,2026-04-14
1298,1175,5,No Complaint,2026-01-13
1299,442,3,No Complaint,2025-10-25
1300,388,2,Port Not Working,2026-03-24
1301,688,1,Payment Failure,2025-09-24
1302,846,3,Slow Charging,2025-06-07
1303,370,1,Payment Failure,2025-06-26
1304,766,2,Payment Failure,2025-06-28
1305,1734,3,No Complaint,2025-09-06
1306,803,5,Slow Charging,2026-05-05
1307,1004,4,No Complaint,2025-08-13
1308,167,4,No Complaint,2025-11-02
1309,1483,4,No Complaint,2026-03-31
1310,1588,5,No Complaint,2026-03-31
1311,1573,3,No Complaint,2025-12-26
1312,39,1,Long Wait Time,2025-05-30
1313,1765,1,Port Not Working,2025-07-19
1314,1425,2,Long Wait Time,2025-07-20
1315,432,5,No Complaint,2025-05-29
1316,872,3,Slow Charging,2026-01-12
1317,490,2,Port Not Working,2025-12-10
1318,1132,5,No Complaint,2026-03-21
1319,177,5,No Complaint,2025-11-17
1320,1067,3,Slow Charging,2025-10-13
1321,619,5,No Complaint,2025-11-08
1322,1577,3,Slow Charging,2026-03-09
1323,842,3,No Complaint,2025-12-11
1324,1738,4,No Complaint,2025-05-16
1325,958,3,No Complaint,2025-10-29
1326,1821,1,Slow Charging,2025-09-16
1327,1738,4,Slow Charging,2025-08-01
1328,1832,5,No Complaint,2025-07-03
1329,1396,3,Slow Charging,2026-01-02
1330,90,1,Payment Failure,2026-01-19
1331,210,3,No Complaint,2026-02-26
1332,456,2,Port Not Working,2025-05-06
1333,1975,2,Payment Failure,2026-04-10
1334,1462,3,No Complaint,2025-10-19
1335,1437,3,No Complaint,2026-02-05
1336,445,2,Payment Failure,2025-05-11
1337,1733,5,No Complaint,2025-09-13
1338,354,4,No Complaint,2025-08-31
1339,290,2,Port Not Working,2025-08-17
1340,1051,2,Poor App Experience,2025-08-05
1341,772,2,Poor App Experience,2025-10-08
1342,252,1,Port Not Working,2025-10-29
1343,1694,2,Payment Failure,2025-07-27
1344,1348,4,Slow Charging,2025-12-31
1345,1230,4,No Complaint,2025-10-21
1346,504,5,No Complaint,2025-06-23
1347,1239,3,No Complaint,2025-06-16
1348,1856,3,Slow Charging,2025-12-16
1349,1199,1,Slow Charging,2025-06-16
1350,1892,3,No Complaint,2026-04-01
1351,626,3,Slow Charging,2025-12-02
1352,1253,2,Payment Failure,2026-03-28
1353,942,4,No Complaint,2026-02-06
1354,1317,5,No Complaint,2025-08-31
1355,138,2,Port Not Working,2025-12-06
1356,1449,3,No Complaint,2025-10-09
1357,456,4,No Complaint,2026-01-20
1358,1645,1,Long Wait Time,2025-10-05
1359,1784,4,No Complaint,2026-02-10
1360,292,4,No Complaint,2025-12-13
1361,131,4,No Complaint,2026-03-21
1362,1304,2,Payment Failure,2026-03-29
1363,1624,4,Slow Charging,2025-07-16
1364,1434,3,No Complaint,2026-02-19
1365,888,1,Slow Charging,2025-06-26
1366,863,4,No Complaint,2025-08-26
1367,964,3,No Complaint,2025-05-05
1368,244,2,Slow Charging,2026-03-24
1369,974,3,No Complaint,2025-08-25
1370,1942,3,Slow Charging,2025-11-20
1371,873,1,Long Wait Time,2025-05-29
1372,1374,5,No Complaint,2025-12-07
1373,297,2,Port Not Working,2025-07-16
1374,1358,1,Slow Charging,2025-05-09
1375,453,1,Slow Charging,2025-09-02
1376,26,1,Poor App Experience,2025-07-15
1377,227,5,No Complaint,2025-12-26
1378,1032,2,Long Wait Time,2025-12-28
1379,1150,5,No Complaint,2026-01-31
1380,785,2,Long Wait Time,2025-09-01
1381,1374,3,No Complaint,2026-02-27
1382,1425,2,Slow Charging,2026-04-16
1383,1860,3,No Complaint,2025-07-15
1384,1772,4,Slow Charging,2025-12-29
1385,408,3,Slow Charging,2025-10-18
1386,1362,1,Slow Charging,2026-02-05
1387,1433,3,No Complaint,2025-11-03
1388,1616,5,No Complaint,2025-08-26
1389,285,3,No Complaint,2025-11-10
1390,601,2,Port Not Working,2025-12-10
1391,49,1,Slow Charging,2026-05-02
1392,658,4,No Complaint,2025-08-27
1393,1531,1,Poor App Experience,2026-03-15
1394,197,5,Slow Charging,2025-06-01
1395,927,5,Slow Charging,2025-08-20
1396,651,3,No Complaint,2025-12-30
1397,1368,3,Slow Charging,2025-07-27
1398,600,5,No Complaint,2025-07-20
1399,1583,4,No Complaint,2025-07-31
1400,1210,4,No Complaint,2026-03-10
1401,1413,1,Payment Failure,2025-10-24
1402,287,4,No Complaint,2025-08-12
1403,1832,5,No Complaint,2026-03-15
1404,400,2,Port Not Working,2025-10-05
1405,106,3,Slow Charging,2025-10-20
1406,1879,3,No Complaint,2026-03-12
1407,60,3,No Complaint,2025-11-25
1408,912,4,No Complaint,2026-02-06
1409,798,4,No Complaint,2025-10-11
1410,4,1,Slow Charging,2026-04-15
1411,1755,2,Long Wait Time,2026-02-12
1412,12,4,Slow Charging,2025-10-30
1413,652,1,Poor App Experience,2026-02-03
1414,1008,4,No Complaint,2025-12-23
1415,1628,2,Long Wait Time,2026-03-31
1416,571,5,Slow Charging,2025-09-10
1417,546,2,Slow Charging,2025-11-07
1418,1228,4,Slow Charging,2025-09-10
1419,787,2,Long Wait Time,2026-04-13
1420,297,5,Slow Charging,2026-01-06
1421,1471,5,No Complaint,2025-10-10
1422,768,3,Slow Charging,2025-12-07
1423,415,3,Slow Charging,2025-05-26
1424,322,5,No Complaint,2025-06-22
1425,732,5,Slow Charging,2026-02-06
1426,1214,5,No Complaint,2025-06-04
1427,1762,3,No Complaint,2026-02-12
1428,1823,5,No Complaint,2025-10-19
1429,1774,1,Slow Charging,2025-11-10
1430,1453,3,No Complaint,2025-12-11
1431,1880,2,Port Not Working,2026-01-04
1432,683,1,Slow Charging,2025-06-22
1433,660,3,No Complaint,2025-08-08
1434,1753,5,No Complaint,2025-10-08
1435,1048,5,No Complaint,2025-07-04
1436,387,1,Long Wait Time,2025-10-13
1437,559,2,Port Not Working,2025-12-24
1438,442,3,No Complaint,2025-11-19
1439,526,5,Slow Charging,2025-10-08
1440,1280,4,No Complaint,2025-07-21
1441,585,4,Slow Charging,2026-01-29
1442,1861,5,Slow Charging,2025-06-06
1443,1438,4,Slow Charging,2025-05-14
1444,1826,3,No Complaint,2025-10-09
1445,1423,1,Slow Charging,2025-08-10
1446,756,5,Slow Charging,2025-07-08
1447,921,3,No Complaint,2025-12-27
1448,1564,5,Slow Charging,2025-08-11
1449,808,2,Port Not Working,2025-06-10
1450,620,2,Payment Failure,2025-05-05
1451,1361,5,Slow Charging,2025-10-06
1452,1291,1,Long Wait Time,2025-06-16
1453,1523,1,Slow Charging,2025-12-08
1454,1404,1,Port Not Working,2026-04-15
1455,1030,3,Slow Charging,2025-08-21
1456,583,4,No Complaint,2025-09-19
1457,1384,1,Poor App Experience,2025-05-29
1458,901,4,Slow Charging,2026-01-12
1459,1991,5,No Complaint,2026-03-31
1460,933,2,Long Wait Time,2026-03-24
1461,1073,5,No Complaint,2026-03-26
1462,704,1,Port Not Working,2026-02-04
1463,472,5,No Complaint,2026-03-27
1464,1569,2,Poor App Experience,2026-03-03
1465,1353,1,Payment Failure,2026-04-28
1466,1854,2,Payment Failure,2026-02-14
1467,412,5,No Complaint,2025-10-05
1468,1894,2,Payment Failure,2025-12-13
1469,701,1,Long Wait Time,2025-06-25
1470,521,3,No Complaint,2025-07-23
1471,1494,1,Payment Failure,2025-09-13
1472,1223,4,No Complaint,2025-12-04
1473,1111,2,Payment Failure,2025-08-08
1474,1902,3,No Complaint,2025-09-13
1475,1685,1,Poor App Experience,2025-11-09
1476,894,2,Slow Charging,2025-12-07
1477,1948,4,No Complaint,2025-10-30
1478,1535,5,No Complaint,2026-02-02
1479,232,2,Poor App Experience,2025-11-02
1480,1988,3,No Complaint,2026-03-03
1481,378,5,No Complaint,2026-05-01
1482,1600,5,Slow Charging,2025-12-03
1483,923,3,No Complaint,2025-11-10
1484,1057,5,No Complaint,2026-02-19
1485,388,1,Payment Failure,2026-01-21
1486,1495,2,Port Not Working,2025-09-16
1487,1328,5,No Complaint,2025-05-31
1488,313,1,Slow Charging,2025-10-14
1489,749,2,Poor App Experience,2025-06-16
1490,1618,5,No Complaint,2025-09-16
1491,883,3,Slow Charging,2025-12-25
1492,126,3,No Complaint,2025-08-21
1493,887,1,Payment Failure,2025-07-16
1494,182,1,Payment Failure,2025-08-01
1495,1716,1,Payment Failure,2025-08-23
1496,780,5,Slow Charging,2026-04-11
1497,819,5,Slow Charging,2025-06-15
1498,132,3,No Complaint,2025-08-28
1499,1837,3,No Complaint,2026-04-16
1500,1473,5,No Complaint,2026-02-15
1501,1032,4,No Complaint,2026-02-08
1502,458,5,No Complaint,2025-08-12
1503,255,1,Poor App Experience,2026-04-01
1504,1207,2,Long Wait Time,2026-03-10
1505,1298,4,No Complaint,2026-04-14
1506,989,2,Poor App Experience,2025-08-31
1507,1654,1,Slow Charging,2026-04-22
1508,984,4,No Complaint,2025-05-08
1509,984,4,No Complaint,2025-08-24
1510,1664,2,Long Wait Time,2025-09-13
1511,64,1,Payment Failure,2026-02-18
1512,59,5,No Complaint,2026-01-02
1513,1052,4,No Complaint,2025-10-16
1514,934,3,No Complaint,2026-02-11
1515,697,4,No Complaint,2025-06-06
1516,160,1,Port Not Working,2025-05-22
1517,993,1,Slow Charging,2025-05-10
1518,1833,4,Slow Charging,2025-06-16
1519,1631,5,Slow Charging,2025-09-06
1520,451,3,No Complaint,2025-05-29
1521,186,5,No Complaint,2026-02-22
1522,1403,5,No Complaint,2026-03-09
1523,1591,5,No Complaint,2025-09-14
1524,1126,1,Port Not Working,2025-07-28
1525,498,2,Poor App Experience,2025-11-07
1526,1239,4,No Complaint,2026-04-04
1527,1440,4,Slow Charging,2026-01-05
1528,1497,1,Slow Charging,2026-02-18
1529,1176,1,Port Not Working,2026-04-27
1530,1007,3,Slow Charging,2026-01-14
1531,1818,1,Poor App Experience,2025-05-11
1532,215,2,Slow Charging,2025-08-08
1533,1127,3,No Complaint,2026-03-18
1534,605,1,Poor App Experience,2026-03-30
1535,964,2,Poor App Experience,2025-05-17
1536,193,5,No Complaint,2026-05-03
1537,582,4,Slow Charging,2025-07-07
1538,1278,1,Slow Charging,2026-04-20
1539,1961,4,No Complaint,2025-07-08
1540,570,2,Slow Charging,2026-02-18
1541,1893,2,Long Wait Time,2026-01-31
1542,445,3,No Complaint,2025-10-18
1543,38,5,No Complaint,2026-04-26
1544,1621,4,No Complaint,2026-02-19
1545,430,5,No Complaint,2026-03-06
1546,1426,4,No Complaint,2025-09-24
1547,1078,4,Slow Charging,2025-05-21
1548,581,5,No Complaint,2026-03-27
1549,692,4,Slow Charging,2026-04-28
1550,525,4,Slow Charging,2025-09-26
1551,316,5,No Complaint,2026-04-01
1552,516,4,No Complaint,2025-08-03
1553,988,2,Long Wait Time,2025-11-08
1554,1493,2,Payment Failure,2025-06-05
1555,1658,3,Slow Charging,2025-07-09
1556,522,1,Long Wait Time,2025-09-07
1557,204,5,No Complaint,2026-02-13
1558,193,2,Port Not Working,2026-04-30
1559,52,2,Poor App Experience,2025-05-18
1560,846,3,No Complaint,2026-04-10
1561,145,2,Port Not Working,2026-02-10
1562,1604,4,No Complaint,2025-06-08
1563,1927,1,Slow Charging,2025-11-01
1564,1982,3,No Complaint,2026-02-13
1565,1193,5,Slow Charging,2026-02-17
1566,1163,5,No Complaint,2025-09-05
1567,1202,4,Slow Charging,2025-06-05
1568,597,3,Slow Charging,2025-09-11
1569,799,4,Slow Charging,2026-04-24
1570,319,2,Poor App Experience,2025-08-23
1571,664,3,No Complaint,2025-07-06
1572,1824,5,Slow Charging,2026-03-27
1573,494,1,Port Not Working,2025-06-23
1574,805,4,No Complaint,2025-12-03
1575,1053,1,Long Wait Time,2025-06-22
1576,1549,4,Slow Charging,2025-07-23
1577,1463,3,No Complaint,2025-07-20
1578,532,4,Slow Charging,2025-12-08
1579,1398,5,Slow Charging,2025-06-03
1580,1740,1,Long Wait Time,2025-10-11
1581,406,3,No Complaint,2025-09-16
1582,1986,5,No Complaint,2025-07-16
1583,1182,1,Payment Failure,2025-12-04
1584,393,5,No Complaint,2025-09-21
1585,1835,4,No Complaint,2025-06-07
1586,1535,2,Payment Failure,2026-03-22
1587,96,1,Port Not Working,2026-02-07
1588,324,1,Poor App Experience,2025-08-13
1589,6,5,No Complaint,2025-08-06
1590,1671,3,No Complaint,2025-07-08
1591,1901,5,No Complaint,2026-03-29
1592,15,4,No Complaint,2025-06-06
1593,1502,5,No Complaint,2026-04-25
1594,78,4,No Complaint,2025-05-31
1595,1307,3,Slow Charging,2026-02-05
1596,1175,5,No Complaint,2026-03-21
1597,1611,5,No Complaint,2025-09-28
1598,620,3,No Complaint,2025-09-15
1599,179,3,No Complaint,2025-11-03
1600,239,5,No Complaint,2025-07-28
1601,511,2,Long Wait Time,2025-11-11
1602,872,4,No Complaint,2026-04-20
1603,424,3,No Complaint,2025-10-08
1604,868,4,No Complaint,2025-06-02
1605,883,3,No Complaint,2025-08-03
1606,1318,5,No Complaint,2025-07-16
1607,916,2,Long Wait Time,2025-11-23
1608,296,3,No Complaint,2026-01-26
1609,340,3,No Complaint,2026-04-03
1610,1490,2,Payment Failure,2025-09-20
1611,1454,5,No Complaint,2025-10-01
1612,169,2,Payment Failure,2025-07-28
1613,802,3,Slow Charging,2025-10-25
1614,1952,5,Slow Charging,2026-03-09
1615,295,1,Port Not Working,2025-05-10
1616,888,5,No Complaint,2026-05-03
1617,1000,1,Long Wait Time,2026-03-16
1618,1089,2,Poor App Experience,2026-04-15
1619,36,5,No Complaint,2025-11-10
1620,1823,1,Poor App Experience,2025-06-25
1621,163,1,Payment Failure,2025-10-15
1622,240,1,Payment Failure,2025-09-24
1623,1965,1,Poor App Experience,2025-11-29
1624,1540,2,Long Wait Time,2026-01-14
1625,31,3,No Complaint,2025-07-22
1626,190,3,No Complaint,2026-03-05
1627,1442,3,Slow Charging,2025-08-22
1628,1080,2,Slow Charging,2026-04-08
1629,1034,2,Payment Failure,2025-08-27
1630,1448,3,No Complaint,2025-05-09
1631,344,4,No Complaint,2025-11-12
1632,1305,5,Slow Charging,2025-12-08
1633,1449,1,Port Not Working,2026-05-05
1634,1571,1,Poor App Experience,2025-07-19
1635,58,3,No Complaint,2025-05-14
1636,1045,3,No Complaint,2025-09-30
1637,1445,3,Slow Charging,2025-09-17
1638,698,4,No Complaint,2026-02-27
1639,1061,3,Slow Charging,2025-09-21
1640,1529,1,Slow Charging,2025-11-02
1641,837,4,No Complaint,2026-04-16
1642,1918,1,Poor App Experience,2026-02-25
1643,106,5,No Complaint,2025-10-02
1644,1605,5,Slow Charging,2026-02-18
1645,564,4,No Complaint,2025-08-27
1646,763,3,Slow Charging,2025-11-08
1647,194,3,No Complaint,2025-12-31
1648,215,2,Slow Charging,2025-12-11
1649,830,3,No Complaint,2026-01-20
1650,1376,2,Long Wait Time,2025-05-11
1651,536,3,Slow Charging,2025-12-24
1652,663,1,Payment Failure,2025-09-22
1653,1647,4,Slow Charging,2026-03-07
1654,1807,3,No Complaint,2025-06-10
1655,1705,4,No Complaint,2025-06-25
1656,780,4,No Complaint,2025-09-02
1657,590,5,No Complaint,2026-04-27
1658,1322,2,Slow Charging,2025-08-22
1659,935,5,No Complaint,2025-10-08
1660,788,1,Long Wait Time,2025-12-14
1661,832,5,No Complaint,2025-12-09
1662,1500,4,No Complaint,2025-06-27
1663,1062,3,Slow Charging,2025-11-29
1664,164,2,Long Wait Time,2026-05-05
1665,1708,1,Poor App Experience,2025-09-23
1666,394,1,Slow Charging,2026-04-11
1667,1234,3,Slow Charging,2025-08-21
1668,440,2,Slow Charging,2026-03-12
1669,1307,4,No Complaint,2025-09-22
1670,1378,3,No Complaint,2026-04-03
1671,1936,1,Poor App Experience,2025-05-20
1672,1255,4,No Complaint,2026-02-26
1673,177,5,Slow Charging,2026-04-30
1674,1835,4,Slow Charging,2025-08-07
1675,1134,4,No Complaint,2025-08-17
1676,1232,1,Port Not Working,2025-11-11
1677,842,3,No Complaint,2026-01-30
1678,125,1,Slow Charging,2025-07-21
1679,1492,2,Long Wait Time,2025-10-03
1680,785,2,Payment Failure,2026-04-30
1681,176,2,Slow Charging,2026-02-10
1682,28,2,Payment Failure,2025-05-31
1683,964,4,No Complaint,2025-05-21
1684,1351,2,Long Wait Time,2026-03-22
1685,1092,5,No Complaint,2026-02-02
1686,25,4,No Complaint,2026-04-09
1687,1522,1,Slow Charging,2026-05-04
1688,1410,1,Slow Charging,2026-01-05
1689,1533,2,Long Wait Time,2025-10-26
1690,1361,3,No Complaint,2026-04-23
1691,219,1,Payment Failure,2025-07-29
1692,1250,5,No Complaint,2025-11-12
1693,982,2,Slow Charging,2025-08-05
1694,166,2,Payment Failure,2025-06-30
1695,1094,2,Slow Charging,2025-08-18
1696,1180,4,No Complaint,2025-06-16
1697,714,5,No Complaint,2026-03-03
1698,1120,3,No Complaint,2025-08-15
1699,1038,2,Slow Charging,2026-01-13
1700,405,3,No Complaint,2025-05-27
1701,756,1,Slow Charging,2025-06-28
1702,457,4,No Complaint,2026-01-08
1703,1837,3,No Complaint,2026-01-28
1704,511,3,No Complaint,2025-09-22
1705,1870,5,Slow Charging,2026-03-01
1706,863,1,Slow Charging,2026-04-09
1707,309,3,Slow Charging,2025-12-14
1708,680,4,No Complaint,2025-12-06
1709,1929,1,Poor App Experience,2026-01-06
1710,412,2,Port Not Working,2025-10-30
1711,203,1,Long Wait Time,2026-03-09
1712,1132,4,No Complaint,2025-07-21
1713,972,5,No Complaint,2025-10-10
1714,1376,4,No Complaint,2026-02-01
1715,1653,2,Long Wait Time,2025-07-05
1716,1291,1,Long Wait Time,2025-12-11
1717,1056,2,Slow Charging,2025-06-18
1718,169,2,Long Wait Time,2025-07-29
1719,1786,1,Long Wait Time,2025-10-10
1720,1751,2,Poor App Experience,2026-01-14
1721,972,4,No Complaint,2025-10-07
1722,1861,2,Poor App Experience,2025-09-23
1723,1437,3,No Complaint,2025-06-22
1724,1342,3,No Complaint,2025-12-05
1725,607,5,Slow Charging,2026-04-14
1726,1824,4,Slow Charging,2025-11-21
1727,1430,1,Slow Charging,2025-05-22
1728,1634,1,Port Not Working,2026-02-23
1729,863,2,Long Wait Time,2026-01-08
1730,372,1,Long Wait Time,2026-03-29
1731,565,5,No Complaint,2025-07-20
1732,1308,5,No Complaint,2025-11-23
1733,1282,1,Port Not Working,2025-05-30
1734,1535,1,Port Not Working,2025-10-26
1735,1134,3,Slow Charging,2025-09-30
1736,382,2,Long Wait Time,2026-04-24
1737,814,2,Long Wait Time,2025-08-26
1738,355,5,No Complaint,2025-10-11
1739,1039,3,Slow Charging,2025-08-26
1740,1743,4,Slow Charging,2025-08-12
1741,1380,1,Long Wait Time,2026-03-22
1742,704,1,Slow Charging,2026-01-07
1743,85,2,Port Not Working,2025-10-14
1744,202,4,Slow Charging,2025-05-25
1745,800,2,Slow Charging,2025-05-12
1746,1419,1,Port Not Working,2026-02-12
1747,1500,1,Payment Failure,2026-03-02
1748,641,2,Payment Failure,2025-08-22
1749,558,5,No Complaint,2025-09-16
1750,690,1,Payment Failure,2026-05-02
1751,464,5,No Complaint,2025-08-31
1752,1793,1,Slow Charging,2025-08-02
1753,338,5,No Complaint,2026-02-08
1754,1695,5,No Complaint,2025-10-23
1755,411,2,Slow Charging,2025-08-26
1756,913,1,Port Not Working,2025-06-20
1757,1749,2,Port Not Working,2026-05-04
1758,635,3,No Complaint,2025-07-06
1759,954,4,No Complaint,2026-01-03
1760,609,3,No Complaint,2025-07-25
1761,396,1,Slow Charging,2025-12-13
1762,1692,1,Payment Failure,2025-09-03
1763,630,3,Slow Charging,2025-09-24
1764,235,1,Slow Charging,2025-06-08
1765,298,2,Payment Failure,2026-03-19
1766,683,5,No Complaint,2026-02-26
1767,521,5,Slow Charging,2025-05-29
1768,122,4,No Complaint,2025-10-22
1769,1845,4,No Complaint,2025-12-22
1770,102,1,Payment Failure,2025-05-12
1771,790,2,Slow Charging,2025-11-05
1772,1214,4,No Complaint,2025-08-01
1773,455,1,Slow Charging,2025-07-11
1774,1650,3,Slow Charging,2025-06-23
1775,216,4,Slow Charging,2025-05-13
1776,1302,1,Long Wait Time,2025-05-08
1777,200,2,Slow Charging,2026-01-23
1778,1457,4,No Complaint,2025-08-07
1779,1558,3,Slow Charging,2025-09-29
1780,809,5,No Complaint,2025-11-27
1781,1006,2,Long Wait Time,2025-07-10
1782,1950,1,Poor App Experience,2026-04-29
1783,921,5,No Complaint,2025-10-30
1784,176,5,No Complaint,2025-05-30
1785,1459,3,No Complaint,2026-01-24
1786,1942,1,Port Not Working,2025-09-20
1787,1031,3,Slow Charging,2026-04-11
1788,1509,3,No Complaint,2026-03-18
1789,908,4,Slow Charging,2026-01-30
1790,1865,3,No Complaint,2025-11-28
1791,250,3,Slow Charging,2026-01-30
1792,1373,4,No Complaint,2025-09-28
1793,1997,4,No Complaint,2025-11-19
1794,1530,4,No Complaint,2025-05-12
1795,836,1,Payment Failure,2025-08-24
1796,1206,4,No Complaint,2026-01-04
1797,933,4,No Complaint,2025-07-14
1798,556,5,No Complaint,2025-06-19
1799,120,5,No Complaint,2025-09-24
1800,1373,3,No Complaint,2025-12-24
1801,1659,4,Slow Charging,2025-11-11
1802,1615,3,Slow Charging,2025-12-03
1803,23,4,No Complaint,2025-09-09
1804,1516,2,Port Not Working,2026-03-27
1805,1255,1,Payment Failure,2026-04-18
1806,783,2,Poor App Experience,2025-08-18
1807,206,3,No Complaint,2025-12-30
1808,1334,4,No Complaint,2026-03-15
1809,1256,3,No Complaint,2026-02-05
1810,252,3,No Complaint,2025-08-28
1811,175,2,Port Not Working,2025-12-08
1812,943,4,No Complaint,2025-12-25
1813,1268,3,Slow Charging,2025-09-21
1814,1635,1,Long Wait Time,2026-01-13
1815,1466,1,Long Wait Time,2026-02-24
1816,1631,1,Long Wait Time,2025-07-25
1817,440,2,Poor App Experience,2025-08-03
1818,308,4,No Complaint,2025-05-07
1819,836,3,Slow Charging,2025-06-07
1820,293,2,Long Wait Time,2026-04-25
1821,1663,5,No Complaint,2026-04-04
1822,264,3,No Complaint,2025-06-26
1823,449,1,Payment Failure,2026-02-04
1824,1312,5,Slow Charging,2026-03-05
1825,117,3,No Complaint,2026-01-24
1826,141,3,No Complaint,2025-11-25
1827,797,2,Long Wait Time,2025-05-07
1828,1970,3,Slow Charging,2026-04-16
1829,310,4,No Complaint,2026-03-28
1830,110,1,Payment Failure,2025-07-16
1831,301,1,Slow Charging,2026-04-15
1832,990,2,Slow Charging,2025-12-06
1833,311,1,Slow Charging,2026-03-22
1834,126,1,Poor App Experience,2025-10-31
1835,789,3,No Complaint,2026-04-02
1836,1267,1,Slow Charging,2026-02-12
1837,153,4,No Complaint,2025-07-31
1838,807,1,Payment Failure,2025-11-24
1839,207,5,No Complaint,2026-03-01
1840,145,4,Slow Charging,2025-10-05
1841,856,4,No Complaint,2025-08-05
1842,267,4,Slow Charging,2025-10-25
1843,727,1,Payment Failure,2025-09-25
1844,1506,4,No Complaint,2025-08-11
1845,925,3,Slow Charging,2025-11-22
1846,346,3,No Complaint,2025-09-02
1847,1937,4,No Complaint,2025-06-14
1848,855,3,Slow Charging,2026-03-19
1849,1283,1,Poor App Experience,2026-02-04
1850,1510,4,No Complaint,2025-09-16
1851,1796,2,Payment Failure,2025-11-25
1852,1019,4,No Complaint,2026-01-08
1853,192,4,Slow Charging,2026-04-27
1854,1848,2,Port Not Working,2025-11-13
1855,1696,5,Slow Charging,2025-08-22
1856,849,5,Slow Charging,2025-07-12
1857,1816,4,No Complaint,2026-03-09
1858,1584,3,Slow Charging,2025-08-09
1859,981,3,Slow Charging,2026-01-30
1860,1139,2,Port Not Working,2026-04-26
1861,345,4,Slow Charging,2025-05-09
1862,1415,4,No Complaint,2025-12-30
1863,1757,5,No Complaint,2026-04-15
1864,1238,1,Port Not Working,2025-11-08
1865,400,5,No Complaint,2026-02-05
1866,142,5,No Complaint,2025-06-18
1867,354,4,Slow Charging,2026-01-21
1868,1026,2,Poor App Experience,2025-07-07
1869,562,5,No Complaint,2026-02-05
1870,1352,1,Slow Charging,2026-01-01
1871,791,3,Slow Charging,2026-02-26
1872,433,2,Port Not Working,2025-08-19
1873,1058,5,No Complaint,2025-09-09
1874,337,4,Slow Charging,2026-02-07
1875,1833,4,No Complaint,2026-04-21
1876,30,2,Long Wait Time,2025-08-23
1877,488,5,No Complaint,2025-05-23
1878,1613,4,No Complaint,2025-07-09
1879,1315,3,No Complaint,2026-03-05
1880,1602,3,No Complaint,2025-10-07
1881,1801,2,Payment Failure,2025-11-19
1882,1056,4,No Complaint,2026-03-17
1883,1030,1,Port Not Working,2025-08-23
1884,117,5,No Complaint,2025-12-15
1885,897,4,No Complaint,2025-12-01
1886,92,5,No Complaint,2025-08-26
1887,1223,3,No Complaint,2025-06-22
1888,477,4,No Complaint,2025-07-15
1889,919,5,Slow Charging,2025-08-13
1890,584,2,Slow Charging,2026-04-01
1891,336,4,No Complaint,2026-02-26
1892,824,3,Slow Charging,2025-11-01
1893,258,3,No Complaint,2025-09-08
1894,1575,5,No Complaint,2025-06-23
1895,1696,2,Slow Charging,2025-09-23
1896,1892,2,Long Wait Time,2025-12-13
1897,1744,2,Long Wait Time,2025-05-28
1898,13,3,No Complaint,2025-06-05
1899,334,3,No Complaint,2026-02-18
1900,1962,5,No Complaint,2026-04-13
1901,1974,5,No Complaint,2025-06-10
1902,675,5,No Complaint,2025-05-27
1903,1245,1,Payment Failure,2025-12-25
1904,892,3,No Complaint,2026-04-07
1905,482,3,No Complaint,2025-12-18
1906,900,3,No Complaint,2025-07-22
1907,1379,1,Slow Charging,2025-12-01
1908,410,2,Long Wait Time,2026-04-14
1909,1971,4,Slow Charging,2025-09-22
1910,781,1,Slow Charging,2026-04-26
1911,455,2,Port Not Working,2026-05-03
1912,482,5,Slow Charging,2026-01-23
1913,1883,5,No Complaint,2025-12-27
1914,1116,2,Payment Failure,2025-06-23
1915,124,1,Slow Charging,2025-08-05
1916,1240,1,Poor App Experience,2025-05-05
1917,1931,3,No Complaint,2025-12-14
1918,762,1,Slow Charging,2025-08-26
1919,258,2,Port Not Working,2025-07-11
1920,1181,2,Poor App Experience,2025-07-09
1921,36,5,No Complaint,2025-06-18
1922,88,5,No Complaint,2025-11-25
1923,1501,1,Long Wait Time,2025-09-08
1924,1491,5,No Complaint,2025-12-23
1925,801,5,No Complaint,2025-12-18
1926,1219,3,No Complaint,2025-08-29
1927,106,3,No Complaint,2026-04-22
1928,386,3,No Complaint,2026-04-07
1929,1011,1,Poor App Experience,2026-03-15
1930,239,1,Long Wait Time,2025-06-09
1931,14,4,Slow Charging,2026-01-05
1932,1908,5,No Complaint,2025-10-05
1933,290,5,Slow Charging,2025-12-16
1934,1053,2,Slow Charging,2025-10-29
1935,608,3,No Complaint,2026-01-18
1936,1344,4,No Complaint,2026-04-08
1937,951,5,No Complaint,2025-09-17
1938,642,4,No Complaint,2025-07-15
1939,1885,1,Port Not Working,2025-05-22
1940,518,2,Payment Failure,2025-11-18
1941,1197,4,No Complaint,2025-11-25
1942,612,3,No Complaint,2026-01-23
1943,538,2,Port Not Working,2026-01-17
1944,832,1,Port Not Working,2026-03-22
1945,610,4,No Complaint,2025-09-21
1946,101,3,No Complaint,2025-12-13
1947,1175,4,No Complaint,2025-05-31
1948,1051,2,Long Wait Time,2025-09-13
1949,1444,3,No Complaint,2025-10-22
1950,303,2,Slow Charging,2026-02-22
1951,1502,1,Slow Charging,2025-06-26
1952,1403,5,No Complaint,2025-10-04
1953,426,4,No Complaint,2026-02-07
1954,620,5,Slow Charging,2026-03-22
1955,1495,2,Poor App Experience,2025-11-30
1956,630,1,Poor App Experience,2025-10-17
1957,292,4,No Complaint,2025-06-30
1958,1185,2,Slow Charging,2025-12-23
1959,278,1,Poor App Experience,2026-01-01
1960,748,3,Slow Charging,2025-12-15
1961,1509,1,Payment Failure,2026-02-22
1962,1936,1,Port Not Working,2025-11-01
1963,606,3,No Complaint,2025-11-23
1964,1269,1,Slow Charging,2025-10-31
1965,1822,2,Port Not Working,2025-10-11
1966,1741,4,No Complaint,2025-11-07
1967,867,2,Long Wait Time,2026-01-19
1968,1678,4,Slow Charging,2026-03-02
1969,629,3,No Complaint,2025-06-06
1970,1793,2,Port Not Working,2025-10-09
1971,490,3,No Complaint,2025-06-02
1972,913,1,Poor App Experience,2026-02-25
1973,279,3,No Complaint,2025-06-08
1974,930,2,Poor App Experience,2025-11-30
1975,18,2,Poor App Experience,2025-08-23
1976,1012,1,Poor App Experience,2025-10-07
1977,1508,1,Payment Failure,2026-01-31
1978,522,2,Poor App Experience,2025-10-02
1979,1351,3,No Complaint,2026-02-12
1980,730,1,Long Wait Time,2026-04-22
1981,88,5,No Complaint,2025-09-17
1982,162,4,Slow Charging,2025-06-17
1983,1436,3,Slow Charging,2026-01-05
1984,1964,1,Slow Charging,2025-12-31
1985,1708,5,Slow Charging,2026-05-04
1986,1053,2,Poor App Experience,2025-06-08
1987,1498,1,Long Wait Time,2026-03-09
1988,84,5,No Complaint,2026-03-03
1989,1291,3,No Complaint,2026-03-12
1990,1897,1,Payment Failure,2026-01-12
1991,1081,5,No Complaint,2025-12-16
1992,1751,3,No Complaint,2025-07-03
1993,145,5,Slow Charging,2026-01-06
1994,575,5,No Complaint,2025-11-06
1995,1425,5,No Complaint,2025-06-28
1996,555,5,No Complaint,2025-08-15
1997,493,3,No Complaint,2026-02-19
1998,1495,4,No Complaint,2025-09-18
1999,963,3,Slow Charging,2026-04-16
2000,470,3,No Complaint,2026-03-14
2001,426,2,Payment Failure,2025-11-27
2002,255,3,No Complaint,2025-08-31
2003,1305,5,No Complaint,2026-03-14
2004,211,3,Slow Charging,2025-07-05
2005,819,3,Slow Charging,2025-05-16
2006,1624,3,No Complaint,2026-02-24
2007,1201,2,Slow Charging,2026-03-26
2008,1028,3,Slow Charging,2026-04-12
2009,1417,2,Long Wait Time,2025-06-29
2010,18,2,Slow Charging,2026-03-19
2011,897,3,Slow Charging,2026-01-17
2012,918,2,Poor App Experience,2025-08-23
2013,461,3,Slow Charging,2026-03-30
2014,389,5,No Complaint,2026-01-04
2015,1975,3,Slow Charging,2025-11-28
2016,242,4,No Complaint,2025-06-22
2017,1865,2,Long Wait Time,2025-07-21
2018,554,5,Slow Charging,2025-07-13
2019,1752,1,Poor App Experience,2025-08-31
2020,240,1,Port Not Working,2025-11-01
2021,104,4,Slow Charging,2026-01-13
2022,1096,5,Slow Charging,2026-02-11
2023,1182,4,No Complaint,2026-02-07
2024,1941,5,No Complaint,2026-04-08
2025,1010,3,No Complaint,2026-03-06
2026,1998,2,Slow Charging,2025-06-28
2027,1325,2,Payment Failure,2025-12-09
2028,256,2,Payment Failure,2025-11-21
2029,1634,2,Poor App Experience,2025-09-24
2030,900,4,No Complaint,2025-06-24
2031,650,3,Slow Charging,2026-02-13
2032,133,4,No Complaint,2026-02-07
2033,1324,4,No Complaint,2026-04-01
2034,1901,5,No Complaint,2026-01-11
2035,311,2,Port Not Working,2025-08-25
2036,1894,1,Port Not Working,2025-09-27
2037,1831,1,Poor App Experience,2025-06-02
2038,451,3,Slow Charging,2026-03-19
2039,768,3,Slow Charging,2026-03-09
2040,1579,2,Long Wait Time,2026-02-19
2041,1556,3,Slow Charging,2026-04-04
2042,1494,3,No Complaint,2025-09-18
2043,703,1,Poor App Experience,2025-09-02
2044,150,3,Slow Charging,2025-09-03
2045,1463,2,Payment Failure,2025-09-28
2046,1070,3,No Complaint,2025-08-23
2047,433,5,No Complaint,2025-11-28
2048,1408,1,Long Wait Time,2026-01-07
2049,34,3,Slow Charging,2026-04-18
2050,1640,4,Slow Charging,2026-01-21
2051,394,2,Payment Failure,2025-07-31
2052,367,3,No Complaint,2025-12-22
2053,1983,3,No Complaint,2025-05-29
2054,309,3,Slow Charging,2025-10-01
2055,1504,5,Slow Charging,2025-05-11
2056,962,3,Slow Charging,2026-03-08
2057,1122,5,No Complaint,2025-08-25
2058,1905,4,Slow Charging,2025-11-23
2059,1145,1,Slow Charging,2026-03-03
2060,114,4,No Complaint,2025-07-05
2061,283,2,Payment Failure,2026-03-23
2062,756,2,Slow Charging,2026-03-18
2063,1689,4,No Complaint,2025-07-26
2064,1462,3,No Complaint,2026-01-07
2065,661,4,No Complaint,2026-03-25
2066,805,1,Port Not Working,2026-01-13
2067,4,4,No Complaint,2025-12-25
2068,1015,2,Long Wait Time,2025-10-19
2069,1673,2,Long Wait Time,2026-02-01
2070,336,1,Port Not Working,2025-08-23
2071,1536,3,Slow Charging,2026-04-06
2072,137,3,No Complaint,2025-08-21
2073,1381,4,Slow Charging,2026-03-03
2074,138,5,No Complaint,2026-01-26
2075,83,4,No Complaint,2026-03-08
2076,1290,1,Long Wait Time,2025-07-02
2077,1436,3,No Complaint,2025-10-31
2078,1627,5,Slow Charging,2026-02-09
2079,393,2,Poor App Experience,2025-09-12
2080,810,4,Slow Charging,2025-11-19
2081,811,4,No Complaint,2026-02-22
2082,1830,2,Port Not Working,2026-02-08
2083,1888,1,Poor App Experience,2025-08-05
2084,1421,5,No Complaint,2026-03-04
2085,1944,3,Slow Charging,2026-01-19
2086,408,5,Slow Charging,2025-09-20
2087,1792,4,No Complaint,2026-04-12
2088,677,1,Slow Charging,2025-08-28
2089,557,3,Slow Charging,2025-05-27
2090,1951,3,No Complaint,2026-04-13
2091,1290,4,No Complaint,2025-07-16
2092,1962,5,No Complaint,2025-09-14
2093,244,2,Payment Failure,2026-03-20
2094,21,4,No Complaint,2025-06-01
2095,171,3,No Complaint,2025-05-15
2096,284,3,Slow Charging,2026-04-21
2097,286,5,No Complaint,2026-02-14
2098,1701,1,Slow Charging,2025-12-25
2099,1096,3,Slow Charging,2025-09-08
2100,1635,4,No Complaint,2026-01-13
2101,291,3,No Complaint,2026-02-25
2102,39,1,Poor App Experience,2026-03-02
2103,1060,3,No Complaint,2025-06-25
2104,128,5,Slow Charging,2026-03-25
2105,1776,1,Poor App Experience,2025-06-10
2106,1951,5,Slow Charging,2025-05-19
2107,884,4,No Complaint,2026-03-28
2108,402,4,No Complaint,2025-12-21
2109,1858,3,Slow Charging,2025-05-24
2110,1027,3,Slow Charging,2025-06-02
2111,1527,3,No Complaint,2026-04-03
2112,1588,4,No Complaint,2026-02-15
2113,1436,4,No Complaint,2025-10-20
2114,915,2,Payment Failure,2025-10-09
2115,478,4,Slow Charging,2025-07-14
2116,676,5,Slow Charging,2025-11-04
2117,15,1,Slow Charging,2026-02-01
2118,379,1,Payment Failure,2026-04-07
2119,816,5,No Complaint,2026-03-08
2120,802,3,No Complaint,2026-01-29
2121,1615,2,Payment Failure,2025-07-12
2122,891,3,Slow Charging,2026-03-25
2123,571,1,Slow Charging,2026-01-30
2124,153,4,No Complaint,2025-07-16
2125,14,3,No Complaint,2026-03-17
2126,384,1,Long Wait Time,2025-08-18
2127,6,5,Slow Charging,2026-04-27
2128,491,1,Payment Failure,2025-09-21
2129,1095,3,No Complaint,2026-01-10
2130,734,2,Payment Failure,2026-02-19
2131,1062,2,Poor App Experience,2025-10-03
2132,948,1,Port Not Working,2025-12-24
2133,324,4,No Complaint,2025-07-29
2134,478,3,No Complaint,2025-10-28
2135,811,5,No Complaint,2026-01-30
2136,1503,5,No Complaint,2025-09-13
2137,325,3,Slow Charging,2025-12-09
2138,193,2,Slow Charging,2025-11-19
2139,357,1,Long Wait Time,2025-07-07
2140,257,3,No Complaint,2026-04-30
2141,451,5,No Complaint,2025-11-04
2142,1441,4,No Complaint,2026-02-01
2143,1655,4,Slow Charging,2025-10-29
2144,430,1,Long Wait Time,2026-03-29
2145,368,1,Slow Charging,2025-07-16
2146,340,3,Slow Charging,2026-03-04
2147,1450,4,Slow Charging,2025-09-06
2148,809,2,Long Wait Time,2025-06-13
2149,1487,4,No Complaint,2025-05-12
2150,175,2,Payment Failure,2026-02-02
2151,1933,5,No Complaint,2026-04-21
2152,1989,5,No Complaint,2025-08-05
2153,1591,3,No Complaint,2026-03-13
2154,634,5,Slow Charging,2026-01-02
2155,283,1,Payment Failure,2026-02-02
2156,1038,2,Payment Failure,2025-06-22
2157,1485,5,No Complaint,2025-11-17
2158,1466,5,No Complaint,2026-01-13
2159,266,2,Long Wait Time,2025-12-14
2160,1084,3,No Complaint,2026-03-23
2161,164,4,No Complaint,2025-10-13
2162,1243,4,No Complaint,2026-04-17
2163,585,2,Long Wait Time,2026-01-15
2164,952,1,Slow Charging,2025-07-11
2165,1248,5,No Complaint,2025-07-09
2166,301,1,Poor App Experience,2025-07-27
2167,437,5,No Complaint,2025-11-03
2168,1585,4,No Complaint,2025-09-24
2169,616,5,No Complaint,2025-11-15
2170,1219,3,Slow Charging,2025-07-22
2171,709,2,Payment Failure,2025-09-02
2172,302,1,Port Not Working,2025-10-10
2173,272,5,No Complaint,2025-08-23
2174,1285,1,Payment Failure,2025-06-18
2175,425,4,No Complaint,2025-12-12
2176,1665,2,Long Wait Time,2025-09-10
2177,346,1,Long Wait Time,2025-08-24
2178,253,1,Payment Failure,2025-05-13
2179,1873,3,No Complaint,2026-04-10
2180,571,5,Slow Charging,2026-02-18
2181,1824,2,Port Not Working,2026-01-21
2182,1152,4,Slow Charging,2026-05-05
2183,147,3,No Complaint,2025-11-09
2184,262,1,Long Wait Time,2026-01-15
2185,1170,4,No Complaint,2025-09-28
2186,1597,4,Slow Charging,2025-09-04
2187,675,4,No Complaint,2025-06-22
2188,995,1,Port Not Working,2025-06-22
2189,753,5,Slow Charging,2026-02-18
2190,1658,1,Payment Failure,2025-08-19
2191,1,1,Poor App Experience,2025-08-11
2192,99,5,No Complaint,2025-11-01
2193,1303,1,Slow Charging,2025-07-27
2194,1930,1,Payment Failure,2026-02-04
2195,1835,1,Poor App Experience,2025-07-10
2196,332,1,Port Not Working,2025-12-08
2197,1928,4,No Complaint,2026-02-16
2198,616,5,No Complaint,2026-03-20
2199,986,1,Slow Charging,2026-01-31
2200,1819,5,No Complaint,2025-12-05
2201,396,2,Slow Charging,2025-10-31
2202,1984,3,No Complaint,2026-03-19
2203,293,2,Slow Charging,2025-06-20
2204,1200,2,Long Wait Time,2026-01-04
2205,115,4,Slow Charging,2025-06-16
2206,791,1,Slow Charging,2025-12-24
2207,1566,5,No Complaint,2025-09-24
2208,412,1,Slow Charging,2025-05-18
2209,1695,3,No Complaint,2025-06-24
2210,518,2,Port Not Working,2025-05-29
2211,1474,2,Port Not Working,2026-04-05
2212,402,2,Slow Charging,2025-06-24
2213,1812,5,Slow Charging,2025-06-06
2214,116,2,Port Not Working,2025-06-19
2215,872,1,Port Not Working,2026-03-01
2216,565,2,Poor App Experience,2025-09-05
2217,987,2,Poor App Experience,2025-11-12
2218,279,2,Payment Failure,2025-08-05
2219,1170,2,Port Not Working,2026-01-22
2220,1493,2,Payment Failure,2026-01-29
2221,1350,4,No Complaint,2025-10-16
2222,973,5,No Complaint,2026-02-04
2223,344,3,No Complaint,2026-02-06
2224,701,4,No Complaint,2025-08-20
2225,1753,5,Slow Charging,2025-12-18
2226,249,5,No Complaint,2025-07-26
2227,1409,3,No Complaint,2026-04-03
2228,512,4,No Complaint,2025-06-23
2229,538,5,No Complaint,2025-06-07
2230,962,4,Slow Charging,2025-07-29
2231,257,1,Slow Charging,2025-09-22
2232,604,5,Slow Charging,2025-12-24
2233,1564,1,Payment Failure,2025-09-26
2234,1791,3,No Complaint,2025-06-30
2235,700,3,No Complaint,2025-12-27
2236,640,5,Slow Charging,2025-12-22
2237,496,5,Slow Charging,2025-06-14
2238,981,4,Slow Charging,2025-11-30
2239,1857,5,No Complaint,2025-05-20
2240,1276,1,Poor App Experience,2025-10-30
2241,825,3,No Complaint,2025-08-01
2242,1448,1,Slow Charging,2026-02-16
2243,972,1,Long Wait Time,2026-05-02
2244,1655,3,No Complaint,2026-04-27
2245,1295,5,No Complaint,2026-02-26
2246,318,5,Slow Charging,2025-09-11
2247,1396,4,No Complaint,2025-05-05
2248,128,1,Port Not Working,2026-01-17
2249,1600,1,Slow Charging,2025-10-13
2250,1662,4,No Complaint,2025-10-05
2251,62,3,No Complaint,2026-03-20
2252,1317,1,Payment Failure,2025-06-17
2253,1406,4,No Complaint,2025-11-13
2254,1584,2,Slow Charging,2025-10-15
2255,1060,5,No Complaint,2026-01-13
2256,47,2,Poor App Experience,2025-06-30
2257,473,4,No Complaint,2025-11-27
2258,1228,3,Slow Charging,2025-09-03
2259,345,3,Slow Charging,2025-06-24
2260,1557,4,No Complaint,2025-12-11
2261,1731,4,Slow Charging,2025-07-25
2262,472,2,Long Wait Time,2025-07-25
2263,727,2,Poor App Experience,2026-03-19
2264,888,1,Port Not Working,2025-05-10
2265,1052,2,Long Wait Time,2025-10-14
2266,1137,3,Slow Charging,2025-09-24
2267,250,2,Payment Failure,2025-07-26
2268,759,2,Payment Failure,2025-12-05
2269,1152,4,No Complaint,2026-01-19
2270,970,1,Port Not Working,2026-02-28
2271,1412,3,Slow Charging,2025-09-16
2272,429,2,Payment Failure,2026-03-18
2273,581,2,Port Not Working,2025-10-10
2274,1362,4,Slow Charging,2026-01-20
2275,571,5,Slow Charging,2025-12-13
2276,1586,3,No Complaint,2025-08-22
2277,1196,2,Long Wait Time,2026-04-04
2278,1293,3,No Complaint,2025-12-11
2279,210,4,No Complaint,2026-03-30
2280,5,2,Poor App Experience,2026-02-03
2281,838,1,Payment Failure,2026-03-26
2282,927,2,Payment Failure,2025-11-15
2283,1614,3,Slow Charging,2025-11-12
2284,1771,2,Poor App Experience,2026-01-19
2285,1486,2,Poor App Experience,2025-06-15
2286,683,5,No Complaint,2025-10-16
2287,968,5,Slow Charging,2025-05-17
2288,623,5,No Complaint,2025-08-10
2289,650,3,No Complaint,2026-01-29
2290,1946,1,Payment Failure,2026-04-30
2291,1122,1,Payment Failure,2025-06-14
2292,1231,4,Slow Charging,2025-08-19
2293,1035,1,Payment Failure,2025-10-31
2294,82,1,Port Not Working,2026-01-28
2295,1672,4,No Complaint,2026-03-31
2296,367,5,Slow Charging,2025-09-01
2297,535,3,Slow Charging,2025-11-29
2298,465,5,Slow Charging,2026-01-06
2299,396,5,No Complaint,2026-05-04
2300,275,1,Poor App Experience,2025-10-31
2301,1806,1,Payment Failure,2026-02-13
2302,614,5,No Complaint,2025-05-05
2303,1802,4,Slow Charging,2026-03-28
2304,1605,3,No Complaint,2025-06-18
2305,1884,5,Slow Charging,2026-04-01
2306,1625,5,No Complaint,2026-02-16
2307,529,1,Poor App Experience,2026-05-01
2308,1012,2,Payment Failure,2026-03-23
2309,1276,3,No Complaint,2025-11-04
2310,993,4,Slow Charging,2025-08-12
2311,862,5,No Complaint,2025-12-08
2312,319,5,No Complaint,2025-05-14
2313,1885,3,No Complaint,2025-11-12
2314,148,5,No Complaint,2025-05-29
2315,1183,3,No Complaint,2025-11-16
2316,226,1,Port Not Working,2026-02-10
2317,359,3,No Complaint,2025-08-19
2318,484,4,No Complaint,2025-09-04
2319,1207,5,No Complaint,2025-12-02
2320,1943,3,No Complaint,2025-08-05
2321,1140,5,Slow Charging,2025-09-10
2322,414,2,Payment Failure,2025-11-20
2323,288,2,Port Not Working,2025-11-28
2324,881,2,Poor App Experience,2025-06-06
2325,665,4,No Complaint,2026-04-23
2326,405,1,Port Not Working,2025-12-11
2327,1415,4,Slow Charging,2025-09-24
2328,1541,5,No Complaint,2025-07-30
2329,755,2,Payment Failure,2025-06-30
2330,1943,3,Slow Charging,2025-09-08
2331,1954,1,Payment Failure,2025-08-07
2332,630,1,Poor App Experience,2025-11-28
2333,1530,3,Slow Charging,2026-01-25
2334,410,4,No Complaint,2025-10-09
2335,403,5,No Complaint,2025-09-24
2336,1011,5,No Complaint,2025-11-16
2337,498,4,No Complaint,2025-11-08
2338,1746,3,Slow Charging,2025-10-11
2339,771,1,Payment Failure,2025-07-14
2340,1020,4,No Complaint,2025-06-19
2341,1901,1,Long Wait Time,2026-04-05
2342,662,4,No Complaint,2026-04-08
2343,431,2,Port Not Working,2025-07-17
2344,1295,3,No Complaint,2026-02-14
2345,138,5,No Complaint,2025-10-18
2346,601,2,Slow Charging,2026-01-29
2347,1202,2,Port Not Working,2025-08-05
2348,592,3,No Complaint,2025-05-31
2349,586,3,Slow Charging,2025-12-09
2350,106,3,No Complaint,2025-07-27
2351,62,1,Payment Failure,2025-06-06
2352,926,1,Port Not Working,2026-01-21
2353,1665,4,No Complaint,2025-05-27
2354,1805,3,No Complaint,2026-02-12
2355,479,1,Long Wait Time,2026-02-01
2356,1235,3,Slow Charging,2025-11-16
2357,1810,3,Slow Charging,2026-04-19
2358,645,1,Long Wait Time,2025-10-30
2359,1172,2,Poor App Experience,2025-05-24
2360,600,2,Port Not Working,2025-09-18
2361,1141,3,No Complaint,2025-10-30
2362,38,3,No Complaint,2025-05-18
2363,1674,5,No Complaint,2026-03-10
2364,588,4,No Complaint,2025-10-05
2365,37,1,Slow Charging,2026-04-23
2366,1354,3,Slow Charging,2025-08-25
2367,740,3,No Complaint,2026-03-19
2368,1017,5,Slow Charging,2025-06-25
2369,1601,5,No Complaint,2025-05-27
2370,1676,3,Slow Charging,2026-01-26
2371,1025,4,No Complaint,2025-06-01
2372,1157,3,No Complaint,2025-05-16
2373,1216,2,Slow Charging,2025-09-08
2374,390,5,No Complaint,2026-03-04
2375,448,2,Port Not Working,2025-09-12
2376,1281,1,Long Wait Time,2025-12-22
2377,1144,2,Poor App Experience,2026-04-23
2378,1551,2,Poor App Experience,2025-10-03
2379,481,5,Slow Charging,2025-09-17
2380,1567,5,No Complaint,2026-01-30
2381,834,3,No Complaint,2025-12-17
2382,418,5,Slow Charging,2026-03-20
2383,1534,4,No Complaint,2025-10-11
2384,10,5,No Complaint,2026-03-12
2385,475,5,No Complaint,2026-02-17
2386,730,2,Poor App Experience,2026-02-25
2387,1017,4,Slow Charging,2026-03-02
2388,545,3,Slow Charging,2026-04-01
2389,253,5,No Complaint,2025-08-09
2390,1444,5,No Complaint,2026-02-03
2391,786,3,No Complaint,2026-03-31
2392,1632,2,Port Not Working,2025-12-17
2393,1874,1,Payment Failure,2025-11-24
2394,357,1,Port Not Working,2026-01-30
2395,1123,2,Slow Charging,2026-01-12
2396,618,2,Long Wait Time,2025-08-03
2397,1764,5,No Complaint,2026-04-18
2398,297,4,Slow Charging,2026-02-21
2399,687,5,Slow Charging,2025-08-20
2400,1286,2,Port Not Working,2025-06-24
2401,1083,5,No Complaint,2025-07-31
2402,1192,1,Payment Failure,2025-07-03
2403,490,4,No Complaint,2026-01-22
2404,20,3,Slow Charging,2025-11-18
2405,778,2,Long Wait Time,2025-06-19
2406,856,3,Slow Charging,2025-08-24
2407,924,4,Slow Charging,2026-02-15
2408,512,1,Poor App Experience,2025-08-05
2409,1859,3,Slow Charging,2025-07-22
2410,1935,2,Poor App Experience,2025-08-13
2411,259,5,No Complaint,2026-03-30
2412,271,3,Slow Charging,2025-08-06
2413,371,5,Slow Charging,2025-09-22
2414,1706,2,Poor App Experience,2025-05-15
2415,271,3,No Complaint,2025-07-15
2416,1561,2,Port Not Working,2026-02-05
2417,653,1,Long Wait Time,2025-12-18
2418,1831,2,Slow Charging,2025-06-06
2419,1005,3,Slow Charging,2025-06-26
2420,584,5,No Complaint,2026-01-19
2421,1737,5,No Complaint,2025-11-22
2422,369,5,No Complaint,2026-02-02
2423,1425,1,Payment Failure,2025-09-03
2424,688,3,No Complaint,2025-11-20
2425,1014,5,No Complaint,2025-07-03
2426,137,5,Slow Charging,2026-03-20
2427,535,3,No Complaint,2025-10-03
2428,1408,1,Poor App Experience,2025-11-08
2429,1202,4,Slow Charging,2025-09-07
2430,828,1,Payment Failure,2025-07-02
2431,34,2,Poor App Experience,2026-03-28
2432,37,3,No Complaint,2025-07-29
2433,748,3,No Complaint,2026-03-23
2434,1882,2,Payment Failure,2025-06-17
2435,642,2,Port Not Working,2026-02-23
2436,1913,3,No Complaint,2026-04-22
2437,1003,1,Port Not Working,2026-03-21
2438,837,5,No Complaint,2025-07-20
2439,1041,5,Slow Charging,2026-04-12
2440,606,2,Slow Charging,2025-11-02
2441,1894,3,Slow Charging,2025-09-18
2442,887,1,Poor App Experience,2025-09-13
2443,493,5,No Complaint,2025-08-23
2444,647,1,Poor App Experience,2025-11-14
2445,742,4,No Complaint,2025-05-29
2446,1344,3,No Complaint,2026-04-24
2447,1997,2,Port Not Working,2026-02-22
2448,1651,4,Slow Charging,2025-06-17
2449,1970,3,Slow Charging,2026-04-07
2450,1189,4,Slow Charging,2025-06-01
2451,477,1,Slow Charging,2025-10-14
2452,16,5,No Complaint,2025-12-21
2453,892,4,No Complaint,2025-12-02
2454,825,2,Poor App Experience,2025-12-22
2455,251,5,No Complaint,2026-03-26
2456,1770,1,Payment Failure,2026-04-10
2457,1908,1,Port Not Working,2025-07-06
2458,1920,5,No Complaint,2026-04-22
2459,1416,3,Slow Charging,2025-12-14
2460,788,4,No Complaint,2026-03-26
2461,1820,4,No Complaint,2025-07-12
2462,152,1,Port Not Working,2025-11-22
2463,1409,5,Slow Charging,2026-03-07
2464,1325,4,No Complaint,2025-10-10
2465,1745,1,Payment Failure,2026-04-07
2466,864,2,Port Not Working,2026-01-05
2467,1418,4,No Complaint,2025-12-10
2468,656,3,No Complaint,2026-04-21
2469,817,1,Long Wait Time,2026-03-22
2470,1766,1,Slow Charging,2026-01-08
2471,127,3,No Complaint,2026-04-11
2472,641,4,No Complaint,2026-03-30
2473,1229,4,Slow Charging,2025-06-03
2474,1674,2,Payment Failure,2025-11-08
2475,131,1,Slow Charging,2026-02-13
2476,1864,3,Slow Charging,2025-08-12
2477,180,5,No Complaint,2025-11-26
2478,1682,3,No Complaint,2026-02-28
2479,1166,4,Slow Charging,2026-03-27
2480,93,3,No Complaint,2026-05-02
2481,1569,3,No Complaint,2025-06-10
2482,495,1,Port Not Working,2025-10-31
2483,1988,4,No Complaint,2025-10-08
2484,1038,1,Long Wait Time,2026-03-05
2485,1324,5,No Complaint,2026-05-01
2486,58,3,No Complaint,2025-09-11
2487,370,3,No Complaint,2026-02-03
2488,483,3,Slow Charging,2026-05-02
2489,18,2,Slow Charging,2025-11-23
2490,232,4,Slow Charging,2025-11-30
2491,1397,5,No Complaint,2026-05-05
2492,1882,1,Port Not Working,2025-05-10
2493,1543,2,Port Not Working,2025-11-13
2494,1335,1,Payment Failure,2025-05-27
2495,379,3,Slow Charging,2026-04-07
2496,1707,1,Payment Failure,2025-07-25
2497,86,1,Slow Charging,2025-05-07
2498,132,5,No Complaint,2025-09-24
2499,1325,1,Slow Charging,2025-12-17
2500,1464,5,No Complaint,2025-12-27
2501,862,3,Slow Charging,2026-04-10
2502,651,2,Payment Failure,2026-03-23
2503,1599,4,Slow Charging,2025-08-16
2504,644,4,Slow Charging,2026-04-06
2505,1284,3,No Complaint,2025-12-20
2506,1899,4,No Complaint,2025-05-29
2507,653,5,Slow Charging,2025-12-17
2508,1465,3,No Complaint,2025-11-06
2509,1475,2,Payment Failure,2025-08-20
2510,1526,2,Long Wait Time,2025-09-30
2511,1637,1,Long Wait Time,2026-04-25
2512,1677,4,Slow Charging,2025-09-06
2513,1980,4,Slow Charging,2026-04-25
2514,821,2,Port Not Working,2025-06-30
2515,8,3,No Complaint,2026-02-15
2516,88,5,No Complaint,2025-11-27
2517,1049,3,No Complaint,2026-04-24
2518,376,4,No Complaint,2026-03-29
2519,586,4,Slow Charging,2025-08-16
2520,1526,1,Poor App Experience,2026-03-05
2521,57,4,Slow Charging,2025-10-15
2522,1264,3,No Complaint,2025-08-24
2523,1276,1,Long Wait Time,2026-04-03
2524,1152,1,Payment Failure,2025-08-03
2525,1570,3,Slow Charging,2025-10-11
2526,845,1,Slow Charging,2026-03-07
2527,857,5,No Complaint,2026-01-21
2528,704,3,No Complaint,2025-09-23
2529,811,4,No Complaint,2025-10-10
2530,93,2,Slow Charging,2026-02-02
2531,336,5,No Complaint,2025-06-14
2532,440,3,No Complaint,2026-02-02
2533,209,4,No Complaint,2025-12-29
2534,860,4,No Complaint,2025-12-24
2535,946,5,Slow Charging,2025-07-18
2536,1515,3,No Complaint,2025-08-08
2537,815,3,Slow Charging,2025-06-05
2538,48,3,No Complaint,2025-09-12
2539,1871,4,No Complaint,2026-03-29
2540,1376,3,Slow Charging,2025-12-02
2541,551,1,Long Wait Time,2025-09-03
2542,1556,5,No Complaint,2025-05-31
2543,152,5,No Complaint,2025-07-04
2544,588,4,Slow Charging,2025-12-21
2545,887,3,No Complaint,2025-10-04
2546,826,5,No Complaint,2025-10-30
2547,602,2,Port Not Working,2025-06-26
2548,1303,5,Slow Charging,2026-03-29
2549,1922,4,No Complaint,2026-01-10
2550,379,1,Long Wait Time,2025-12-13
2551,1694,2,Long Wait Time,2025-07-22
2552,1619,5,Slow Charging,2026-02-26
2553,1282,5,No Complaint,2026-03-09
2554,331,4,No Complaint,2025-06-21
2555,974,4,Slow Charging,2025-08-15
2556,1733,5,No Complaint,2025-12-22
2557,1426,3,No Complaint,2025-08-12
2558,839,4,No Complaint,2025-09-30
2559,806,3,Slow Charging,2026-02-02
2560,1591,2,Long Wait Time,2026-04-17
2561,881,5,No Complaint,2026-03-13
2562,1745,3,Slow Charging,2025-08-19
2563,818,5,Slow Charging,2026-04-27
2564,232,1,Poor App Experience,2026-02-01
2565,1822,2,Payment Failure,2025-07-09
2566,1903,1,Long Wait Time,2025-06-18
2567,1268,2,Slow Charging,2025-05-25
2568,1023,5,Slow Charging,2025-05-09
2569,1544,4,No Complaint,2025-07-08
2570,1176,4,No Complaint,2025-08-30
2571,779,3,No Complaint,2026-02-13
2572,127,5,No Complaint,2026-02-12
2573,145,4,Slow Charging,2025-05-05
2574,1398,3,No Complaint,2026-04-28
2575,487,2,Port Not Working,2026-05-03
2576,162,3,No Complaint,2026-04-11
2577,85,5,Slow Charging,2025-08-07
2578,1314,4,No Complaint,2026-03-02
2579,1592,5,No Complaint,2025-09-25
2580,70,4,No Complaint,2025-11-14
2581,231,4,No Complaint,2025-05-20
2582,1034,1,Port Not Working,2025-05-29
2583,194,1,Slow Charging,2025-09-29
2584,1797,3,No Complaint,2026-03-15
2585,754,2,Port Not Working,2025-05-08
2586,878,5,No Complaint,2025-11-21
2587,873,1,Slow Charging,2025-07-13
2588,541,3,No Complaint,2026-03-23
2589,1193,1,Port Not Working,2025-06-19
2590,1348,5,No Complaint,2025-10-31
2591,393,1,Port Not Working,2025-05-15
2592,673,2,Long Wait Time,2025-11-17
2593,1305,1,Port Not Working,2025-11-25
2594,349,4,Slow Charging,2026-02-07
2595,1830,4,No Complaint,2026-04-11
2596,1395,2,Long Wait Time,2025-07-12
2597,358,4,No Complaint,2025-08-29
2598,402,1,Long Wait Time,2025-08-02
2599,1814,5,No Complaint,2025-05-22
2600,1698,1,Slow Charging,2025-08-24
2601,1070,4,No Complaint,2026-01-14
2602,939,2,Poor App Experience,2026-04-29
2603,1756,1,Payment Failure,2025-08-22
2604,1028,2,Payment Failure,2025-08-11
2605,1931,4,No Complaint,2025-07-08
2606,1921,2,Payment Failure,2025-11-07
2607,1589,1,Poor App Experience,2025-09-17
2608,957,2,Poor App Experience,2026-04-22
2609,936,3,Slow Charging,2025-10-30
2610,1470,1,Slow Charging,2026-02-27
2611,1547,3,Slow Charging,2025-07-30
2612,290,3,No Complaint,2026-01-26
2613,1640,2,Payment Failure,2026-04-03
2614,1914,4,No Complaint,2025-10-14
2615,1808,3,No Complaint,2025-06-14
2616,570,1,Port Not Working,2025-11-28
2617,201,3,Slow Charging,2025-10-16
2618,1787,3,No Complaint,2025-11-22
2619,1286,2,Slow Charging,2025-06-25
2620,1925,3,No Complaint,2025-07-25
2621,1965,1,Poor App Experience,2025-08-17
2622,947,1,Payment Failure,2026-05-03
2623,1588,3,No Complaint,2025-05-21
2624,1685,4,Slow Charging,2025-05-12
2625,1888,2,Slow Charging,2026-01-10
2626,587,1,Payment Failure,2026-04-18
2627,1212,3,No Complaint,2025-10-27
2628,530,5,No Complaint,2025-06-28
2629,284,1,Poor App Experience,2026-04-03
2630,1244,4,No Complaint,2025-05-22
2631,1223,5,Slow Charging,2026-04-23
2632,297,1,Payment Failure,2025-12-29
2633,1719,4,Slow Charging,2025-05-28
2634,197,5,Slow Charging,2026-01-17
2635,1057,3,Slow Charging,2025-11-12
2636,23,4,No Complaint,2025-06-28
2637,697,4,Slow Charging,2025-10-01
2638,665,4,No Complaint,2025-06-29
2639,809,1,Payment Failure,2025-07-24
2640,1196,3,Slow Charging,2025-07-13
2641,1781,2,Port Not Working,2025-05-10
2642,487,5,No Complaint,2025-10-16
2643,979,1,Port Not Working,2025-10-29
2644,251,4,Slow Charging,2026-01-10
2645,477,5,No Complaint,2026-04-02
2646,253,1,Port Not Working,2025-05-18
2647,362,2,Long Wait Time,2025-09-22
2648,490,4,Slow Charging,2026-01-05
2649,441,3,No Complaint,2026-01-03
2650,1563,1,Poor App Experience,2025-07-03
2651,1770,4,No Complaint,2025-08-06
2652,707,1,Long Wait Time,2025-09-19
2653,1543,5,No Complaint,2026-03-21
2654,1199,3,Slow Charging,2025-06-11
2655,630,5,Slow Charging,2025-08-10
2656,202,3,No Complaint,2025-08-17
2657,1959,1,Long Wait Time,2025-11-20
2658,11,2,Poor App Experience,2026-04-25
2659,807,2,Port Not Working,2025-09-13
2660,13,5,No Complaint,2025-12-08
2661,251,4,No Complaint,2025-10-03
2662,1357,5,Slow Charging,2026-04-19
2663,1046,5,No Complaint,2025-08-08
2664,1600,4,No Complaint,2025-12-08
2665,1805,2,Long Wait Time,2025-07-21
2666,1153,5,No Complaint,2025-12-31
2667,1102,5,No Complaint,2025-06-17
2668,216,1,Long Wait Time,2026-03-23
2669,1684,2,Slow Charging,2026-02-13
2670,1723,4,Slow Charging,2025-09-25
2671,1130,3,Slow Charging,2025-12-29
2672,67,2,Long Wait Time,2026-04-09
2673,835,4,No Complaint,2026-05-04
2674,788,1,Slow Charging,2026-02-27
2675,42,2,Payment Failure,2026-01-03
2676,1280,5,Slow Charging,2025-06-08
2677,1686,2,Port Not Working,2026-04-05
2678,1692,1,Slow Charging,2025-06-25
2679,1532,4,Slow Charging,2026-03-10
2680,1916,2,Payment Failure,2025-06-23
2681,1115,5,Slow Charging,2025-12-10
2682,627,4,No Complaint,2026-03-24
2683,1687,5,No Complaint,2026-04-28
2684,881,5,No Complaint,2025-09-05
2685,436,5,No Complaint,2025-05-17
2686,98,1,Slow Charging,2025-06-15
2687,133,2,Slow Charging,2025-09-28
2688,242,3,No Complaint,2025-09-26
2689,1653,2,Poor App Experience,2025-09-09
2690,727,2,Poor App Experience,2025-08-24
2691,941,1,Slow Charging,2025-08-22
2692,1551,5,No Complaint,2025-10-05
2693,660,1,Slow Charging,2025-06-26
2694,1879,3,Slow Charging,2025-07-20
2695,1804,1,Payment Failure,2026-04-27
2696,231,4,No Complaint,2026-01-30
2697,1949,3,Slow Charging,2025-12-10
2698,521,1,Payment Failure,2025-11-24
2699,1306,3,No Complaint,2025-10-30
2700,809,2,Port Not Working,2025-09-27
2701,1831,1,Long Wait Time,2025-07-09
2702,937,4,No Complaint,2025-08-02
2703,13,2,Slow Charging,2026-03-11
2704,749,4,No Complaint,2025-06-08
2705,1879,3,No Complaint,2025-05-30
2706,289,2,Long Wait Time,2025-10-09
2707,386,4,No Complaint,2026-02-23
2708,810,4,No Complaint,2025-07-23
2709,507,3,No Complaint,2025-09-17
2710,1152,2,Payment Failure,2025-05-09
2711,1519,4,Slow Charging,2025-10-17
2712,946,2,Payment Failure,2025-12-27
2713,1654,1,Long Wait Time,2025-12-14
2714,143,1,Port Not Working,2026-02-11
2715,1510,1,Port Not Working,2025-08-03
2716,925,5,No Complaint,2026-01-15
2717,1149,3,No Complaint,2026-01-05
2718,868,4,Slow Charging,2025-11-12
2719,1131,1,Payment Failure,2026-04-12
2720,417,4,Slow Charging,2025-10-21
2721,1349,1,Payment Failure,2026-03-19
2722,242,4,No Complaint,2025-07-03
2723,910,1,Payment Failure,2025-09-26
2724,1686,3,No Complaint,2025-12-13
2725,154,3,No Complaint,2025-05-17
2726,484,3,Slow Charging,2025-12-19
2727,1766,1,Long Wait Time,2026-03-19
2728,223,4,No Complaint,2025-11-23
2729,681,1,Port Not Working,2025-09-29
2730,1083,5,No Complaint,2025-05-25
2731,919,3,No Complaint,2025-10-20
2732,293,4,Slow Charging,2025-08-13
2733,1887,5,No Complaint,2025-08-15
2734,1001,5,Slow Charging,2025-11-08
2735,1281,3,Slow Charging,2026-04-23
2736,196,3,No Complaint,2025-06-24
2737,1474,2,Slow Charging,2025-10-01
2738,1247,3,No Complaint,2026-04-05
2739,1410,3,Slow Charging,2025-05-26
2740,120,5,No Complaint,2025-05-19
2741,576,5,No Complaint,2025-09-27
2742,604,4,No Complaint,2025-11-08
2743,580,3,Slow Charging,2025-11-13
2744,14,4,Slow Charging,2026-04-16
2745,1334,5,No Complaint,2025-10-01
2746,500,4,Slow Charging,2025-05-06
2747,354,4,No Complaint,2026-05-01
2748,923,1,Payment Failure,2026-03-29
2749,342,1,Payment Failure,2026-02-09
2750,926,4,Slow Charging,2025-07-11
2751,1484,4,No Complaint,2025-07-19
2752,1854,1,Slow Charging,2025-11-12
2753,143,4,Slow Charging,2025-09-13
2754,406,4,No Complaint,2025-07-21
2755,1029,1,Port Not Working,2025-05-24
2756,1143,5,Slow Charging,2025-07-26
2757,1221,1,Slow Charging,2025-07-04
2758,1639,5,No Complaint,2026-04-21
2759,1048,1,Port Not Working,2025-05-17
2760,868,3,No Complaint,2026-01-26
2761,934,4,No Complaint,2025-10-11
2762,43,2,Long Wait Time,2025-08-31
2763,179,4,Slow Charging,2026-02-06
2764,1032,2,Long Wait Time,2026-04-21
2765,505,1,Slow Charging,2026-02-07
2766,234,2,Payment Failure,2026-05-02
2767,584,2,Payment Failure,2025-09-15
2768,10,5,No Complaint,2026-02-07
2769,492,1,Slow Charging,2026-02-23
2770,1548,3,Slow Charging,2025-08-30
2771,389,3,Slow Charging,2026-02-10
2772,205,4,Slow Charging,2025-10-31
2773,1195,5,No Complaint,2025-08-29
2774,1662,5,No Complaint,2025-12-20
2775,969,4,No Complaint,2025-10-09
2776,846,3,Slow Charging,2026-02-11
2777,1775,4,No Complaint,2026-02-19
2778,1439,5,Slow Charging,2025-10-05
2779,1709,3,No Complaint,2025-12-18
2780,750,1,Slow Charging,2025-12-24
2781,498,1,Poor App Experience,2025-06-26
2782,1638,4,No Complaint,2025-05-09
2783,218,1,Poor App Experience,2025-07-18
2784,835,1,Long Wait Time,2025-06-24
2785,1629,3,No Complaint,2025-12-18
2786,1847,4,No Complaint,2026-02-01
2787,859,3,No Complaint,2025-07-20
2788,617,2,Poor App Experience,2025-07-05
2789,216,1,Port Not Working,2025-08-13
2790,421,4,Slow Charging,2026-02-16
2791,1809,2,Poor App Experience,2026-01-02
2792,1767,2,Poor App Experience,2026-04-25
2793,912,4,No Complaint,2025-10-01
2794,1681,3,Slow Charging,2026-01-28
2795,1876,4,No Complaint,2025-09-10
2796,1862,5,Slow Charging,2026-03-05
2797,33,3,No Complaint,2026-04-08
2798,227,4,Slow Charging,2025-05-05
2799,1443,3,Slow Charging,2025-12-17
2800,163,5,Slow Charging,2026-04-12
2801,1387,5,Slow Charging,2025-08-16
2802,325,1,Port Not Working,2025-05-30
2803,1840,1,Payment Failure,2025-05-19
2804,1606,2,Poor App Experience,2026-01-04
2805,1381,2,Poor App Experience,2025-05-11
2806,1621,2,Slow Charging,2025-07-28
2807,1920,1,Payment Failure,2025-09-15
2808,591,1,Long Wait Time,2025-11-01
2809,917,4,Slow Charging,2025-06-28
2810,1570,1,Payment Failure,2026-05-02
2811,294,4,No Complaint,2026-03-25
2812,1780,2,Long Wait Time,2026-03-05
2813,1470,4,No Complaint,2025-10-18
2814,1884,4,No Complaint,2025-06-30
2815,1399,3,No Complaint,2026-04-06
2816,697,3,No Complaint,2025-05-07
2817,1362,1,Payment Failure,2025-10-20
2818,786,4,No Complaint,2025-08-15
2819,75,3,No Complaint,2026-04-05
2820,108,3,No Complaint,2025-09-12
2821,948,3,Slow Charging,2026-01-29
2822,774,2,Slow Charging,2025-07-10
2823,627,3,No Complaint,2025-09-27
2824,3,5,No Complaint,2025-07-14
2825,1156,5,No Complaint,2025-12-18
2826,1683,1,Port Not Working,2025-09-14
2827,166,4,No Complaint,2026-03-07
2828,1827,3,Slow Charging,2025-08-27
2829,409,4,No Complaint,2025-10-30
2830,236,3,No Complaint,2025-11-25
2831,1344,5,No Complaint,2026-03-09
2832,554,2,Slow Charging,2025-07-29
2833,636,5,Slow Charging,2026-04-10
2834,243,3,Slow Charging,2025-11-16
2835,1380,5,No Complaint,2025-10-08
2836,943,2,Port Not Working,2025-08-04
2837,1768,1,Long Wait Time,2025-09-19
2838,712,2,Long Wait Time,2025-12-16
2839,889,1,Port Not Working,2025-09-20
2840,1943,4,Slow Charging,2025-12-21
2841,488,5,No Complaint,2025-07-22
2842,160,3,No Complaint,2025-07-04
2843,408,2,Payment Failure,2025-11-07
2844,721,2,Port Not Working,2026-04-10
2845,456,5,No Complaint,2025-09-26
2846,1364,3,No Complaint,2025-06-08
2847,583,5,Slow Charging,2025-07-05
2848,1032,1,Slow Charging,2025-10-26
2849,1576,1,Poor App Experience,2025-11-13
2850,1994,4,Slow Charging,2025-08-10
2851,643,4,Slow Charging,2026-03-13
2852,1356,1,Payment Failure,2025-10-23
2853,1375,3,No Complaint,2025-08-23
2854,641,5,Slow Charging,2025-05-29
2855,442,2,Poor App Experience,2025-11-20
2856,1645,5,No Complaint,2026-03-10
2857,1317,4,No Complaint,2026-03-03
2858,1306,4,No Complaint,2026-02-10
2859,1669,5,Slow Charging,2025-08-09
2860,864,4,No Complaint,2026-04-01
2861,521,4,Slow Charging,2026-03-12
2862,1156,2,Slow Charging,2025-08-11
2863,1161,3,Slow Charging,2026-01-29
2864,781,3,Slow Charging,2025-06-17
2865,289,3,No Complaint,2025-09-30
2866,618,2,Long Wait Time,2025-10-30
2867,1786,3,Slow Charging,2025-07-03
2868,1917,1,Poor App Experience,2025-10-07
2869,367,1,Port Not Working,2026-03-20
2870,1057,2,Payment Failure,2025-05-26
2871,1503,1,Slow Charging,2025-09-21
2872,1005,5,Slow Charging,2025-09-20
2873,1028,2,Port Not Working,2025-07-07
2874,833,1,Poor App Experience,2025-06-06
2875,1398,2,Slow Charging,2026-04-20
2876,1170,4,No Complaint,2025-07-04
2877,1230,3,No Complaint,2025-06-22
2878,649,1,Port Not Working,2025-06-06
2879,530,4,Slow Charging,2025-11-24
2880,420,1,Long Wait Time,2025-08-22
2881,274,4,No Complaint,2025-06-04
2882,1603,2,Long Wait Time,2026-02-21
2883,1477,4,Slow Charging,2026-02-15
2884,824,2,Slow Charging,2025-06-19
2885,1847,1,Port Not Working,2025-07-23
2886,376,4,No Complaint,2025-10-20
2887,1232,4,No Complaint,2026-04-08
2888,1951,3,Slow Charging,2026-04-12
2889,1652,3,No Complaint,2025-09-23
2890,476,2,Payment Failure,2026-03-03
2891,1189,2,Port Not Working,2025-11-21
2892,1545,5,No Complaint,2026-01-28
2893,75,3,No Complaint,2025-05-16
2894,1967,5,Slow Charging,2025-08-23
2895,1227,1,Port Not Working,2025-07-03
2896,1878,3,No Complaint,2025-10-03
2897,307,5,No Complaint,2025-12-01
2898,939,2,Long Wait Time,2025-07-18
2899,702,3,No Complaint,2025-08-26
2900,410,5,Slow Charging,2025-10-28
2901,199,1,Payment Failure,2026-03-19
2902,60,2,Slow Charging,2025-06-30
2903,1882,4,No Complaint,2025-11-11
2904,121,5,No Complaint,2025-10-16
2905,1100,4,Slow Charging,2025-12-15
2906,1771,1,Payment Failure,2026-03-07
2907,160,5,No Complaint,2026-01-02
2908,772,5,No Complaint,2026-02-26
2909,1638,5,No Complaint,2026-04-29
2910,276,4,No Complaint,2026-01-24
2911,913,3,Slow Charging,2025-12-02
2912,1760,3,No Complaint,2026-04-29
2913,1881,3,No Complaint,2025-06-10
2914,518,3,No Complaint,2025-09-06
2915,1026,5,No Complaint,2025-11-27
2916,397,4,No Complaint,2026-01-14
2917,1470,1,Port Not Working,2026-03-30
2918,1854,3,Slow Charging,2025-06-16
2919,748,5,Slow Charging,2026-04-04
2920,698,5,No Complaint,2025-10-08
2921,250,2,Port Not Working,2026-03-28
2922,1090,1,Slow Charging,2025-09-05
2923,1128,4,No Complaint,2026-01-12
2924,800,4,No Complaint,2025-07-02
2925,712,3,No Complaint,2025-11-22
2926,1258,4,Slow Charging,2026-01-15
2927,1763,1,Slow Charging,2025-08-23
2928,1623,1,Long Wait Time,2026-01-04
2929,501,3,No Complaint,2025-06-22
2930,581,1,Port Not Working,2025-06-04
2931,1687,1,Long Wait Time,2025-05-06
2932,1830,4,Slow Charging,2025-07-17
2933,1053,4,No Complaint,2025-05-31
2934,596,5,No Complaint,2026-04-24
2935,1965,5,No Complaint,2026-03-30
2936,1406,4,No Complaint,2025-11-02
2937,2,1,Poor App Experience,2026-03-01
2938,562,1,Port Not Working,2025-09-14
2939,1308,5,Slow Charging,2026-05-03
2940,385,2,Poor App Experience,2025-09-12
2941,917,4,Slow Charging,2025-10-12
2942,970,5,No Complaint,2026-04-11
2943,531,1,Poor App Experience,2025-09-14
2944,1841,4,No Complaint,2025-12-17
2945,913,4,Slow Charging,2025-06-20
2946,1731,4,Slow Charging,2025-09-26
2947,608,1,Long Wait Time,2026-01-10
2948,1376,2,Payment Failure,2025-06-21
2949,1507,2,Port Not Working,2025-11-26
2950,766,4,Slow Charging,2026-02-01
2951,1866,5,Slow Charging,2026-03-25
2952,1504,3,No Complaint,2025-10-09
2953,1442,3,Slow Charging,2025-12-21
2954,957,1,Long Wait Time,2025-06-22
2955,460,3,No Complaint,2025-07-30
2956,1666,1,Slow Charging,2026-03-15
2957,1129,2,Long Wait Time,2025-05-15
2958,64,1,Payment Failure,2025-05-14
2959,574,1,Poor App Experience,2025-08-10
2960,823,1,Poor App Experience,2026-02-20
2961,294,3,No Complaint,2026-03-26
2962,1203,2,Payment Failure,2025-10-06
2963,706,4,No Complaint,2025-08-24
2964,860,2,Poor App Experience,2025-08-25
2965,1654,2,Payment Failure,2025-06-19
2966,1007,5,Slow Charging,2026-02-17
2967,1639,3,No Complaint,2026-03-27
2968,1988,5,No Complaint,2025-08-01
2969,1061,5,No Complaint,2025-11-17
2970,314,4,No Complaint,2025-08-03
2971,1610,4,No Complaint,2025-11-22
2972,1567,3,No Complaint,2025-12-06
2973,304,4,No Complaint,2025-10-06
2974,978,3,No Complaint,2025-09-20
2975,64,1,Payment Failure,2025-06-12
2976,1733,5,No Complaint,2025-08-22
2977,834,5,Slow Charging,2025-09-21
2978,1396,4,No Complaint,2025-10-18
2979,1741,1,Poor App Experience,2025-09-24
2980,1195,5,No Complaint,2026-03-14
2981,663,1,Long Wait Time,2026-04-12
2982,1684,3,No Complaint,2025-10-18
2983,1509,1,Long Wait Time,2025-06-12
2984,211,3,No Complaint,2025-12-13
2985,1412,3,No Complaint,2025-08-15
2986,121,3,Slow Charging,2026-02-11
2987,1957,2,Long Wait Time,2026-01-07
2988,1290,1,Port Not Working,2025-09-25
2989,1696,3,No Complaint,2025-11-02
2990,205,3,Slow Charging,2025-10-29
2991,1625,4,No Complaint,2026-03-11
2992,702,1,Slow Charging,2025-06-05
2993,1225,5,No Complaint,2026-02-08
2994,1972,5,No Complaint,2025-11-12
2995,1807,3,Slow Charging,2025-08-29
2996,1303,4,No Complaint,2026-01-10
2997,1083,2,Port Not Working,2025-11-12
2998,1415,1,Long Wait Time,2025-10-25
2999,593,1,Long Wait Time,2025-05-09
3000,700,1,Payment Failure,2025-11-27
3001,1841,1,Port Not Working,2025-09-10
3002,122,3,Slow Charging,2026-02-09
3003,1599,4,No Complaint,2025-10-04
3004,723,4,No Complaint,2025-07-31
3005,586,1,Long Wait Time,2025-09-17
3006,1229,1,Long Wait Time,2025-09-12
3007,1705,1,Poor App Experience,2025-08-28
3008,1868,3,Slow Charging,2025-11-28
3009,1273,3,No Complaint,2026-03-24
3010,444,2,Long Wait Time,2025-12-28
3011,647,5,Slow Charging,2025-07-03
3012,164,3,No Complaint,2025-10-22
3013,1224,4,Slow Charging,2026-04-23
3014,844,3,No Complaint,2026-03-13
3015,453,3,No Complaint,2026-03-25
3016,306,2,Slow Charging,2025-08-25
3017,400,4,No Complaint,2025-08-29
3018,248,4,Slow Charging,2026-03-10
3019,1996,5,No Complaint,2026-02-19
3020,1693,2,Payment Failure,2025-07-01
3021,1498,1,Slow Charging,2025-08-21
3022,811,2,Port Not Working,2025-11-15
3023,1106,3,No Complaint,2025-09-13
3024,585,2,Port Not Working,2025-07-30
3025,511,5,No Complaint,2025-08-25
3026,1708,1,Slow Charging,2026-03-25
3027,446,2,Payment Failure,2026-04-27
3028,1184,1,Payment Failure,2025-09-10
3029,641,4,Slow Charging,2025-07-11
3030,609,4,Slow Charging,2025-11-08
3031,1455,3,Slow Charging,2026-02-17
3032,268,1,Slow Charging,2025-06-25
3033,1815,2,Long Wait Time,2025-06-04
3034,81,4,No Complaint,2025-11-25
3035,303,5,No Complaint,2026-05-05
3036,733,3,No Complaint,2025-07-08
3037,1919,5,Slow Charging,2025-07-13
3038,579,2,Poor App Experience,2025-05-11
3039,1444,5,Slow Charging,2025-08-25
3040,1242,1,Payment Failure,2025-11-23
3041,1474,1,Port Not Working,2025-08-20
3042,267,1,Poor App Experience,2026-01-20
3043,318,5,Slow Charging,2025-12-16
3044,1992,2,Long Wait Time,2026-03-04
3045,814,3,No Complaint,2025-05-26
3046,566,3,Slow Charging,2026-02-16
3047,1564,4,Slow Charging,2026-02-06
3048,137,4,No Complaint,2025-07-10
3049,164,4,No Complaint,2025-06-10
3050,1703,3,No Complaint,2025-05-08
3051,1281,1,Poor App Experience,2026-01-23
3052,993,5,Slow Charging,2025-10-06
3053,1912,5,No Complaint,2025-07-07
3054,1859,3,No Complaint,2025-08-29
3055,1042,1,Poor App Experience,2025-10-29
3056,375,3,No Complaint,2026-02-21
3057,592,3,No Complaint,2025-12-09
3058,609,3,No Complaint,2026-03-29
3059,1045,2,Port Not Working,2025-05-15
3060,1001,1,Long Wait Time,2025-07-05
3061,422,1,Poor App Experience,2025-10-07
3062,1814,5,No Complaint,2025-06-07
3063,1543,5,No Complaint,2025-10-03
3064,1634,1,Long Wait Time,2025-08-04
3065,19,3,Slow Charging,2025-11-12
3066,400,5,No Complaint,2025-05-20
3067,1516,2,Long Wait Time,2025-08-03
3068,948,4,No Complaint,2026-04-30
3069,588,3,No Complaint,2025-10-19
3070,757,4,Slow Charging,2025-11-12
3071,28,3,No Complaint,2026-04-23
3072,1336,4,No Complaint,2025-08-16
3073,402,5,No Complaint,2026-01-19
3074,1585,1,Payment Failure,2025-10-09
3075,892,3,No Complaint,2026-03-20
3076,110,1,Long Wait Time,2026-03-22
3077,727,2,Slow Charging,2025-12-13
3078,608,1,Payment Failure,2025-10-06
3079,1109,4,No Complaint,2026-02-26
3080,462,3,No Complaint,2026-02-08
3081,1237,2,Port Not Working,2025-07-10
3082,129,4,Slow Charging,2025-09-02
3083,1368,4,Slow Charging,2025-12-02
3084,354,5,No Complaint,2025-10-22
3085,1052,5,No Complaint,2025-12-14
3086,369,4,No Complaint,2026-04-13
3087,1329,4,No Complaint,2025-05-28
3088,1731,3,No Complaint,2025-12-26
3089,778,1,Long Wait Time,2026-04-03
3090,1815,2,Poor App Experience,2025-11-22
3091,1682,3,No Complaint,2025-11-17
3092,1859,4,No Complaint,2025-11-17
3093,164,3,No Complaint,2026-03-15
3094,966,2,Slow Charging,2026-04-22
3095,422,3,No Complaint,2025-12-28
3096,1081,1,Poor App Experience,2025-09-26
3097,49,4,No Complaint,2025-10-20
3098,212,4,No Complaint,2026-01-23
3099,1398,3,No Complaint,2025-10-17
3100,1538,4,No Complaint,2025-07-15
3101,1109,5,No Complaint,2025-06-03
3102,826,3,No Complaint,2026-01-28
3103,1556,5,No Complaint,2025-05-15
3104,921,3,No Complaint,2025-10-24
3105,738,1,Port Not Working,2026-02-23
3106,191,2,Port Not Working,2025-11-01
3107,1983,3,No Complaint,2026-04-19
3108,901,2,Long Wait Time,2025-06-05
3109,1744,5,Slow Charging,2026-05-04
3110,1686,2,Port Not Working,2026-03-20
3111,945,2,Long Wait Time,2025-09-22
3112,1467,2,Slow Charging,2025-05-28
3113,40,1,Port Not Working,2025-11-07
3114,518,3,No Complaint,2026-03-10
3115,1608,2,Long Wait Time,2026-01-08
3116,1632,2,Port Not Working,2025-11-30
3117,1295,2,Payment Failure,2026-03-16
3118,1673,5,No Complaint,2026-03-16
3119,47,1,Port Not Working,2026-03-16
3120,674,5,Slow Charging,2025-11-04
3121,1946,1,Poor App Experience,2025-12-23
3122,165,3,Slow Charging,2026-01-06
3123,1561,2,Long Wait Time,2026-02-09
3124,251,1,Slow Charging,2025-05-12
3125,427,3,No Complaint,2025-07-11
3126,227,5,No Complaint,2025-10-18
3127,726,4,No Complaint,2026-01-20
3128,1703,2,Poor App Experience,2025-12-30
3129,414,1,Poor App Experience,2026-01-30
3130,1656,1,Slow Charging,2026-02-09
3131,902,2,Slow Charging,2026-02-17
3132,839,4,Slow Charging,2026-01-17
3133,1613,3,No Complaint,2026-04-10
3134,1394,2,Poor App Experience,2025-09-30
3135,13,1,Slow Charging,2025-08-11
3136,1322,5,Slow Charging,2025-08-01
3137,1377,2,Slow Charging,2025-08-30
3138,996,4,No Complaint,2025-11-23
3139,747,1,Slow Charging,2025-08-06
3140,14,3,Slow Charging,2026-01-22
3141,1938,4,No Complaint,2025-06-02
3142,1215,5,Slow Charging,2025-06-21
3143,1271,2,Long Wait Time,2026-01-29
3144,122,4,No Complaint,2025-08-20
3145,60,4,No Complaint,2026-01-04
3146,1390,1,Payment Failure,2025-09-15
3147,1945,1,Long Wait Time,2025-07-07
3148,1341,3,Slow Charging,2026-01-08
3149,744,2,Poor App Experience,2025-09-17
3150,860,2,Poor App Experience,2026-03-29
3151,544,5,No Complaint,2025-09-16
3152,1848,1,Slow Charging,2026-02-02
3153,52,2,Port Not Working,2026-02-03
3154,1559,3,No Complaint,2025-08-09
3155,898,5,No Complaint,2025-09-28
3156,1820,5,Slow Charging,2026-02-07
3157,1833,2,Long Wait Time,2026-04-17
3158,425,2,Slow Charging,2025-06-22
3159,99,1,Long Wait Time,2026-02-25
3160,1044,5,No Complaint,2025-10-11
3161,1141,4,Slow Charging,2025-11-29
3162,1445,1,Slow Charging,2026-03-06
3163,798,5,No Complaint,2026-01-21
3164,800,3,Slow Charging,2025-05-20
3165,1193,2,Payment Failure,2025-08-22
3166,1188,4,No Complaint,2026-02-12
3167,1694,2,Long Wait Time,2026-05-05
3168,1843,2,Slow Charging,2026-01-01
3169,1211,4,Slow Charging,2025-06-01
3170,990,2,Poor App Experience,2025-06-08
3171,1197,3,No Complaint,2025-06-06
3172,817,5,Slow Charging,2025-09-11
3173,1535,3,No Complaint,2025-09-13
3174,1324,1,Payment Failure,2025-11-02
3175,1240,5,No Complaint,2026-01-13
3176,1548,4,No Complaint,2025-08-17
3177,1524,4,Slow Charging,2025-11-15
3178,1691,2,Slow Charging,2026-01-24
3179,1940,4,No Complaint,2026-02-10
3180,1019,1,Long Wait Time,2025-09-13
3181,500,5,No Complaint,2025-05-19
3182,1582,3,No Complaint,2025-07-21
3183,1101,2,Port Not Working,2026-04-16
3184,1096,1,Payment Failure,2025-06-17
3185,917,5,No Complaint,2025-05-28
3186,1573,2,Poor App Experience,2025-05-21
3187,1496,2,Long Wait Time,2025-10-22
3188,1028,2,Slow Charging,2026-01-16
3189,436,4,Slow Charging,2026-03-22
3190,1629,3,No Complaint,2025-10-08
3191,1321,2,Long Wait Time,2026-02-22
3192,1986,3,Slow Charging,2025-09-29
3193,864,2,Payment Failure,2025-06-13
3194,619,2,Payment Failure,2025-09-20
3195,377,2,Long Wait Time,2025-06-16
3196,1877,1,Port Not Working,2025-08-05
3197,1202,5,No Complaint,2026-01-23
3198,1197,1,Port Not Working,2025-09-05
3199,1367,2,Poor App Experience,2026-01-01
3200,1990,4,Slow Charging,2025-06-27
3201,1419,1,Port Not Working,2025-07-09
3202,1914,5,Slow Charging,2025-11-04
3203,942,2,Poor App Experience,2025-05-18
3204,1783,1,Long Wait Time,2025-11-30
3205,355,4,No Complaint,2026-04-30
3206,1252,3,Slow Charging,2025-10-14
3207,1846,4,No Complaint,2025-09-13
3208,1230,1,Payment Failure,2025-10-22
3209,1891,2,Port Not Working,2026-03-06
3210,336,1,Payment Failure,2025-10-14
3211,1236,3,No Complaint,2025-10-18
3212,1048,3,Slow Charging,2026-04-11
3213,1011,4,Slow Charging,2025-12-13
3214,1479,3,No Complaint,2025-09-28
3215,814,5,No Complaint,2025-05-24
3216,512,2,Slow Charging,2025-05-24
3217,1432,1,Poor App Experience,2026-01-04
3218,492,2,Slow Charging,2026-04-17
3219,1608,5,No Complaint,2025-08-15
3220,789,3,No Complaint,2026-02-07
3221,1959,1,Poor App Experience,2025-05-27
3222,1854,2,Port Not Working,2026-03-01
3223,1763,2,Slow Charging,2025-10-14
3224,1991,5,No Complaint,2025-05-31
3225,651,1,Long Wait Time,2025-06-21
3226,101,3,Slow Charging,2026-03-26
3227,725,4,No Complaint,2026-04-25
3228,1728,2,Long Wait Time,2025-05-26
3229,854,1,Poor App Experience,2025-12-17
3230,1344,1,Slow Charging,2025-06-27
3231,625,2,Long Wait Time,2025-12-23
3232,823,3,Slow Charging,2025-12-12
3233,579,3,No Complaint,2025-12-24
3234,1982,5,Slow Charging,2025-12-16
3235,1773,5,Slow Charging,2025-07-24
3236,69,4,Slow Charging,2025-07-01
3237,341,4,No Complaint,2025-06-27
3238,330,2,Port Not Working,2026-04-07
3239,505,1,Payment Failure,2025-09-29
3240,1993,5,Slow Charging,2026-02-04
3241,183,1,Payment Failure,2025-09-13
3242,569,2,Long Wait Time,2026-04-05
3243,862,3,No Complaint,2025-10-09
3244,567,4,No Complaint,2026-01-20
3245,1374,3,No Complaint,2025-07-23
3246,100,4,No Complaint,2025-12-03
3247,45,1,Poor App Experience,2025-10-11
3248,1970,3,No Complaint,2025-09-15
3249,534,5,No Complaint,2025-08-03
3250,1280,3,Slow Charging,2026-03-18
3251,314,3,No Complaint,2025-12-22
3252,374,5,No Complaint,2025-11-22
3253,667,2,Long Wait Time,2025-10-29
3254,1245,5,Slow Charging,2026-03-25
3255,1380,5,No Complaint,2025-07-18
3256,616,2,Slow Charging,2026-03-26
3257,529,2,Poor App Experience,2025-10-05
3258,431,5,No Complaint,2025-08-20
3259,859,5,No Complaint,2025-09-22
3260,850,4,No Complaint,2026-05-04
3261,1755,1,Long Wait Time,2025-11-23
3262,1271,1,Port Not Working,2026-01-13
3263,1486,3,Slow Charging,2025-08-20
3264,1261,3,No Complaint,2026-04-19
3265,531,5,No Complaint,2025-07-01
3266,183,5,Slow Charging,2025-05-13
3267,1260,3,No Complaint,2026-04-21
3268,1633,3,No Complaint,2026-03-01
3269,1762,1,Poor App Experience,2025-12-17
3270,379,3,No Complaint,2026-04-09
3271,1734,1,Port Not Working,2025-07-10
3272,547,5,Slow Charging,2026-03-09
3273,1446,1,Slow Charging,2025-12-03
3274,819,4,Slow Charging,2026-01-16
3275,829,4,Slow Charging,2025-05-15
3276,463,3,No Complaint,2025-06-04
3277,671,5,Slow Charging,2026-03-10
3278,79,2,Poor App Experience,2025-10-20
3279,1733,3,No Complaint,2025-12-31
3280,437,2,Payment Failure,2025-10-27
3281,692,2,Port Not Working,2025-12-02
3282,383,5,Slow Charging,2025-06-30
3283,1037,4,No Complaint,2025-09-24
3284,1900,5,No Complaint,2025-07-14
3285,1590,3,No Complaint,2025-11-21
3286,728,5,Slow Charging,2025-10-09
3287,342,1,Long Wait Time,2025-11-06
3288,1268,5,Slow Charging,2025-05-10
3289,916,1,Port Not Working,2025-10-15
3290,1884,4,No Complaint,2025-06-27
3291,1868,5,No Complaint,2025-06-06
3292,1313,5,No Complaint,2026-02-19
3293,299,4,Slow Charging,2026-03-08
3294,763,4,No Complaint,2025-10-30
3295,906,5,No Complaint,2025-09-22
3296,1059,3,No Complaint,2025-09-25
3297,1721,1,Payment Failure,2026-05-01
3298,891,5,Slow Charging,2026-02-03
3299,681,5,No Complaint,2025-11-14
3300,8,1,Slow Charging,2026-01-29
3301,1284,5,No Complaint,2025-10-13
3302,170,2,Port Not Working,2025-07-18
3303,489,2,Poor App Experience,2025-06-26
3304,79,4,Slow Charging,2025-12-30
3305,308,1,Long Wait Time,2026-01-20
3306,1483,4,No Complaint,2026-02-06
3307,1608,4,No Complaint,2025-05-22
3308,1216,4,Slow Charging,2026-01-29
3309,1409,2,Payment Failure,2025-06-14
3310,584,5,Slow Charging,2026-03-21
3311,187,3,Slow Charging,2025-08-05
3312,948,3,No Complaint,2026-01-25
3313,1222,2,Payment Failure,2025-09-12
3314,1192,5,No Complaint,2026-04-08
3315,224,3,Slow Charging,2025-09-11
3316,275,5,No Complaint,2026-03-07
3317,292,5,Slow Charging,2025-12-09
3318,1847,5,Slow Charging,2025-09-25
3319,1748,3,Slow Charging,2025-10-17
3320,1949,1,Slow Charging,2026-02-08
3321,1499,4,No Complaint,2025-06-26
3322,106,5,No Complaint,2025-05-21
3323,1518,4,Slow Charging,2025-10-10
3324,919,1,Port Not Working,2025-08-18
3325,949,5,No Complaint,2025-10-21
3326,1267,1,Slow Charging,2026-01-07
3327,790,2,Poor App Experience,2025-05-13
3328,1484,5,No Complaint,2026-01-23
3329,1990,4,No Complaint,2026-03-20
3330,300,1,Slow Charging,2025-08-21
3331,464,2,Port Not Working,2025-09-20
3332,1875,5,No Complaint,2025-07-24
3333,429,2,Long Wait Time,2025-12-12
3334,1887,1,Port Not Working,2026-05-05
3335,1488,3,No Complaint,2025-06-13
3336,976,3,Slow Charging,2025-12-05
3337,1828,1,Slow Charging,2025-05-12
3338,84,4,No Complaint,2026-01-12
3339,76,4,Slow Charging,2025-09-19
3340,1071,2,Poor App Experience,2025-11-03
3341,1135,1,Port Not Working,2025-10-06
3342,1965,1,Slow Charging,2025-11-08
3343,52,1,Port Not Working,2025-11-11
3344,1195,3,Slow Charging,2026-04-11
3345,1624,1,Long Wait Time,2026-03-24
3346,1565,5,Slow Charging,2025-11-26
3347,1948,5,No Complaint,2025-12-23
3348,108,4,No Complaint,2025-06-30
3349,1982,1,Slow Charging,2025-10-07
3350,1734,5,Slow Charging,2026-03-22
3351,778,1,Payment Failure,2025-08-29
3352,1763,5,No Complaint,2026-03-15
3353,572,3,No Complaint,2025-12-12
3354,1660,4,No Complaint,2026-02-27
3355,646,1,Slow Charging,2025-09-26
3356,1209,1,Slow Charging,2025-11-15
3357,1243,3,Slow Charging,2025-09-17
3358,1533,2,Port Not Working,2025-09-15
3359,1123,3,No Complaint,2025-09-04
3360,312,1,Port Not Working,2025-10-22
3361,890,1,Slow Charging,2026-03-04
3362,1804,5,Slow Charging,2026-01-04
3363,1723,2,Port Not Working,2026-03-29
3364,987,1,Payment Failure,2025-11-14
3365,44,1,Payment Failure,2025-08-22
3366,347,4,Slow Charging,2025-12-26
3367,247,3,No Complaint,2025-07-28
3368,507,1,Slow Charging,2026-03-01
3369,951,3,No Complaint,2026-04-16
3370,1175,2,Payment Failure,2025-05-30
3371,1638,3,No Complaint,2026-04-28
3372,1554,2,Payment Failure,2025-06-23
3373,1950,3,Slow Charging,2025-07-28
3374,796,2,Port Not Working,2025-08-26
3375,1479,2,Long Wait Time,2025-11-15
3376,115,2,Long Wait Time,2025-11-27
3377,1308,5,No Complaint,2026-02-16
3378,96,3,No Complaint,2025-05-23
3379,1198,3,Slow Charging,2025-10-14
3380,811,1,Port Not Working,2025-08-22
3381,1353,3,No Complaint,2025-08-19
3382,141,5,No Complaint,2025-08-01
3383,901,4,No Complaint,2026-02-02
3384,286,3,Slow Charging,2026-03-31
3385,875,2,Long Wait Time,2025-07-25
3386,1931,3,Slow Charging,2026-02-09
3387,942,4,No Complaint,2026-03-14
3388,878,1,Slow Charging,2026-01-03
3389,1600,1,Long Wait Time,2026-02-16
3390,91,4,Slow Charging,2025-05-30
3391,1636,3,No Complaint,2025-07-04
3392,843,3,No Complaint,2025-09-15
3393,1847,5,Slow Charging,2026-01-06
3394,783,3,Slow Charging,2026-01-31
3395,742,5,No Complaint,2025-08-14
3396,1380,3,Slow Charging,2026-03-25
3397,690,4,No Complaint,2026-04-07
3398,667,3,No Complaint,2025-08-11
3399,641,2,Long Wait Time,2025-06-11
3400,882,2,Poor App Experience,2025-08-04
3401,952,2,Port Not Working,2025-11-30
3402,445,2,Payment Failure,2026-03-15
3403,1727,5,Slow Charging,2026-05-04
3404,134,2,Poor App Experience,2026-03-06
3405,1744,3,No Complaint,2025-12-03
3406,1077,5,No Complaint,2025-08-21
3407,289,3,No Complaint,2025-08-12
3408,464,4,No Complaint,2025-12-07
3409,1496,5,No Complaint,2026-02-17
3410,882,5,Slow Charging,2025-07-06
3411,1847,5,Slow Charging,2026-02-23
3412,471,3,Slow Charging,2025-08-29
3413,998,5,No Complaint,2026-02-11
3414,1462,3,No Complaint,2025-09-18
3415,1410,2,Payment Failure,2025-07-23
3416,1679,3,No Complaint,2026-02-03
3417,1444,5,No Complaint,2025-07-05
3418,1668,1,Long Wait Time,2025-05-29
3419,446,2,Payment Failure,2025-12-22
3420,1766,2,Payment Failure,2025-09-06
3421,899,3,No Complaint,2025-12-14
3422,1092,4,Slow Charging,2025-10-24
3423,658,2,Slow Charging,2025-12-24
3424,813,1,Port Not Working,2026-04-16
3425,982,1,Port Not Working,2026-01-30
3426,877,2,Poor App Experience,2025-07-04
3427,393,4,No Complaint,2026-03-16
3428,1093,4,Slow Charging,2025-12-09
3429,1444,4,Slow Charging,2025-10-20
3430,1849,5,Slow Charging,2025-11-29
3431,217,4,No Complaint,2026-02-23
3432,935,5,Slow Charging,2025-10-13
3433,380,1,Slow Charging,2026-02-19
3434,1338,1,Poor App Experience,2025-06-10
3435,1582,2,Slow Charging,2025-06-27
3436,1001,2,Port Not Working,2025-09-30
3437,332,4,No Complaint,2026-02-06
3438,824,4,Slow Charging,2025-08-31
3439,457,4,No Complaint,2026-03-26
3440,1739,2,Slow Charging,2026-01-16
3441,1739,2,Poor App Experience,2026-04-28
3442,691,1,Port Not Working,2026-03-30
3443,240,4,Slow Charging,2025-09-06
3444,1567,5,Slow Charging,2026-04-25
3445,726,1,Poor App Experience,2025-06-06
3446,913,3,No Complaint,2026-01-10
3447,906,3,No Complaint,2026-02-02
3448,1237,4,Slow Charging,2025-07-07
3449,1522,4,No Complaint,2026-03-02
3450,212,5,No Complaint,2026-03-11
3451,357,4,Slow Charging,2025-07-08
3452,1252,1,Long Wait Time,2025-06-15
3453,1483,5,No Complaint,2025-08-27
3454,1822,1,Poor App Experience,2025-10-12
3455,1759,2,Payment Failure,2025-06-22
3456,1889,3,No Complaint,2025-08-19
3457,1275,1,Payment Failure,2025-09-08
3458,995,4,Slow Charging,2026-04-14
3459,1175,1,Poor App Experience,2025-09-12
3460,1411,2,Port Not Working,2025-06-04
3461,1649,1,Port Not Working,2025-09-02
3462,338,2,Slow Charging,2026-03-31
3463,110,4,Slow Charging,2025-07-21
3464,828,1,Slow Charging,2025-07-29
3465,896,1,Port Not Working,2025-06-09
3466,440,5,No Complaint,2025-06-05
3467,370,3,No Complaint,2026-04-06
3468,126,5,No Complaint,2025-05-18
3469,532,4,Slow Charging,2025-05-09
3470,60,4,No Complaint,2025-09-27
3471,1648,1,Payment Failure,2026-03-07
3472,816,3,No Complaint,2026-03-07
3473,972,4,No Complaint,2025-09-15
3474,1872,2,Poor App Experience,2026-01-05
3475,1099,5,Slow Charging,2026-02-01
3476,1052,4,No Complaint,2026-02-03
3477,1208,2,Long Wait Time,2026-04-06
3478,1901,5,No Complaint,2025-06-01
3479,1341,4,No Complaint,2026-01-26
3480,191,3,Slow Charging,2026-03-25
3481,34,4,No Complaint,2025-09-02
3482,1920,4,Slow Charging,2025-08-27
3483,803,4,No Complaint,2025-05-30
3484,1101,4,No Complaint,2026-04-02
3485,754,3,No Complaint,2025-05-19
3486,183,1,Port Not Working,2025-06-23
3487,350,3,No Complaint,2025-08-17
3488,144,2,Payment Failure,2025-07-05
3489,1366,3,Slow Charging,2025-05-18
3490,1321,5,No Complaint,2025-12-11
3491,1609,1,Poor App Experience,2026-04-12
3492,1790,1,Payment Failure,2025-11-09
3493,1697,2,Poor App Experience,2026-01-16
3494,87,1,Payment Failure,2026-03-14
3495,1496,1,Payment Failure,2025-09-01
3496,216,3,No Complaint,2026-01-19
3497,1606,5,No Complaint,2025-09-22
3498,1940,4,No Complaint,2025-12-03
3499,704,5,No Complaint,2025-05-07
3500,1576,1,Poor App Experience,2025-11-07
3501,1902,2,Port Not Working,2025-05-12
3502,1609,1,Long Wait Time,2026-04-15
3503,1051,4,No Complaint,2026-04-23
3504,1041,4,Slow Charging,2025-08-09
3505,432,5,No Complaint,2025-08-30
3506,1236,2,Port Not Working,2025-11-19
3507,831,2,Long Wait Time,2026-02-16
3508,54,2,Poor App Experience,2025-09-11
3509,1199,4,No Complaint,2025-08-03
3510,1902,4,Slow Charging,2025-06-22
3511,1224,4,No Complaint,2026-02-06
3512,769,1,Long Wait Time,2025-07-15
3513,1382,3,No Complaint,2025-09-01
3514,1825,5,Slow Charging,2025-05-24
3515,1064,3,No Complaint,2025-10-28
3516,1215,2,Slow Charging,2025-09-29
3517,1201,4,No Complaint,2026-03-23
3518,1777,1,Port Not Working,2025-07-05
3519,1042,2,Poor App Experience,2025-07-07
3520,1053,5,Slow Charging,2025-08-06
3521,653,4,No Complaint,2026-01-11
3522,816,2,Port Not Working,2025-10-21
3523,927,5,No Complaint,2025-09-20
3524,543,2,Payment Failure,2026-04-19
3525,1650,5,Slow Charging,2026-02-04
3526,1744,4,No Complaint,2026-03-10
3527,581,5,No Complaint,2025-09-14
3528,1628,2,Payment Failure,2025-07-26
3529,292,3,No Complaint,2026-03-23
3530,1614,3,Slow Charging,2026-05-01
3531,1387,3,No Complaint,2025-10-26
3532,316,5,Slow Charging,2025-09-15
3533,2000,5,No Complaint,2025-10-28
3534,1744,2,Slow Charging,2026-02-18
3535,822,5,No Complaint,2026-01-23
3536,1822,3,Slow Charging,2025-11-01
3537,1139,4,No Complaint,2025-10-04
3538,59,2,Payment Failure,2026-04-02
3539,541,5,No Complaint,2025-05-06
3540,1048,1,Payment Failure,2026-04-06
3541,430,3,Slow Charging,2025-07-30
3542,800,5,No Complaint,2025-08-05
3543,680,4,No Complaint,2025-05-23
3544,1298,3,Slow Charging,2025-08-28
3545,1490,2,Port Not Working,2025-10-10
3546,1877,5,No Complaint,2026-02-03
3547,1848,5,No Complaint,2025-12-23
3548,731,3,Slow Charging,2026-03-03
3549,1522,1,Port Not Working,2026-02-07
3550,257,1,Port Not Working,2025-06-21
3551,1597,4,Slow Charging,2025-06-03
3552,998,3,No Complaint,2026-02-20
3553,1171,3,No Complaint,2025-09-15
3554,977,1,Payment Failure,2026-01-31
3555,732,5,Slow Charging,2025-07-05
3556,1968,5,Slow Charging,2025-06-16
3557,1975,3,No Complaint,2025-10-29
3558,1860,5,No Complaint,2026-02-20
3559,1259,2,Payment Failure,2026-03-20
3560,331,4,No Complaint,2026-01-16
3561,785,4,Slow Charging,2025-12-01
3562,1292,1,Poor App Experience,2025-09-10
3563,397,1,Slow Charging,2026-03-16
3564,682,5,No Complaint,2025-11-15
3565,1592,1,Poor App Experience,2025-12-14
3566,644,2,Slow Charging,2026-01-02
3567,341,1,Payment Failure,2025-07-17
3568,1567,3,Slow Charging,2026-02-28
3569,1545,3,Slow Charging,2026-01-24
3570,1494,2,Poor App Experience,2025-11-07
3571,394,4,Slow Charging,2025-07-17
3572,140,3,No Complaint,2025-05-26
3573,1496,5,No Complaint,2025-09-08
3574,1655,2,Payment Failure,2025-12-06
3575,914,5,No Complaint,2025-10-21
3576,486,3,No Complaint,2026-03-01
3577,712,5,Slow Charging,2026-03-27
3578,1988,4,Slow Charging,2025-06-09
3579,1392,3,No Complaint,2026-02-04
3580,1414,1,Poor App Experience,2025-09-11
3581,1886,2,Payment Failure,2025-08-10
3582,873,3,Slow Charging,2025-06-15
3583,1663,3,Slow Charging,2025-12-29
3584,276,2,Poor App Experience,2025-09-03
3585,929,4,Slow Charging,2026-01-26
3586,407,5,No Complaint,2025-10-10
3587,144,4,Slow Charging,2025-11-01
3588,557,2,Long Wait Time,2025-11-14
3589,269,2,Payment Failure,2025-12-03
3590,349,1,Payment Failure,2026-01-13
3591,1551,3,Slow Charging,2025-10-21
3592,931,2,Poor App Experience,2025-11-05
3593,534,4,Slow Charging,2025-12-24
3594,1251,5,No Complaint,2026-01-23
3595,1801,1,Long Wait Time,2026-04-23
3596,1378,1,Port Not Working,2025-08-16
3597,303,1,Slow Charging,2025-08-06
3598,1935,2,Poor App Experience,2025-05-20
3599,1145,4,Slow Charging,2026-02-06
3600,1585,5,No Complaint,2026-01-22
3601,664,1,Payment Failure,2026-04-17
3602,878,4,Slow Charging,2026-02-03
3603,379,2,Payment Failure,2025-08-05
3604,1297,5,No Complaint,2025-11-02
3605,1296,3,No Complaint,2026-01-28
3606,1529,4,No Complaint,2025-08-31
3607,1748,4,Slow Charging,2026-03-04
3608,1328,3,No Complaint,2025-10-20
3609,1258,1,Long Wait Time,2025-09-03
3610,1989,2,Poor App Experience,2025-07-05
3611,526,3,Slow Charging,2026-05-04
3612,913,1,Payment Failure,2025-08-18
3613,729,4,Slow Charging,2026-01-27
3614,347,1,Payment Failure,2025-10-02
3615,787,3,No Complaint,2026-01-02
3616,1059,2,Poor App Experience,2026-01-31
3617,736,3,No Complaint,2025-05-28
3618,364,2,Long Wait Time,2026-02-10
3619,986,1,Port Not Working,2026-01-31
3620,1772,2,Poor App Experience,2025-11-30
3621,1817,1,Payment Failure,2025-06-08
3622,928,4,No Complaint,2026-04-29
3623,1330,4,Slow Charging,2025-07-13
3624,113,2,Poor App Experience,2025-05-17
3625,428,1,Poor App Experience,2025-06-07
3626,1524,5,No Complaint,2026-01-06
3627,466,3,No Complaint,2026-02-13
3628,197,5,No Complaint,2025-05-26
3629,1281,1,Slow Charging,2025-07-02
3630,107,3,Slow Charging,2026-04-02
3631,1619,2,Slow Charging,2025-05-11
3632,1227,3,No Complaint,2025-06-30
3633,138,1,Port Not Working,2025-07-01
3634,1442,5,Slow Charging,2025-09-22
3635,259,4,No Complaint,2025-10-28
3636,1340,2,Payment Failure,2025-08-19
3637,459,2,Long Wait Time,2026-04-17
3638,985,2,Port Not Working,2025-08-09
3639,501,5,Slow Charging,2025-05-09
3640,1378,2,Poor App Experience,2025-12-12
3641,795,5,No Complaint,2026-04-12
3642,268,4,No Complaint,2026-02-27
3643,1072,4,Slow Charging,2026-01-14
3644,1285,1,Long Wait Time,2025-08-24
3645,1339,5,No Complaint,2025-09-07
3646,1427,3,Slow Charging,2025-07-10
3647,1127,2,Slow Charging,2026-01-13
3648,676,2,Slow Charging,2025-11-22
3649,1335,3,No Complaint,2026-03-05
3650,630,3,No Complaint,2025-10-28
3651,858,3,Slow Charging,2025-05-15
3652,760,5,No Complaint,2026-04-25
3653,766,5,No Complaint,2025-10-23
3654,124,3,No Complaint,2025-09-04
3655,1504,2,Slow Charging,2025-12-06
3656,1133,4,No Complaint,2025-10-26
3657,1745,5,No Complaint,2026-01-05
3658,1745,5,No Complaint,2026-03-24
3659,256,4,No Complaint,2025-12-30
3660,202,2,Long Wait Time,2025-10-30
3661,614,3,No Complaint,2026-02-20
3662,1793,3,No Complaint,2026-01-04
3663,1914,1,Payment Failure,2025-05-19
3664,854,5,Slow Charging,2025-05-11
3665,1906,5,Slow Charging,2025-08-10
3666,455,1,Port Not Working,2025-11-09
3667,811,4,No Complaint,2026-05-05
3668,522,1,Payment Failure,2025-06-25
3669,111,5,Slow Charging,2025-08-11
3670,1189,4,No Complaint,2025-06-29
3671,1873,2,Port Not Working,2026-02-26
3672,1714,5,No Complaint,2026-01-19
3673,436,1,Long Wait Time,2026-01-10
3674,684,1,Long Wait Time,2025-09-16
3675,883,4,No Complaint,2025-05-23
3676,1241,5,Slow Charging,2025-09-24
3677,1156,3,No Complaint,2026-03-02
3678,1606,1,Poor App Experience,2026-02-03
3679,1149,3,No Complaint,2026-04-22
3680,613,4,No Complaint,2025-07-27
3681,579,5,Slow Charging,2025-09-09
3682,1064,4,No Complaint,2026-02-24
3683,298,4,Slow Charging,2026-02-03
3684,1007,1,Poor App Experience,2025-10-13
3685,1405,3,No Complaint,2026-03-13
3686,1542,1,Port Not Working,2025-07-21
3687,14,3,No Complaint,2025-09-05
3688,602,2,Slow Charging,2025-05-31
3689,708,3,Slow Charging,2026-04-29
3690,1015,2,Port Not Working,2025-07-13
3691,28,1,Slow Charging,2025-05-15
3692,1539,3,Slow Charging,2025-09-26
3693,223,4,No Complaint,2025-10-24
3694,1532,5,Slow Charging,2025-07-10
3695,751,1,Long Wait Time,2026-02-20
3696,1860,3,No Complaint,2025-07-28
3697,601,2,Slow Charging,2025-12-25
3698,404,1,Slow Charging,2025-08-11
3699,104,1,Payment Failure,2025-07-06
3700,971,2,Slow Charging,2025-08-15
3701,1361,4,No Complaint,2026-04-12
3702,1626,3,Slow Charging,2025-05-25
3703,1959,4,No Complaint,2025-08-11
3704,1980,4,No Complaint,2026-04-06
3705,1243,2,Poor App Experience,2025-10-15
3706,43,4,Slow Charging,2025-05-17
3707,399,1,Long Wait Time,2025-07-15
3708,769,2,Long Wait Time,2026-02-25
3709,156,4,No Complaint,2026-01-27
3710,956,4,Slow Charging,2026-04-01
3711,1613,1,Slow Charging,2025-12-08
3712,102,2,Poor App Experience,2026-04-20
3713,583,3,Slow Charging,2026-02-01
3714,1727,2,Payment Failure,2025-11-11
3715,864,1,Port Not Working,2026-04-02
3716,351,1,Port Not Working,2026-04-14
3717,1272,5,Slow Charging,2026-02-10
3718,724,5,Slow Charging,2026-01-18
3719,1562,3,No Complaint,2026-03-15
3720,1001,3,No Complaint,2025-12-31
3721,1085,3,No Complaint,2025-09-06
3722,1688,2,Payment Failure,2026-01-16
3723,1327,5,No Complaint,2026-03-13
3724,978,2,Port Not Working,2026-01-30
3725,411,5,Slow Charging,2025-10-14
3726,515,3,Slow Charging,2025-05-26
3727,1811,2,Slow Charging,2026-03-31
3728,825,2,Slow Charging,2026-03-02
3729,1924,2,Payment Failure,2025-06-03
3730,105,5,Slow Charging,2025-05-17
3731,1687,1,Long Wait Time,2025-06-06
3732,60,1,Poor App Experience,2025-06-20
3733,1142,5,No Complaint,2025-08-23
3734,834,4,Slow Charging,2026-04-30
3735,952,1,Payment Failure,2026-01-25
3736,374,2,Slow Charging,2025-06-01
3737,1371,2,Long Wait Time,2025-12-21
3738,1374,4,Slow Charging,2026-02-10
3739,1893,2,Slow Charging,2026-01-21
3740,766,5,Slow Charging,2025-07-27
3741,216,2,Payment Failure,2025-10-07
3742,1624,1,Slow Charging,2025-07-18
3743,1792,3,Slow Charging,2025-10-29
3744,1957,3,No Complaint,2026-03-24
3745,220,3,No Complaint,2025-09-08
3746,419,3,No Complaint,2025-10-29
3747,1359,1,Port Not Working,2025-06-22
3748,61,2,Long Wait Time,2026-03-07
3749,1716,2,Slow Charging,2026-02-26
3750,112,5,No Complaint,2025-05-30
3751,497,4,No Complaint,2025-07-25
3752,1351,4,Slow Charging,2026-04-11
3753,765,4,No Complaint,2025-07-20
3754,1556,3,No Complaint,2026-03-29
3755,1498,3,No Complaint,2025-11-08
3756,354,4,No Complaint,2025-12-16
3757,819,1,Slow Charging,2026-04-30
3758,1928,5,Slow Charging,2026-01-14
3759,971,5,No Complaint,2026-02-22
3760,1712,3,No Complaint,2025-11-26
3761,1898,5,No Complaint,2026-01-14
3762,1197,2,Poor App Experience,2026-01-28
3763,1477,5,No Complaint,2025-12-21
3764,267,2,Long Wait Time,2026-03-11
3765,330,5,No Complaint,2025-08-16
3766,353,1,Slow Charging,2025-07-06
3767,1442,4,No Complaint,2025-09-03
3768,1486,1,Long Wait Time,2025-08-25
3769,1910,1,Port Not Working,2026-03-24
3770,1053,4,No Complaint,2025-06-08
3771,906,5,No Complaint,2026-03-06
3772,1403,5,Slow Charging,2026-04-09
3773,1968,2,Long Wait Time,2026-01-13
3774,1632,5,No Complaint,2026-03-07
3775,725,3,No Complaint,2025-07-23
3776,1137,1,Port Not Working,2025-11-27
3777,1614,4,No Complaint,2026-01-09
3778,1086,2,Long Wait Time,2025-10-07
3779,1446,3,Slow Charging,2026-02-24
3780,1377,3,No Complaint,2025-09-17
3781,1406,1,Long Wait Time,2026-01-09
3782,1909,4,No Complaint,2026-01-06
3783,1904,5,No Complaint,2026-03-29
3784,1270,1,Poor App Experience,2026-01-06
3785,324,1,Port Not Working,2026-04-23
3786,1888,4,Slow Charging,2025-07-24
3787,1502,1,Poor App Experience,2025-06-02
3788,1651,1,Poor App Experience,2025-12-29
3789,700,3,No Complaint,2025-08-12
3790,841,5,No Complaint,2026-04-19
3791,1496,2,Long Wait Time,2025-08-24
3792,877,5,Slow Charging,2025-08-29
3793,1174,3,No Complaint,2026-03-22
3794,1746,4,No Complaint,2025-10-02
3795,1567,3,No Complaint,2025-12-11
3796,488,3,No Complaint,2025-10-14
3797,1971,3,Slow Charging,2025-11-18
3798,1532,5,Slow Charging,2025-10-29
3799,733,2,Payment Failure,2026-01-03
3800,727,3,Slow Charging,2025-10-01
3801,1774,5,No Complaint,2025-12-22
3802,1706,2,Poor App Experience,2025-06-17
3803,188,5,No Complaint,2026-04-06
3804,1003,4,Slow Charging,2025-12-23
3805,1803,2,Slow Charging,2025-12-25
3806,64,2,Payment Failure,2026-04-28
3807,939,2,Poor App Experience,2025-05-30
3808,739,5,Slow Charging,2025-08-27
3809,871,4,No Complaint,2025-06-02
3810,642,2,Port Not Working,2025-06-05
3811,665,5,Slow Charging,2026-01-09
3812,554,2,Slow Charging,2025-10-09
3813,1130,4,No Complaint,2025-08-19
3814,1012,5,No Complaint,2025-11-24
3815,1556,4,Slow Charging,2025-12-27
3816,833,1,Slow Charging,2025-11-28
3817,465,1,Port Not Working,2025-07-03
3818,1456,4,Slow Charging,2026-03-17
3819,523,4,No Complaint,2025-10-20
3820,659,1,Slow Charging,2025-12-24
3821,939,4,Slow Charging,2026-02-17
3822,275,3,Slow Charging,2025-05-22
3823,286,5,No Complaint,2025-08-01
3824,1570,5,Slow Charging,2025-10-30
3825,598,2,Long Wait Time,2025-06-16
3826,167,2,Long Wait Time,2026-04-30
3827,1800,2,Long Wait Time,2025-08-08
3828,1581,1,Slow Charging,2026-04-02
3829,746,1,Payment Failure,2025-09-27
3830,239,1,Long Wait Time,2026-01-19
3831,1597,4,Slow Charging,2025-06-08
3832,283,5,No Complaint,2025-09-19
3833,880,3,Slow Charging,2025-12-18
3834,556,4,Slow Charging,2026-03-26
3835,980,1,Poor App Experience,2025-11-29
3836,1236,3,No Complaint,2026-01-06
3837,1659,3,Slow Charging,2026-04-22
3838,1719,5,Slow Charging,2026-01-30
3839,575,1,Port Not Working,2025-07-11
3840,1064,1,Port Not Working,2025-08-16
3841,20,3,Slow Charging,2025-05-16
3842,1221,4,Slow Charging,2026-03-08
3843,485,5,No Complaint,2026-02-26
3844,1203,3,Slow Charging,2026-03-30
3845,1751,3,Slow Charging,2026-04-19
3846,727,4,Slow Charging,2026-04-03
3847,1382,5,No Complaint,2025-12-24
3848,1689,2,Slow Charging,2025-07-24
3849,142,3,No Complaint,2025-10-27
3850,895,1,Payment Failure,2026-01-30
3851,972,2,Port Not Working,2026-04-13
3852,1119,2,Long Wait Time,2025-11-27
3853,1328,1,Port Not Working,2025-12-16
3854,1120,5,No Complaint,2025-10-24
3855,757,2,Payment Failure,2025-05-23
3856,161,2,Poor App Experience,2025-07-06
3857,884,1,Port Not Working,2026-01-18
3858,364,4,No Complaint,2025-06-23
3859,1769,5,No Complaint,2025-11-29
3860,251,4,No Complaint,2025-11-11
3861,1783,2,Slow Charging,2026-04-07
3862,1427,1,Poor App Experience,2025-07-13
3863,1774,4,No Complaint,2025-10-31
3864,1968,3,Slow Charging,2025-10-10
3865,313,4,Slow Charging,2026-01-22
3866,1265,1,Slow Charging,2026-01-14
3867,180,3,Slow Charging,2025-09-10
3868,1713,4,No Complaint,2025-05-09
3869,1220,2,Poor App Experience,2026-01-31
3870,1364,5,Slow Charging,2025-12-21
3871,1746,5,Slow Charging,2026-03-21
3872,1317,1,Payment Failure,2026-02-23
3873,693,2,Long Wait Time,2025-12-13
3874,1481,2,Payment Failure,2026-04-07
3875,230,4,No Complaint,2026-01-12
3876,309,5,No Complaint,2026-04-19
3877,643,5,No Complaint,2025-11-06
3878,1281,2,Payment Failure,2026-02-25
3879,1258,4,No Complaint,2025-12-07
3880,1628,1,Poor App Experience,2025-06-15
3881,1079,5,No Complaint,2026-04-16
3882,1144,4,No Complaint,2025-12-25
3883,398,2,Port Not Working,2026-03-05
3884,844,3,Slow Charging,2025-11-14
3885,356,2,Slow Charging,2025-11-21
3886,66,4,No Complaint,2025-06-15
3887,961,1,Slow Charging,2025-09-23
3888,249,1,Slow Charging,2025-09-15
3889,1536,3,No Complaint,2025-05-25
3890,1564,2,Payment Failure,2025-10-20
3891,1514,1,Long Wait Time,2025-10-04
3892,91,1,Long Wait Time,2025-07-08
3893,1581,5,No Complaint,2025-06-29
3894,424,1,Payment Failure,2026-04-13
3895,1645,4,No Complaint,2025-12-10
3896,1369,5,Slow Charging,2025-11-02
3897,1909,4,Slow Charging,2026-04-29
3898,263,1,Port Not Working,2025-11-30
3899,1857,5,No Complaint,2026-02-14
3900,439,5,Slow Charging,2025-09-29
3901,1338,2,Slow Charging,2025-11-16
3902,512,5,Slow Charging,2025-07-31
3903,861,4,No Complaint,2026-04-13
3904,348,1,Slow Charging,2026-01-04
3905,110,1,Port Not Working,2025-09-05
3906,150,4,No Complaint,2025-06-18
3907,133,5,No Complaint,2025-08-10
3908,1445,4,No Complaint,2025-05-06
3909,375,4,No Complaint,2025-05-30
3910,900,5,No Complaint,2025-06-02
3911,1014,5,No Complaint,2025-10-16
3912,819,3,No Complaint,2025-10-30
3913,809,2,Port Not Working,2025-11-22
3914,410,2,Port Not Working,2025-10-15
3915,1975,2,Payment Failure,2025-10-30
3916,290,3,No Complaint,2026-04-08
3917,136,3,No Complaint,2025-11-19
3918,137,5,Slow Charging,2026-03-23
3919,1455,3,Slow Charging,2025-12-06
3920,18,5,No Complaint,2026-04-02
3921,691,5,Slow Charging,2025-07-14
3922,1535,4,Slow Charging,2025-09-29
3923,782,5,Slow Charging,2025-11-19
3924,1711,1,Payment Failure,2025-06-25
3925,1632,3,No Complaint,2025-11-20
3926,1914,2,Payment Failure,2026-01-09
3927,663,1,Slow Charging,2026-01-18
3928,1791,5,No Complaint,2025-08-23
3929,812,1,Port Not Working,2026-01-10
3930,1217,4,No Complaint,2025-06-09
3931,1069,5,Slow Charging,2026-03-23
3932,1804,5,Slow Charging,2025-10-03
3933,526,4,Slow Charging,2025-11-12
3934,674,2,Port Not Working,2025-08-01
3935,1384,5,No Complaint,2026-04-12
3936,1300,4,No Complaint,2025-12-18
3937,623,2,Slow Charging,2026-05-05
3938,809,3,Slow Charging,2026-05-04
3939,943,2,Slow Charging,2026-01-07
3940,794,5,No Complaint,2025-05-16
3941,1431,1,Poor App Experience,2025-07-29
3942,719,4,No Complaint,2025-11-26
3943,1075,4,No Complaint,2025-07-31
3944,1187,1,Long Wait Time,2025-06-25
3945,621,1,Slow Charging,2026-04-11
3946,294,2,Payment Failure,2025-11-28
3947,860,5,No Complaint,2026-01-13
3948,193,3,No Complaint,2025-11-10
3949,1031,2,Long Wait Time,2025-07-08
3950,231,5,No Complaint,2025-10-26
3951,179,5,No Complaint,2026-04-14
3952,1570,4,No Complaint,2026-02-25
3953,1693,2,Long Wait Time,2025-07-23
3954,1239,1,Long Wait Time,2025-10-20
3955,1104,1,Poor App Experience,2025-12-09
3956,1380,4,Slow Charging,2025-11-04
3957,1631,5,No Complaint,2025-08-11
3958,325,5,No Complaint,2025-09-27
3959,1250,5,No Complaint,2026-02-25
3960,925,5,No Complaint,2025-07-23
3961,233,5,Slow Charging,2025-12-19
3962,1790,1,Long Wait Time,2025-07-04
3963,757,1,Slow Charging,2025-05-09
3964,537,2,Long Wait Time,2025-11-13
3965,984,5,No Complaint,2025-08-15
3966,1021,4,Slow Charging,2025-06-14
3967,988,2,Poor App Experience,2025-05-18
3968,598,1,Port Not Working,2025-05-28
3969,1626,4,Slow Charging,2026-03-11
3970,1276,5,No Complaint,2025-06-07
3971,291,4,No Complaint,2025-08-09
3972,1796,2,Slow Charging,2026-03-10
3973,340,3,No Complaint,2025-09-30
3974,398,5,No Complaint,2025-05-14
3975,1337,5,No Complaint,2025-07-01
3976,1635,1,Slow Charging,2025-09-09
3977,329,2,Poor App Experience,2026-03-29
3978,609,5,No Complaint,2025-10-21
3979,950,5,No Complaint,2026-04-08
3980,1954,2,Slow Charging,2025-05-22
3981,825,1,Long Wait Time,2026-02-18
3982,1685,1,Long Wait Time,2025-07-22
3983,320,5,No Complaint,2025-11-08
3984,1194,1,Payment Failure,2026-04-30
3985,69,3,Slow Charging,2026-04-14
3986,891,3,Slow Charging,2025-11-27
3987,1337,5,No Complaint,2025-11-28
3988,776,5,No Complaint,2025-12-26
3989,1562,2,Poor App Experience,2025-12-06
3990,1344,2,Poor App Experience,2025-05-15
3991,220,4,No Complaint,2025-09-19
3992,526,4,No Complaint,2026-04-04
3993,827,5,Slow Charging,2025-07-06
3994,331,5,No Complaint,2026-02-27
3995,878,5,No Complaint,2026-01-14
3996,1104,3,Slow Charging,2026-04-26
3997,370,2,Poor App Experience,2025-12-02
3998,1915,1,Long Wait Time,2025-07-18
3999,1968,2,Payment Failure,2026-03-13
4000,1290,5,No Complaint,2026-01-15
4001,397,4,No Complaint,2025-05-15
4002,1003,4,No Complaint,2026-04-30
4003,1562,1,Payment Failure,2025-08-13
4004,1426,5,No Complaint,2025-12-19
4005,1409,5,No Complaint,2025-11-10
4006,1254,5,No Complaint,2025-08-10
4007,929,5,No Complaint,2025-09-26
4008,701,5,No Complaint,2025-11-20
4009,836,1,Long Wait Time,2025-07-26
4010,1236,5,No Complaint,2025-11-21
4011,1987,2,Slow Charging,2026-02-27
4012,660,4,No Complaint,2026-03-31
4013,1950,5,No Complaint,2025-09-24
4014,896,4,No Complaint,2025-10-26
4015,1328,4,Slow Charging,2026-05-02
4016,844,4,No Complaint,2025-07-16
4017,791,2,Payment Failure,2025-09-30
4018,1791,2,Port Not Working,2026-03-21
4019,730,4,Slow Charging,2025-12-01
4020,1774,4,Slow Charging,2025-05-26
4021,756,1,Port Not Working,2025-10-28
4022,1634,4,No Complaint,2026-04-17
4023,45,3,Slow Charging,2025-07-14
4024,1313,2,Poor App Experience,2025-10-08
4025,95,2,Payment Failure,2025-05-31
4026,66,2,Long Wait Time,2025-06-27
4027,1576,1,Poor App Experience,2026-04-10
4028,1486,2,Slow Charging,2025-11-22
4029,309,4,No Complaint,2026-03-22
4030,1173,4,No Complaint,2025-11-28
4031,1795,1,Poor App Experience,2025-12-15
4032,997,1,Payment Failure,2025-10-19
4033,697,2,Port Not Working,2025-08-30
4034,1413,2,Long Wait Time,2025-10-28
4035,706,2,Port Not Working,2025-10-25
4036,428,2,Payment Failure,2026-05-02
4037,420,5,No Complaint,2025-12-14
4038,1979,3,No Complaint,2025-10-07
4039,519,5,Slow Charging,2026-03-13
4040,825,1,Long Wait Time,2025-07-10
4041,1104,3,Slow Charging,2026-03-02
4042,690,4,No Complaint,2026-02-07
4043,1573,5,No Complaint,2025-10-12
4044,1147,2,Payment Failure,2025-08-31
4045,1884,1,Payment Failure,2025-09-05
4046,1393,5,No Complaint,2025-06-04
4047,1301,5,Slow Charging,2025-10-18
4048,421,2,Payment Failure,2026-04-30
4049,1740,4,Slow Charging,2025-09-26
4050,1414,4,No Complaint,2026-01-24
4051,90,5,No Complaint,2025-05-24
4052,322,4,No Complaint,2025-09-14
4053,1016,2,Port Not Working,2025-08-12
4054,219,1,Slow Charging,2026-02-15
4055,1859,1,Slow Charging,2025-12-22
4056,624,1,Port Not Working,2025-10-04
4057,1602,2,Slow Charging,2025-09-15
4058,701,1,Long Wait Time,2025-07-04
4059,1444,4,Slow Charging,2025-11-21
4060,1595,1,Long Wait Time,2026-04-10
4061,818,4,No Complaint,2025-12-11
4062,558,3,No Complaint,2026-01-21
4063,193,3,No Complaint,2025-06-21
4064,145,2,Payment Failure,2025-11-05
4065,1604,4,No Complaint,2026-03-27
4066,570,5,Slow Charging,2025-05-14
4067,768,1,Port Not Working,2026-04-17
4068,1640,1,Slow Charging,2025-06-16
4069,1116,2,Port Not Working,2026-04-03
4070,249,2,Long Wait Time,2026-03-11
4071,700,4,Slow Charging,2025-06-03
4072,1917,2,Slow Charging,2025-08-15
4073,1450,3,Slow Charging,2026-01-19
4074,1455,5,Slow Charging,2026-03-15
4075,350,2,Poor App Experience,2025-07-21
4076,1190,2,Long Wait Time,2025-06-17
4077,332,1,Slow Charging,2025-08-13
4078,1512,3,No Complaint,2025-06-20
4079,338,1,Port Not Working,2025-11-27
4080,210,1,Slow Charging,2025-09-10
4081,1126,5,No Complaint,2025-09-07
4082,1323,3,No Complaint,2025-11-23
4083,3,2,Port Not Working,2026-05-01
4084,1207,2,Long Wait Time,2025-08-25
4085,701,3,No Complaint,2025-07-18
4086,1429,4,No Complaint,2025-05-23
4087,1793,4,No Complaint,2026-02-08
4088,1776,5,Slow Charging,2025-10-17
4089,1563,1,Payment Failure,2026-03-11
4090,232,2,Slow Charging,2025-11-01
4091,298,4,Slow Charging,2025-11-27
4092,903,1,Port Not Working,2025-05-16
4093,337,5,No Complaint,2025-11-15
4094,510,4,No Complaint,2025-07-06
4095,803,2,Long Wait Time,2025-06-09
4096,613,1,Slow Charging,2025-12-28
4097,337,1,Poor App Experience,2025-06-05
4098,392,4,No Complaint,2026-03-10
4099,930,2,Poor App Experience,2025-12-03
4100,66,3,No Complaint,2025-10-26
4101,1843,2,Long Wait Time,2026-05-01
4102,485,3,No Complaint,2026-02-10
4103,755,1,Long Wait Time,2025-12-16
4104,609,5,No Complaint,2026-05-05
4105,1138,5,No Complaint,2025-07-18
4106,1307,4,Slow Charging,2026-02-19
4107,408,4,No Complaint,2026-02-20
4108,438,5,No Complaint,2025-08-05
4109,145,2,Port Not Working,2026-01-26
4110,691,3,No Complaint,2026-02-08
4111,352,1,Poor App Experience,2026-01-03
4112,1828,3,No Complaint,2025-10-18
4113,1912,1,Poor App Experience,2025-12-24
4114,1835,2,Payment Failure,2025-10-08
4115,303,3,No Complaint,2026-01-26
4116,1336,5,No Complaint,2025-07-27
4117,1739,5,No Complaint,2025-11-03
4118,968,5,Slow Charging,2025-11-13
4119,697,1,Poor App Experience,2025-10-22
4120,429,2,Port Not Working,2025-09-28
4121,378,4,Slow Charging,2026-05-01
4122,363,4,No Complaint,2025-09-24
4123,1152,2,Payment Failure,2026-02-23
4124,1181,3,No Complaint,2026-04-04
4125,1840,4,No Complaint,2025-09-14
4126,319,3,No Complaint,2025-08-19
4127,1086,5,Slow Charging,2025-11-09
4128,676,2,Payment Failure,2025-12-28
4129,1292,4,No Complaint,2025-05-11
4130,914,5,Slow Charging,2025-10-13
4131,844,3,No Complaint,2025-07-13
4132,1076,3,No Complaint,2026-01-14
4133,429,4,Slow Charging,2025-10-31
4134,414,5,No Complaint,2025-06-14
4135,981,2,Payment Failure,2025-05-30
4136,1882,4,No Complaint,2025-08-24
4137,464,1,Payment Failure,2026-04-23
4138,1047,3,No Complaint,2025-05-22
4139,762,2,Slow Charging,2025-08-19
4140,1075,1,Port Not Working,2026-01-14
4141,1383,5,No Complaint,2025-05-20
4142,1380,3,No Complaint,2025-06-27
4143,1705,3,No Complaint,2025-07-07
4144,1574,5,Slow Charging,2026-03-19
4145,919,4,No Complaint,2026-02-28
4146,16,3,Slow Charging,2025-10-19
4147,666,5,Slow Charging,2026-01-02
4148,1255,3,No Complaint,2025-07-14
4149,921,5,No Complaint,2025-11-18
4150,1849,1,Port Not Working,2025-09-05
4151,1444,5,No Complaint,2025-07-20
4152,371,3,No Complaint,2026-03-23
4153,1311,1,Port Not Working,2025-11-30
4154,236,1,Poor App Experience,2025-12-12
4155,1606,1,Port Not Working,2026-04-11
4156,1847,4,Slow Charging,2026-03-02
4157,1531,5,No Complaint,2025-08-17
4158,1708,3,Slow Charging,2026-01-13
4159,1497,4,No Complaint,2026-04-19
4160,667,4,Slow Charging,2026-01-19
4161,1051,5,Slow Charging,2026-01-08
4162,620,5,Slow Charging,2025-11-27
4163,154,5,No Complaint,2026-03-01
4164,764,3,No Complaint,2025-08-30
4165,910,5,No Complaint,2026-04-16
4166,60,1,Payment Failure,2025-10-14
4167,1366,5,Slow Charging,2025-12-11
4168,565,2,Port Not Working,2025-06-19
4169,1264,2,Port Not Working,2025-11-30
4170,1467,1,Slow Charging,2025-11-23
4171,641,3,Slow Charging,2025-10-15
4172,720,3,No Complaint,2025-06-28
4173,241,1,Port Not Working,2026-04-08
4174,1717,2,Poor App Experience,2025-08-11
4175,58,3,No Complaint,2026-02-04
4176,1244,1,Port Not Working,2026-05-05
4177,1883,3,No Complaint,2025-05-19
4178,1691,5,Slow Charging,2026-02-10
4179,491,5,Slow Charging,2025-10-15
4180,983,3,No Complaint,2025-08-28
4181,589,1,Slow Charging,2025-06-13
4182,719,1,Long Wait Time,2025-07-02
4183,1859,2,Poor App Experience,2025-07-20
4184,1256,2,Payment Failure,2025-12-22
4185,497,4,Slow Charging,2026-02-17
4186,99,2,Long Wait Time,2025-08-17
4187,1940,2,Port Not Working,2025-07-16
4188,1022,3,No Complaint,2025-08-04
4189,1807,2,Port Not Working,2026-01-11
4190,1745,1,Payment Failure,2026-01-22
4191,1127,4,No Complaint,2025-11-13
4192,802,1,Poor App Experience,2025-11-12
4193,1430,1,Slow Charging,2025-09-05
4194,730,1,Long Wait Time,2026-03-27
4195,1593,5,No Complaint,2026-05-01
4196,1660,2,Poor App Experience,2025-11-14
4197,601,4,No Complaint,2025-05-28
4198,1444,4,Slow Charging,2025-12-02
4199,44,2,Slow Charging,2025-09-06
4200,1504,1,Slow Charging,2026-03-07
4201,875,3,No Complaint,2025-09-05
4202,503,2,Port Not Working,2025-10-30
4203,147,2,Port Not Working,2025-10-06
4204,943,5,No Complaint,2025-11-21
4205,1601,4,Slow Charging,2025-05-16
4206,1220,1,Port Not Working,2025-07-05
4207,210,2,Port Not Working,2025-07-13
4208,1122,2,Long Wait Time,2025-11-28
4209,1610,2,Payment Failure,2025-10-12
4210,571,2,Poor App Experience,2025-09-09
4211,901,1,Slow Charging,2026-04-11
4212,55,2,Long Wait Time,2026-01-26
4213,397,4,Slow Charging,2026-01-26
4214,1569,5,No Complaint,2025-07-30
4215,1061,3,No Complaint,2025-08-16
4216,1206,1,Payment Failure,2025-06-20
4217,969,4,No Complaint,2025-11-22
4218,1366,4,No Complaint,2025-07-07
4219,1995,2,Port Not Working,2026-03-28
4220,1295,1,Long Wait Time,2026-02-13
4221,1587,2,Long Wait Time,2025-12-22
4222,1353,1,Long Wait Time,2025-05-23
4223,62,3,Slow Charging,2025-06-30
4224,1665,5,Slow Charging,2026-02-13
4225,1931,5,Slow Charging,2025-10-28
4226,1522,2,Port Not Working,2025-05-09
4227,834,2,Port Not Working,2026-04-24
4228,1727,3,No Complaint,2025-12-28
4229,1769,5,No Complaint,2026-03-13
4230,1116,3,No Complaint,2026-01-08
4231,413,3,No Complaint,2025-12-22
4232,1503,5,Slow Charging,2025-08-19
4233,891,3,No Complaint,2025-11-16
4234,934,4,No Complaint,2025-08-20
4235,432,4,No Complaint,2025-12-18
4236,467,3,No Complaint,2026-04-19
4237,747,5,No Complaint,2025-08-17
4238,1548,2,Long Wait Time,2025-11-20
4239,137,3,Slow Charging,2025-07-30
4240,65,5,Slow Charging,2025-10-19
4241,1623,3,Slow Charging,2026-01-19
4242,1054,4,No Complaint,2025-10-02
4243,50,5,No Complaint,2025-09-02
4244,69,2,Long Wait Time,2025-06-18
4245,1599,1,Long Wait Time,2026-03-31
4246,535,2,Port Not Working,2025-08-01
4247,1354,4,No Complaint,2026-04-05
4248,117,3,No Complaint,2025-05-10
4249,669,5,Slow Charging,2025-10-13
4250,81,4,No Complaint,2025-09-10
4251,381,4,Slow Charging,2025-08-18
4252,520,1,Payment Failure,2026-01-28
4253,1719,3,No Complaint,2026-03-08
4254,1243,3,No Complaint,2026-01-15
4255,217,4,No Complaint,2025-06-20
4256,981,5,No Complaint,2025-12-16
4257,1034,3,No Complaint,2026-03-24
4258,1922,4,No Complaint,2025-08-15
4259,102,2,Payment Failure,2025-12-20
4260,574,2,Poor App Experience,2025-12-29
4261,1119,3,No Complaint,2026-01-31
4262,699,1,Poor App Experience,2025-11-19
4263,138,2,Poor App Experience,2025-07-19
4264,501,2,Payment Failure,2025-08-14
4265,1911,5,Slow Charging,2025-05-08
4266,1680,2,Long Wait Time,2025-06-18
4267,219,1,Payment Failure,2025-12-20
4268,1231,1,Long Wait Time,2025-06-19
4269,1086,3,No Complaint,2026-03-12
4270,1743,2,Poor App Experience,2025-10-14
4271,1385,3,Slow Charging,2025-11-19
4272,1238,1,Poor App Experience,2025-10-29
4273,652,4,No Complaint,2025-09-25
4274,1346,2,Long Wait Time,2025-11-06
4275,336,3,Slow Charging,2025-12-02
4276,281,4,Slow Charging,2025-12-20
4277,715,1,Payment Failure,2025-12-24
4278,1209,1,Slow Charging,2026-04-09
4279,1031,4,Slow Charging,2025-09-12
4280,144,1,Long Wait Time,2026-04-20
4281,301,4,Slow Charging,2025-06-23
4282,1870,1,Poor App Experience,2026-04-30
4283,75,4,No Complaint,2025-06-30
4284,1789,4,Slow Charging,2025-06-15
4285,317,3,Slow Charging,2025-09-14
4286,925,2,Long Wait Time,2025-10-24
4287,1349,2,Payment Failure,2025-07-25
4288,262,3,No Complaint,2025-09-26
4289,1406,1,Slow Charging,2026-03-23
4290,516,2,Poor App Experience,2025-10-28
4291,1713,5,No Complaint,2025-08-17
4292,397,3,No Complaint,2025-07-12
4293,1919,1,Poor App Experience,2026-01-08
4294,563,5,Slow Charging,2025-10-28
4295,1547,5,No Complaint,2025-05-27
4296,1432,4,Slow Charging,2026-04-23
4297,135,1,Port Not Working,2025-09-20
4298,1638,4,No Complaint,2026-03-14
4299,176,1,Slow Charging,2026-03-20
4300,1477,3,No Complaint,2026-02-02
4301,420,1,Long Wait Time,2025-07-22
4302,523,5,Slow Charging,2026-04-29
4303,693,4,No Complaint,2025-06-09
4304,571,5,Slow Charging,2025-08-05
4305,821,3,No Complaint,2026-01-07
4306,1440,2,Long Wait Time,2026-04-19
4307,325,1,Payment Failure,2025-06-04
4308,1099,1,Port Not Working,2025-10-27
4309,1905,1,Long Wait Time,2025-10-20
4310,1679,4,Slow Charging,2026-02-28
4311,399,4,No Complaint,2025-10-29
4312,1580,5,No Complaint,2025-08-07
4313,461,2,Payment Failure,2026-01-05
4314,1749,3,No Complaint,2025-08-02
4315,1624,1,Long Wait Time,2025-09-27
4316,1534,1,Slow Charging,2025-12-24
4317,898,2,Payment Failure,2026-01-11
4318,103,4,Slow Charging,2026-03-23
4319,1479,3,No Complaint,2026-01-19
4320,103,2,Poor App Experience,2025-11-13
4321,1610,2,Slow Charging,2025-11-15
4322,1701,5,Slow Charging,2025-07-16
4323,1161,1,Slow Charging,2025-05-15
4324,274,2,Port Not Working,2025-05-11
4325,1115,5,Slow Charging,2026-03-21
4326,1005,1,Poor App Experience,2026-03-28
4327,341,4,No Complaint,2025-09-25
4328,1754,2,Long Wait Time,2025-05-26
4329,1903,1,Poor App Experience,2025-12-19
4330,1928,1,Payment Failure,2025-06-10
4331,1704,3,No Complaint,2026-03-13
4332,1819,5,No Complaint,2025-09-03
4333,1868,1,Port Not Working,2026-04-15
4334,558,5,Slow Charging,2025-12-30
4335,1612,5,No Complaint,2025-12-30
4336,1363,4,No Complaint,2026-02-07
4337,1692,1,Payment Failure,2026-04-08
4338,795,5,No Complaint,2026-02-01
4339,815,2,Payment Failure,2026-01-17
4340,1606,2,Port Not Working,2026-02-12
4341,522,4,No Complaint,2026-02-02
4342,619,2,Payment Failure,2025-07-26
4343,1734,4,Slow Charging,2026-02-09
4344,105,2,Slow Charging,2025-09-21
4345,966,4,No Complaint,2025-09-07
4346,276,2,Long Wait Time,2025-09-18
4347,1165,3,No Complaint,2026-02-03
4348,195,4,No Complaint,2025-09-17
4349,1830,3,No Complaint,2025-08-04
4350,801,5,No Complaint,2026-01-13
4351,1962,1,Payment Failure,2025-07-17
4352,1658,2,Port Not Working,2025-05-30
4353,1497,4,Slow Charging,2026-05-03
4354,470,1,Payment Failure,2025-09-05
4355,349,2,Poor App Experience,2026-04-12
4356,452,1,Slow Charging,2026-05-01
4357,1226,1,Long Wait Time,2025-05-30
4358,1610,5,Slow Charging,2025-07-24
4359,422,5,Slow Charging,2025-05-17
4360,1630,5,No Complaint,2025-09-08
4361,995,1,Payment Failure,2025-12-10
4362,458,3,No Complaint,2025-05-07
4363,1130,3,No Complaint,2025-09-29
4364,1853,5,No Complaint,2026-04-22
4365,632,1,Poor App Experience,2025-09-29
4366,1399,4,Slow Charging,2026-02-22
4367,1034,2,Poor App Experience,2026-05-02
4368,228,2,Long Wait Time,2025-10-21
4369,258,1,Port Not Working,2026-02-14
4370,954,2,Poor App Experience,2025-10-22
4371,848,1,Long Wait Time,2026-02-18
4372,1057,3,Slow Charging,2026-04-06
4373,1392,4,Slow Charging,2025-07-10
4374,1713,5,Slow Charging,2025-08-15
4375,1323,2,Slow Charging,2025-07-11
4376,1579,4,No Complaint,2025-06-26
4377,1655,2,Long Wait Time,2025-11-08
4378,431,2,Payment Failure,2025-08-26
4379,1260,3,No Complaint,2025-10-10
4380,1537,4,No Complaint,2025-10-28
4381,356,3,No Complaint,2025-08-06
4382,844,4,Slow Charging,2025-07-10
4383,1956,3,Slow Charging,2025-11-26
4384,1012,4,No Complaint,2025-12-19
4385,857,3,No Complaint,2025-12-18
4386,174,5,Slow Charging,2025-10-22
4387,1652,1,Slow Charging,2026-03-25
4388,1154,3,No Complaint,2025-05-12
4389,183,5,No Complaint,2026-02-17
4390,1659,5,Slow Charging,2025-09-09
4391,1866,3,No Complaint,2025-07-19
4392,1173,2,Poor App Experience,2025-07-15
4393,1994,2,Long Wait Time,2025-10-05
4394,1924,4,No Complaint,2025-10-14
4395,1731,1,Long Wait Time,2025-05-12
4396,837,5,No Complaint,2026-05-01
4397,1145,1,Payment Failure,2025-06-01
4398,1359,5,No Complaint,2026-02-06
4399,435,1,Poor App Experience,2025-05-07
4400,416,5,No Complaint,2025-06-22
4401,490,3,Slow Charging,2026-03-23
4402,1514,5,Slow Charging,2025-06-23
4403,479,4,No Complaint,2025-10-31
4404,496,3,No Complaint,2025-10-16
4405,700,5,No Complaint,2026-02-04
4406,1327,5,No Complaint,2026-02-15
4407,723,4,No Complaint,2026-01-04
4408,1270,2,Payment Failure,2026-03-19
4409,626,3,No Complaint,2025-06-17
4410,730,3,No Complaint,2025-12-14
4411,1481,2,Port Not Working,2025-11-24
4412,1769,2,Long Wait Time,2025-11-27
4413,1564,2,Slow Charging,2025-12-23
4414,1700,5,Slow Charging,2025-06-01
4415,828,4,Slow Charging,2026-03-27
4416,23,1,Slow Charging,2025-11-07
4417,662,3,No Complaint,2025-09-19
4418,1074,3,Slow Charging,2025-11-09
4419,230,2,Long Wait Time,2026-04-19
4420,1428,5,No Complaint,2025-06-28
4421,1646,4,No Complaint,2025-10-05
4422,256,4,No Complaint,2026-04-13
4423,1520,2,Long Wait Time,2025-10-14
4424,510,2,Poor App Experience,2025-05-23
4425,1982,2,Long Wait Time,2025-06-22
4426,1724,1,Poor App Experience,2025-10-06
4427,1635,1,Port Not Working,2026-02-21
4428,1201,5,No Complaint,2026-04-03
4429,288,3,No Complaint,2026-01-17
4430,1330,3,Slow Charging,2025-09-26
4431,1215,5,No Complaint,2025-11-25
4432,1071,2,Long Wait Time,2025-06-05
4433,128,5,No Complaint,2026-02-21
4434,137,1,Poor App Experience,2026-04-02
4435,764,2,Slow Charging,2025-12-09
4436,1642,2,Long Wait Time,2025-09-26
4437,1753,1,Slow Charging,2026-01-27
4438,101,5,Slow Charging,2025-10-21
4439,1833,3,No Complaint,2026-04-10
4440,1488,2,Port Not Working,2025-06-10
4441,489,1,Long Wait Time,2025-10-15
4442,733,1,Poor App Experience,2026-02-23
4443,1762,1,Slow Charging,2025-05-15
4444,1369,2,Payment Failure,2025-07-10
4445,496,1,Payment Failure,2026-03-05
4446,529,1,Slow Charging,2026-03-28
4447,1050,4,No Complaint,2026-04-20
4448,742,3,No Complaint,2025-09-24
4449,1689,1,Slow Charging,2026-02-15
4450,1504,3,No Complaint,2025-12-08
4451,631,4,No Complaint,2025-12-27
4452,1681,1,Long Wait Time,2026-01-02
4453,906,1,Slow Charging,2025-12-05
4454,1152,3,No Complaint,2025-08-08
4455,1640,4,No Complaint,2026-01-29
4456,1303,1,Payment Failure,2025-11-28
4457,284,3,No Complaint,2025-05-27
4458,865,4,Slow Charging,2025-08-11
4459,984,3,Slow Charging,2025-11-10
4460,558,5,Slow Charging,2025-09-12
4461,454,3,Slow Charging,2025-12-03
4462,787,4,Slow Charging,2025-10-13
4463,1190,1,Long Wait Time,2026-01-08
4464,1593,2,Payment Failure,2025-07-23
4465,586,5,No Complaint,2025-11-28
4466,1092,3,No Complaint,2026-02-19
4467,1384,4,Slow Charging,2025-11-30
4468,1071,1,Payment Failure,2025-11-05
4469,1356,5,No Complaint,2026-03-21
4470,1607,2,Payment Failure,2026-05-05
4471,998,1,Payment Failure,2025-09-03
4472,1255,5,No Complaint,2026-04-11
4473,165,2,Poor App Experience,2025-06-06
4474,1140,2,Port Not Working,2026-03-23
4475,1434,3,No Complaint,2026-02-21
4476,1293,1,Port Not Working,2025-11-21
4477,151,4,No Complaint,2026-01-28
4478,925,1,Long Wait Time,2025-11-15
4479,728,5,Slow Charging,2025-09-15
4480,365,1,Poor App Experience,2026-01-11
4481,121,1,Poor App Experience,2025-05-15
4482,1189,3,No Complaint,2025-05-06
4483,1194,5,No Complaint,2025-06-06
4484,1659,2,Port Not Working,2026-03-16
4485,893,1,Port Not Working,2026-03-12
4486,527,5,No Complaint,2026-03-02
4487,1809,2,Long Wait Time,2025-08-16
4488,292,4,No Complaint,2025-07-10
4489,412,2,Long Wait Time,2025-09-26
4490,315,3,Slow Charging,2026-02-08
4491,17,4,Slow Charging,2025-07-26
4492,1032,2,Payment Failure,2026-02-11
4493,782,4,Slow Charging,2025-12-19
4494,1354,4,No Complaint,2025-10-11
4495,401,3,No Complaint,2026-04-21
4496,858,3,Slow Charging,2025-11-20
4497,377,2,Slow Charging,2026-01-06
4498,1083,1,Port Not Working,2026-02-11
4499,1886,2,Payment Failure,2025-12-22
4500,903,1,Poor App Experience,2026-04-17
4501,436,3,No Complaint,2026-01-18
4502,1604,2,Poor App Experience,2025-05-27
4503,1200,3,No Complaint,2025-05-09
4504,1488,2,Poor App Experience,2025-10-05
4505,1614,3,No Complaint,2025-08-28
4506,1681,2,Payment Failure,2025-05-22
4507,471,1,Slow Charging,2025-07-17
4508,668,2,Port Not Working,2026-03-11
4509,184,4,No Complaint,2026-02-20
4510,787,5,No Complaint,2026-01-01
4511,11,2,Slow Charging,2025-07-26
4512,926,5,No Complaint,2025-05-24
4513,1047,1,Port Not Working,2025-05-15
4514,1222,4,Slow Charging,2025-10-29
4515,1593,1,Long Wait Time,2026-01-22
4516,1615,1,Poor App Experience,2025-06-28
4517,1236,4,No Complaint,2025-06-10
4518,1604,2,Payment Failure,2025-09-03
4519,1178,2,Poor App Experience,2026-04-28
4520,98,5,Slow Charging,2025-09-16
4521,1487,4,No Complaint,2026-02-28
4522,1002,5,No Complaint,2025-11-22
4523,1225,4,No Complaint,2025-07-08
4524,1338,2,Slow Charging,2025-05-26
4525,241,2,Payment Failure,2025-09-16
4526,850,1,Slow Charging,2025-06-18
4527,437,5,Slow Charging,2025-11-22
4528,1789,2,Long Wait Time,2025-05-17
4529,578,4,Slow Charging,2025-10-21
4530,178,2,Long Wait Time,2025-11-10
4531,1654,4,No Complaint,2025-05-29
4532,1761,5,Slow Charging,2025-12-29
4533,834,1,Long Wait Time,2025-08-26
4534,1519,3,No Complaint,2026-01-29
4535,1714,4,Slow Charging,2025-05-24
4536,1713,3,No Complaint,2025-07-24
4537,1260,5,No Complaint,2026-03-20
4538,615,5,No Complaint,2025-06-29
4539,581,1,Port Not Working,2025-07-01
4540,920,5,No Complaint,2025-07-07
4541,701,2,Long Wait Time,2025-07-24
4542,431,3,Slow Charging,2026-05-05
4543,588,1,Poor App Experience,2025-05-10
4544,116,2,Port Not Working,2025-07-27
4545,1133,2,Long Wait Time,2025-07-21
4546,1208,1,Slow Charging,2026-02-11
4547,1340,5,No Complaint,2025-09-26
4548,728,4,Slow Charging,2026-04-08
4549,1877,5,Slow Charging,2025-06-18
4550,1399,1,Long Wait Time,2025-07-12
4551,927,1,Port Not Working,2026-02-12
4552,1963,5,No Complaint,2026-05-01
4553,1245,4,No Complaint,2025-09-02
4554,1298,3,No Complaint,2026-01-02
4555,1549,2,Slow Charging,2025-05-27
4556,1597,5,No Complaint,2025-10-16
4557,1548,2,Port Not Working,2026-01-29
4558,545,4,Slow Charging,2025-05-14
4559,1971,1,Long Wait Time,2026-04-28
4560,1146,4,Slow Charging,2025-10-06
4561,1262,5,Slow Charging,2025-05-21
4562,1406,4,No Complaint,2026-05-02
4563,1102,4,No Complaint,2026-03-03
4564,165,3,No Complaint,2026-03-01
4565,788,2,Port Not Working,2025-06-07
4566,361,2,Port Not Working,2025-11-05
4567,389,5,No Complaint,2026-02-20
4568,1105,3,No Complaint,2025-07-30
4569,1606,4,No Complaint,2025-12-16
4570,1158,2,Long Wait Time,2026-01-05
4571,1584,5,No Complaint,2025-11-06
4572,1385,1,Long Wait Time,2026-03-10
4573,1011,2,Long Wait Time,2025-06-15
4574,1207,5,No Complaint,2025-07-23
4575,274,1,Long Wait Time,2025-11-18
4576,23,4,Slow Charging,2025-09-19
4577,447,2,Payment Failure,2026-05-01
4578,1131,2,Payment Failure,2026-01-02
4579,718,3,No Complaint,2025-07-11
4580,1759,5,Slow Charging,2026-01-07
4581,1021,1,Payment Failure,2026-01-26
4582,1929,1,Poor App Experience,2025-11-03
4583,1905,2,Port Not Working,2025-12-06
4584,774,3,No Complaint,2025-06-27
4585,1679,3,Slow Charging,2026-02-23
4586,1381,2,Slow Charging,2026-05-04
4587,770,4,Slow Charging,2026-01-17
4588,763,1,Slow Charging,2025-12-24
4589,370,4,Slow Charging,2026-02-05
4590,1952,4,Slow Charging,2026-04-21
4591,398,1,Poor App Experience,2026-03-18
4592,587,2,Poor App Experience,2025-12-01
4593,187,1,Long Wait Time,2025-08-30
4594,866,4,Slow Charging,2026-02-06
4595,1889,4,Slow Charging,2025-05-10
4596,1488,5,Slow Charging,2026-01-22
4597,1158,5,No Complaint,2026-03-05
4598,1744,3,Slow Charging,2026-02-22
4599,157,3,Slow Charging,2025-09-27
4600,1500,4,Slow Charging,2026-04-28
4601,46,1,Payment Failure,2025-10-23
4602,1990,3,No Complaint,2025-07-19
4603,1452,5,No Complaint,2025-06-15
4604,1962,2,Port Not Working,2026-02-24
4605,1095,4,No Complaint,2026-01-25
4606,512,4,No Complaint,2025-08-10
4607,1828,3,No Complaint,2025-06-25
4608,19,2,Long Wait Time,2026-03-24
4609,94,3,No Complaint,2025-06-03
4610,1463,2,Long Wait Time,2026-03-31
4611,1420,5,No Complaint,2025-12-16
4612,619,1,Port Not Working,2025-11-27
4613,1947,3,No Complaint,2026-03-26
4614,1713,2,Slow Charging,2026-04-18
4615,1688,3,Slow Charging,2026-03-18
4616,617,3,No Complaint,2026-03-03
4617,1516,4,No Complaint,2026-03-20
4618,1848,1,Poor App Experience,2025-11-13
4619,642,3,Slow Charging,2025-07-17
4620,485,1,Payment Failure,2026-03-14
4621,1874,4,No Complaint,2025-12-21
4622,1348,4,No Complaint,2025-11-20
4623,813,2,Payment Failure,2026-02-07
4624,1852,5,Slow Charging,2025-09-15
4625,202,5,No Complaint,2025-10-11
4626,962,1,Payment Failure,2026-03-14
4627,1670,3,Slow Charging,2025-12-08
4628,1574,3,No Complaint,2025-10-02
4629,1832,1,Poor App Experience,2025-08-17
4630,1426,2,Payment Failure,2025-12-04
4631,1694,4,Slow Charging,2025-12-04
4632,209,4,No Complaint,2025-09-07
4633,1149,4,Slow Charging,2026-02-28
4634,1858,1,Slow Charging,2025-09-18
4635,541,3,Slow Charging,2026-03-30
4636,163,2,Slow Charging,2025-10-10
4637,1685,5,No Complaint,2025-05-26
4638,596,2,Port Not Working,2026-02-14
4639,89,1,Payment Failure,2025-08-21
4640,673,4,Slow Charging,2025-06-27
4641,1760,4,No Complaint,2025-11-18
4642,1301,3,Slow Charging,2025-12-17
4643,1165,4,No Complaint,2025-10-27
4644,95,1,Slow Charging,2026-02-08
4645,1783,1,Slow Charging,2026-04-16
4646,442,3,Slow Charging,2025-11-18
4647,294,3,No Complaint,2025-06-27
4648,294,5,Slow Charging,2026-03-02
4649,1224,4,Slow Charging,2026-03-02
4650,1216,4,No Complaint,2025-11-07
4651,349,3,Slow Charging,2026-04-01
4652,768,3,No Complaint,2025-10-23
4653,288,5,No Complaint,2025-10-23
4654,395,5,No Complaint,2025-09-24
4655,1955,4,No Complaint,2026-02-02
4656,1942,2,Port Not Working,2025-05-06
4657,1181,4,No Complaint,2026-02-16
4658,1462,2,Port Not Working,2026-02-20
4659,1967,5,No Complaint,2025-10-06
4660,149,3,No Complaint,2025-05-28
4661,239,2,Slow Charging,2025-06-19
4662,1518,4,Slow Charging,2025-05-17
4663,880,3,Slow Charging,2025-06-25
4664,1663,2,Slow Charging,2026-01-20
4665,1401,5,No Complaint,2025-10-20
4666,420,4,Slow Charging,2026-05-02
4667,1750,4,Slow Charging,2026-03-11
4668,3,1,Payment Failure,2025-06-25
4669,137,4,No Complaint,2025-10-07
4670,1514,3,No Complaint,2025-11-27
4671,51,1,Slow Charging,2026-03-13
4672,611,3,No Complaint,2025-11-05
4673,1219,4,No Complaint,2025-09-27
4674,525,3,No Complaint,2025-11-30
4675,1331,4,Slow Charging,2025-08-18
4676,1484,4,No Complaint,2026-01-26
4677,1569,2,Long Wait Time,2025-08-19
4678,428,4,No Complaint,2026-01-28
4679,1061,5,No Complaint,2025-11-26
4680,445,1,Port Not Working,2025-05-26
4681,1360,4,Slow Charging,2025-06-28
4682,173,3,No Complaint,2025-07-21
4683,328,2,Slow Charging,2025-05-15
4684,543,4,No Complaint,2025-05-30
4685,1311,5,No Complaint,2026-03-16
4686,245,3,No Complaint,2025-05-21
4687,382,3,Slow Charging,2025-12-06
4688,1094,1,Poor App Experience,2025-12-14
4689,903,1,Poor App Experience,2025-12-17
4690,1301,5,No Complaint,2025-08-24
4691,1736,1,Payment Failure,2025-10-25
4692,509,2,Port Not Working,2025-09-24
4693,552,3,No Complaint,2025-09-10
4694,1866,1,Long Wait Time,2026-03-05
4695,320,1,Slow Charging,2025-10-29
4696,477,4,No Complaint,2025-09-08
4697,1544,1,Long Wait Time,2025-05-05
4698,1585,1,Poor App Experience,2025-06-19
4699,1517,2,Poor App Experience,2025-11-13
4700,88,5,Slow Charging,2026-01-02
4701,1129,5,No Complaint,2025-05-31
4702,1761,5,Slow Charging,2026-02-06
4703,81,2,Long Wait Time,2025-06-23
4704,50,3,No Complaint,2026-04-30
4705,1979,5,No Complaint,2025-10-17
4706,187,4,Slow Charging,2025-07-04
4707,1673,5,No Complaint,2025-12-01
4708,1303,3,Slow Charging,2025-11-27
4709,382,3,No Complaint,2026-02-02
4710,441,4,No Complaint,2025-08-13
4711,215,2,Slow Charging,2025-08-02
4712,372,4,Slow Charging,2026-03-02
4713,1963,5,No Complaint,2025-06-19
4714,778,5,No Complaint,2025-06-05
4715,968,2,Long Wait Time,2025-10-20
4716,8,2,Long Wait Time,2026-02-05
4717,143,2,Port Not Working,2026-03-13
4718,1976,2,Payment Failure,2026-05-05
4719,1501,4,No Complaint,2025-07-28
4720,1104,3,No Complaint,2026-01-20
4721,452,3,No Complaint,2025-07-15
4722,679,4,No Complaint,2025-10-21
4723,521,2,Long Wait Time,2026-04-29
4724,1539,1,Long Wait Time,2026-04-19
4725,1803,2,Port Not Working,2025-05-16
4726,457,5,No Complaint,2026-04-13
4727,1301,2,Long Wait Time,2025-07-21
4728,1474,4,No Complaint,2026-01-15
4729,91,5,No Complaint,2025-10-17
4730,954,1,Poor App Experience,2026-01-11
4731,421,2,Slow Charging,2025-10-09
4732,214,5,No Complaint,2026-03-19
4733,1444,4,Slow Charging,2026-01-29
4734,1507,5,No Complaint,2025-12-07
4735,1987,1,Payment Failure,2025-11-22
4736,358,2,Long Wait Time,2025-10-11
4737,1681,2,Slow Charging,2026-03-31
4738,227,5,Slow Charging,2025-11-15
4739,266,5,Slow Charging,2025-10-08
4740,1447,4,No Complaint,2025-07-26
4741,1073,2,Payment Failure,2025-05-29
4742,307,2,Port Not Working,2026-03-14
4743,1350,3,No Complaint,2025-08-14
4744,391,5,No Complaint,2026-01-21
4745,1941,5,Slow Charging,2025-11-14
4746,1461,5,Slow Charging,2026-02-04
4747,1458,4,No Complaint,2026-03-06
4748,772,1,Payment Failure,2025-10-10
4749,128,3,No Complaint,2025-11-12
4750,1072,1,Long Wait Time,2025-06-04
4751,641,1,Slow Charging,2025-07-10
4752,1412,4,No Complaint,2025-07-07
4753,679,2,Long Wait Time,2026-03-11
4754,47,2,Payment Failure,2026-01-16
4755,1447,5,No Complaint,2025-11-25
4756,1737,5,No Complaint,2025-05-22
4757,1020,3,No Complaint,2025-11-07
4758,167,3,No Complaint,2025-08-23
4759,1350,4,No Complaint,2025-12-08
4760,1704,2,Poor App Experience,2025-08-25
4761,1260,4,Slow Charging,2025-10-23
4762,270,4,No Complaint,2026-02-12
4763,30,4,No Complaint,2026-04-11
4764,1838,3,No Complaint,2025-09-03
4765,1986,2,Payment Failure,2025-11-25
4766,1568,4,No Complaint,2025-07-27
4767,1572,3,Slow Charging,2026-02-28
4768,146,4,Slow Charging,2025-12-23
4769,1785,5,Slow Charging,2025-09-25
4770,1598,2,Payment Failure,2026-02-07
4771,1646,4,No Complaint,2025-11-29
4772,1353,3,No Complaint,2025-09-12
4773,1655,2,Port Not Working,2025-07-09
4774,1040,1,Long Wait Time,2025-11-17
4775,243,2,Payment Failure,2026-04-22
4776,1090,2,Slow Charging,2025-07-08
4777,803,1,Poor App Experience,2025-07-30
4778,1490,2,Port Not Working,2026-04-11
4779,876,2,Slow Charging,2026-01-24
4780,1584,3,Slow Charging,2026-02-14
4781,1597,2,Poor App Experience,2025-10-13
4782,946,3,No Complaint,2025-07-26
4783,495,4,No Complaint,2025-08-25
4784,425,4,No Complaint,2025-12-07
4785,1282,3,No Complaint,2025-05-09
4786,1580,3,Slow Charging,2025-12-03
4787,1223,2,Poor App Experience,2025-09-03
4788,1514,4,No Complaint,2025-09-20
4789,529,1,Port Not Working,2025-05-13
4790,692,4,Slow Charging,2026-05-04
4791,709,2,Slow Charging,2026-01-01
4792,420,3,No Complaint,2026-05-01
4793,590,5,No Complaint,2025-06-10
4794,1209,1,Port Not Working,2025-12-21
4795,681,2,Port Not Working,2025-09-17
4796,1223,2,Poor App Experience,2025-06-15
4797,1865,5,Slow Charging,2025-06-30
4798,743,5,Slow Charging,2025-12-08
4799,1795,3,No Complaint,2025-08-12
4800,332,3,Slow Charging,2025-11-08
4801,1472,1,Port Not Working,2026-01-25
4802,998,2,Slow Charging,2026-04-20
4803,1327,1,Port Not Working,2026-01-21
4804,1682,4,Slow Charging,2025-09-23
4805,564,1,Long Wait Time,2025-06-10
4806,1617,2,Poor App Experience,2025-09-21
4807,1658,3,No Complaint,2026-02-16
4808,1137,4,Slow Charging,2025-10-27
4809,1472,4,No Complaint,2025-12-04
4810,1461,2,Long Wait Time,2025-11-05
4811,1567,4,No Complaint,2025-08-02
4812,436,5,No Complaint,2025-10-04
4813,1092,1,Poor App Experience,2025-09-10
4814,751,1,Slow Charging,2025-09-16
4815,1136,3,Slow Charging,2025-05-25
4816,179,5,No Complaint,2026-01-24
4817,253,3,No Complaint,2026-04-05
4818,477,5,No Complaint,2026-03-01
4819,793,4,No Complaint,2026-04-13
4820,119,4,No Complaint,2025-08-30
4821,755,3,Slow Charging,2025-12-24
4822,513,5,Slow Charging,2025-11-09
4823,1654,3,No Complaint,2026-04-16
4824,550,2,Poor App Experience,2025-09-22
4825,916,2,Payment Failure,2025-10-01
4826,1081,5,Slow Charging,2025-11-08
4827,1582,3,No Complaint,2026-03-04
4828,1417,1,Payment Failure,2026-05-02
4829,738,3,No Complaint,2025-08-26
4830,4,5,No Complaint,2025-12-04
4831,1592,3,No Complaint,2025-10-31
4832,626,1,Slow Charging,2025-12-25
4833,80,3,No Complaint,2026-01-06
4834,732,3,Slow Charging,2025-05-18
4835,1778,2,Slow Charging,2025-06-01
4836,862,3,No Complaint,2025-08-31
4837,1587,3,No Complaint,2025-11-04
4838,1627,2,Port Not Working,2026-04-25
4839,1561,2,Payment Failure,2026-02-21
4840,814,4,No Complaint,2025-11-24
4841,682,3,Slow Charging,2025-10-11
4842,1656,5,No Complaint,2025-08-13
4843,805,2,Payment Failure,2026-02-03
4844,185,1,Poor App Experience,2026-03-25
4845,660,1,Poor App Experience,2025-12-24
4846,1673,4,Slow Charging,2026-01-17
4847,20,5,No Complaint,2026-04-16
4848,1863,3,No Complaint,2025-11-27
4849,1513,5,Slow Charging,2025-10-20
4850,408,5,Slow Charging,2025-12-28
4851,1225,3,No Complaint,2025-05-11
4852,1725,5,No Complaint,2025-09-29
4853,1369,1,Port Not Working,2026-03-04
4854,1888,4,No Complaint,2025-10-28
4855,266,3,No Complaint,2025-09-27
4856,963,5,No Complaint,2026-01-10
4857,1148,4,No Complaint,2025-06-06
4858,1800,2,Payment Failure,2025-10-31
4859,1090,3,Slow Charging,2025-11-15
4860,995,5,Slow Charging,2025-08-18
4861,552,4,Slow Charging,2025-05-21
4862,1602,5,Slow Charging,2026-01-10
4863,1533,3,No Complaint,2026-03-23
4864,118,5,No Complaint,2026-01-20
4865,1372,4,No Complaint,2025-08-28
4866,528,5,No Complaint,2025-05-19
4867,1714,3,No Complaint,2025-09-03
4868,1196,3,Slow Charging,2025-09-15
4869,721,3,Slow Charging,2026-01-22
4870,309,5,Slow Charging,2026-04-05
4871,1327,3,Slow Charging,2025-10-04
4872,1537,3,Slow Charging,2025-09-05
4873,892,1,Long Wait Time,2025-08-01
4874,1357,1,Payment Failure,2026-03-06
4875,452,2,Payment Failure,2025-11-19
4876,791,2,Port Not Working,2025-09-06
4877,1374,4,No Complaint,2025-11-25
4878,1502,2,Poor App Experience,2026-04-17
4879,1985,5,No Complaint,2025-11-04
4880,1760,1,Port Not Working,2025-05-16
4881,40,5,No Complaint,2025-05-29
4882,1683,5,No Complaint,2025-07-11
4883,620,5,No Complaint,2025-09-20
4884,1160,1,Port Not Working,2026-04-19
4885,1397,3,No Complaint,2026-02-01
4886,1700,3,No Complaint,2026-01-10
4887,786,2,Payment Failure,2026-04-22
4888,1249,4,No Complaint,2025-10-11
4889,1943,3,No Complaint,2025-12-15
4890,1416,2,Long Wait Time,2025-09-25
4891,1852,3,No Complaint,2025-06-20
4892,176,1,Payment Failure,2025-05-14
4893,1013,2,Slow Charging,2026-01-03
4894,1004,1,Poor App Experience,2026-01-27
4895,1387,2,Payment Failure,2025-05-29
4896,814,3,No Complaint,2025-11-04
4897,478,2,Slow Charging,2025-12-17
4898,1054,1,Poor App Experience,2025-07-07
4899,1922,4,No Complaint,2025-07-15
4900,1947,3,Slow Charging,2025-06-25
4901,679,5,No Complaint,2026-03-16
4902,187,1,Port Not Working,2025-11-10
4903,411,2,Slow Charging,2025-08-16
4904,1229,5,No Complaint,2025-06-05
4905,263,4,No Complaint,2025-08-07
4906,1553,2,Payment Failure,2025-07-18
4907,787,4,Slow Charging,2025-09-13
4908,428,3,Slow Charging,2026-02-12
4909,1234,1,Payment Failure,2025-05-16
4910,110,1,Port Not Working,2025-11-13
4911,734,4,No Complaint,2026-04-13
4912,575,4,Slow Charging,2025-10-01
4913,450,1,Poor App Experience,2025-05-14
4914,8,4,Slow Charging,2025-11-14
4915,290,2,Payment Failure,2025-11-05
4916,179,1,Long Wait Time,2025-07-08
4917,1383,5,No Complaint,2025-10-20
4918,653,1,Slow Charging,2025-10-12
4919,446,4,No Complaint,2025-10-02
4920,94,4,No Complaint,2025-09-09
4921,1685,4,Slow Charging,2025-07-19
4922,843,2,Poor App Experience,2026-02-18
4923,21,2,Port Not Working,2026-01-31
4924,613,3,No Complaint,2025-08-08
4925,1571,4,No Complaint,2026-03-21
4926,1979,4,No Complaint,2025-07-29
4927,508,4,No Complaint,2025-08-20
4928,90,1,Long Wait Time,2025-05-30
4929,231,3,No Complaint,2025-08-30
4930,1004,1,Slow Charging,2026-02-27
4931,1569,4,No Complaint,2025-07-10
4932,1044,1,Slow Charging,2026-02-13
4933,294,4,No Complaint,2025-12-13
4934,1304,5,No Complaint,2025-11-10
4935,1517,5,Slow Charging,2025-08-21
4936,1133,2,Payment Failure,2025-09-09
4937,739,4,No Complaint,2026-04-28
4938,136,5,Slow Charging,2026-02-09
4939,545,2,Poor App Experience,2025-08-31
4940,671,5,Slow Charging,2026-04-28
4941,1830,3,No Complaint,2026-04-13
4942,510,3,No Complaint,2025-09-22
4943,461,3,Slow Charging,2025-10-14
4944,905,1,Port Not Working,2025-11-15
4945,455,5,No Complaint,2025-07-02
4946,150,5,No Complaint,2025-11-18
4947,1794,1,Long Wait Time,2026-04-15
4948,1357,4,No Complaint,2026-04-05
4949,1215,3,No Complaint,2025-05-23
4950,1572,3,No Complaint,2025-11-10
4951,1514,3,No Complaint,2025-12-27
4952,1679,1,Port Not Working,2026-03-02
4953,1164,1,Slow Charging,2025-11-05
4954,801,2,Poor App Experience,2025-10-23
4955,1883,2,Long Wait Time,2025-10-30
4956,741,5,Slow Charging,2026-04-20
4957,1531,5,No Complaint,2026-03-17
4958,295,3,Slow Charging,2025-12-29
4959,291,5,Slow Charging,2025-08-05
4960,336,5,No Complaint,2025-11-28
4961,133,2,Poor App Experience,2025-11-04
4962,239,4,Slow Charging,2025-09-15
4963,1862,5,No Complaint,2025-05-28
4964,1598,2,Slow Charging,2026-04-26
4965,528,2,Poor App Experience,2025-11-19
4966,1853,1,Poor App Experience,2025-10-30
4967,1713,3,No Complaint,2025-06-25
4968,1727,1,Long Wait Time,2026-02-05
4969,1336,4,Slow Charging,2026-03-09
4970,1072,3,No Complaint,2026-01-20
4971,1471,1,Payment Failure,2026-03-30
4972,994,4,Slow Charging,2026-03-25
4973,1936,3,No Complaint,2025-12-05
4974,223,3,No Complaint,2025-06-29
4975,670,5,No Complaint,2025-08-23
4976,1066,1,Port Not Working,2025-09-06
4977,352,2,Long Wait Time,2025-08-25
4978,346,4,Slow Charging,2026-01-10
4979,1181,2,Slow Charging,2025-07-29
4980,1120,4,No Complaint,2025-11-14
4981,268,4,Slow Charging,2025-11-23
4982,840,5,No Complaint,2026-04-09
4983,1496,2,Long Wait Time,2025-11-06
4984,896,4,Slow Charging,2025-12-21
4985,1126,5,No Complaint,2026-01-27
4986,1072,5,Slow Charging,2026-03-11
4987,1332,5,No Complaint,2025-09-05
4988,1744,2,Poor App Experience,2025-07-05
4989,1882,1,Long Wait Time,2025-09-16
4990,321,3,No Complaint,2026-01-21
4991,1173,2,Poor App Experience,2025-07-09
4992,150,2,Payment Failure,2026-04-28
4993,1656,2,Payment Failure,2025-06-09
4994,942,4,No Complaint,2026-01-14
4995,1912,3,No Complaint,2025-09-05
4996,888,4,No Complaint,2026-05-02
4997,1046,4,No Complaint,2025-05-28
4998,91,3,Slow Charging,2025-06-18
4999,98,4,Slow Charging,2025-10-22
5000,1010,5,Slow Charging,2026-03-19
